category,days_to_expiry,base_price,markdown_pct,price,units_sold
dairy,4,11.14,30,7.8,57.9
dairy,1,3.59,0,3.59,74.0
dairy,7,6.77,30,4.74,80.3
dairy,0,13.15,0,13.15,64.0
dairy,3,6.09,0,6.09,42.4
dairy,7,13.92,0,13.92,35.7
dairy,4,9.59,0,9.59,32.1
dairy,0,6.35,30,4.45,137.2
dairy,5,7.78,30,5.45,64.4
dairy,1,10.59,0,10.59,55.2
dairy,4,12.16,0,12.16,32.8
dairy,4,7.76,10,6.98,34.1
dairy,6,8.16,0,8.16,37.3
dairy,3,5.16,40,3.1,97.1
dairy,2,14.23,50,7.12,195.1
dairy,2,9.6,0,9.6,36.9
dairy,7,4.16,30,2.91,63.6
dairy,5,11.08,30,7.76,53.6
dairy,3,5.56,0,5.56,30.5
dairy,1,11.14,20,8.91,70.4
dairy,5,7.83,20,6.27,45.2
dairy,6,10.76,30,7.53,139.6
dairy,3,11.75,20,9.4,42.0
dairy,7,7.3,50,3.65,133.4
dairy,5,11.9,0,11.9,41.0
dairy,6,7.84,20,6.27,50.0
dairy,7,10.41,0,10.41,41.8
dairy,5,2.92,50,1.46,120.2
dairy,5,6.78,10,6.1,32.9
dairy,1,6.23,40,3.74,99.6
dairy,7,11.8,20,9.44,45.5
dairy,5,10.39,0,10.39,36.9
dairy,0,5.69,0,5.69,64.6
dairy,2,9.18,0,9.18,28.7
dairy,7,4.48,10,4.03,93.6
dairy,0,14.12,0,14.12,41.7
dairy,5,6.81,0,6.81,38.0
dairy,0,7.51,20,6.01,57.4
dairy,3,10.93,20,8.74,51.7
dairy,5,4.03,20,3.23,63.2
dairy,0,12.62,0,12.62,45.1
dairy,5,5.2,30,3.64,61.9
dairy,2,14.04,0,14.04,31.9
dairy,0,14.0,20,11.2,73.8
dairy,6,8.69,0,8.69,36.8
dairy,3,5.74,20,4.59,72.6
dairy,0,10.83,20,8.67,63.4
dairy,5,7.09,30,4.96,72.4
dairy,2,3.88,20,3.1,81.9
dairy,6,12.74,40,7.65,72.9
dairy,5,12.43,30,8.7,56.6
dairy,6,10.8,50,5.4,93.1
dairy,5,7.33,50,3.67,111.9
dairy,5,7.3,20,5.84,44.5
dairy,7,14.51,30,10.16,48.9
dairy,4,10.17,0,10.17,27.3
dairy,0,2.23,10,2.01,77.6
dairy,1,8.99,0,8.99,49.7
dairy,6,7.52,40,4.51,74.9
dairy,3,3.89,0,3.89,30.7
dairy,2,8.3,40,4.98,56.9
dairy,3,14.25,20,11.4,48.4
dairy,1,8.32,0,8.32,57.3
dairy,1,13.79,50,6.89,139.8
dairy,0,11.68,0,11.68,44.6
dairy,0,8.09,0,8.09,29.6
dairy,1,11.04,50,5.52,78.8
dairy,7,12.74,20,10.19,43.4
dairy,5,5.13,10,4.62,43.3
dairy,0,4.59,10,4.13,78.9
dairy,6,12.09,0,12.09,33.4
dairy,0,8.48,50,4.24,214.7
dairy,2,11.96,0,11.96,43.9
dairy,5,4.54,10,4.08,46.2
dairy,4,13.8,30,9.66,84.6
dairy,0,13.97,30,9.78,102.0
dairy,5,14.96,0,14.96,34.3
dairy,5,7.32,30,5.12,81.0
dairy,1,13.56,0,13.56,52.4
dairy,6,7.16,0,7.16,29.3
dairy,4,13.65,0,13.65,39.3
dairy,0,9.49,20,7.6,87.5
dairy,7,8.69,0,8.69,42.7
dairy,1,13.85,0,13.85,33.0
dairy,5,14.92,10,13.43,59.1
dairy,7,14.7,10,13.23,72.1
dairy,5,2.42,0,2.42,47.3
dairy,7,3.68,20,2.95,43.7
dairy,7,2.28,20,1.83,58.0
dairy,0,6.53,40,3.92,145.2
dairy,5,12.76,10,11.48,37.9
dairy,6,13.06,10,11.76,47.8
dairy,5,11.8,10,10.62,47.4
dairy,4,13.87,10,12.49,35.2
dairy,4,5.85,0,5.85,102.6
dairy,7,7.81,10,7.03,51.0
dairy,6,7.76,0,7.76,51.8
dairy,3,5.63,0,5.63,46.9
dairy,3,9.53,40,5.72,85.6
dairy,0,6.29,50,3.14,207.7
dairy,4,9.79,0,9.79,44.8
dairy,2,4.2,0,4.2,40.6
dairy,4,12.01,20,9.6,55.6
dairy,6,7.4,0,7.4,45.0
dairy,4,10.39,0,10.39,59.2
dairy,5,14.58,0,14.58,31.3
dairy,6,2.68,0,2.68,23.9
dairy,1,14.73,0,14.73,76.9
dairy,4,12.2,20,9.76,55.5
dairy,7,8.95,0,8.95,39.6
dairy,0,13.3,30,9.31,103.1
dairy,4,2.57,0,2.57,47.8
dairy,7,2.77,20,2.22,65.3
dairy,4,3.11,40,1.86,66.9
dairy,6,14.97,30,10.48,89.4
dairy,6,3.82,50,1.91,167.0
dairy,6,2.98,0,2.98,20.7
dairy,0,4.86,0,4.86,47.2
dairy,7,5.1,20,4.08,65.0
dairy,4,9.05,30,6.33,38.4
dairy,3,5.99,50,2.99,88.9
dairy,7,14.4,0,14.4,41.1
dairy,4,2.12,50,1.06,103.1
dairy,4,11.32,0,11.32,50.2
dairy,2,14.37,30,10.06,109.5
dairy,4,12.91,20,10.32,54.1
dairy,7,10.88,20,8.7,44.8
dairy,5,7.45,10,6.71,55.7
dairy,4,8.88,30,6.22,60.5
dairy,4,8.11,20,6.49,48.0
dairy,5,10.97,20,8.77,78.1
dairy,3,6.88,0,6.88,37.6
dairy,3,3.47,40,2.08,108.5
dairy,3,4.67,40,2.8,79.3
dairy,0,8.68,20,6.95,142.8
dairy,7,8.72,30,6.1,68.4
dairy,1,13.2,30,9.24,110.3
dairy,4,8.83,50,4.42,88.1
dairy,4,12.88,40,7.73,154.6
dairy,2,5.1,0,5.1,55.5
dairy,7,8.34,0,8.34,40.7
dairy,6,14.64,0,14.64,46.6
dairy,1,10.77,30,7.54,56.6
dairy,1,6.92,20,5.53,95.2
dairy,3,11.03,0,11.03,56.8
dairy,2,3.27,10,2.94,80.2
dairy,6,8.91,20,7.13,43.0
dairy,4,3.38,0,3.38,48.6
dairy,7,12.07,20,9.65,43.0
dairy,3,6.03,20,4.82,59.5
dairy,5,2.49,0,2.49,40.5
dairy,3,9.76,50,4.88,82.6
dairy,6,10.46,10,9.42,52.2
dairy,4,14.99,10,13.49,46.4
dairy,0,14.83,10,13.34,46.8
dairy,0,9.6,0,9.6,61.4
dairy,3,11.52,10,10.37,67.6
dairy,6,11.81,30,8.27,62.0
dairy,6,10.48,30,7.34,45.5
dairy,1,3.36,10,3.03,93.4
dairy,6,4.16,20,3.33,81.6
dairy,1,8.58,30,6.0,83.6
dairy,3,3.34,10,3.01,52.1
dairy,3,10.97,20,8.78,75.2
dairy,3,9.31,10,8.38,38.6
dairy,0,4.39,0,4.39,41.9
dairy,5,6.47,10,5.82,47.6
dairy,5,8.03,10,7.23,73.1
dairy,3,12.52,50,6.26,103.4
dairy,2,7.26,30,5.08,104.6
dairy,4,6.43,40,3.86,80.0
dairy,7,5.99,50,2.99,86.3
dairy,1,2.9,20,2.32,46.5
dairy,1,13.44,20,10.75,55.2
dairy,5,11.22,30,7.86,65.2
dairy,2,14.25,20,11.4,67.1
dairy,2,5.52,40,3.31,102.0
dairy,2,7.7,0,7.7,57.2
dairy,5,7.51,0,7.51,61.8
dairy,1,2.76,30,1.93,79.2
dairy,5,9.55,50,4.78,106.0
dairy,0,13.43,0,13.43,82.7
dairy,6,2.34,0,2.34,38.1
dairy,0,3.96,0,3.96,45.0
dairy,3,4.4,30,3.08,108.4
dairy,3,13.23,40,7.94,84.7
dairy,5,6.62,10,5.96,53.7
dairy,2,9.96,0,9.96,56.2
dairy,3,6.18,0,6.18,43.1
dairy,7,8.42,0,8.42,43.2
dairy,6,11.59,10,10.43,41.5
dairy,5,11.98,30,8.39,50.5
dairy,7,11.28,50,5.64,101.1
dairy,7,13.03,20,10.42,73.5
dairy,2,13.1,50,6.55,211.3
dairy,6,6.65,0,6.65,44.9
dairy,0,13.48,0,13.48,47.5
dairy,5,6.98,40,4.19,89.3
dairy,6,7.96,40,4.78,72.0
dairy,6,3.69,0,3.69,26.1
dairy,5,3.35,0,3.35,34.1
dairy,3,11.2,30,7.84,59.4
dairy,5,4.58,0,4.58,40.6
dairy,5,2.29,50,1.15,94.7
dairy,6,10.88,20,8.7,75.8
dairy,3,14.49,30,10.14,53.9
dairy,4,13.36,0,13.36,34.4
dairy,2,8.04,40,4.82,142.8
dairy,6,4.24,30,2.97,46.5
dairy,2,11.18,30,7.82,57.8
dairy,1,7.25,0,7.25,43.8
dairy,4,5.7,30,3.99,80.1
dairy,5,3.27,0,3.27,57.2
dairy,6,10.59,10,9.53,41.0
dairy,7,8.91,0,8.91,31.4
dairy,2,11.75,0,11.75,50.2
dairy,2,6.3,30,4.41,72.2
dairy,7,8.11,10,7.3,40.3
dairy,7,12.95,10,11.65,49.1
dairy,4,13.43,50,6.71,80.4
dairy,4,12.73,30,8.91,62.0
dairy,1,7.32,0,7.32,41.9
dairy,7,11.35,20,9.08,50.6
dairy,0,14.48,20,11.59,75.1
dairy,2,5.51,0,5.51,41.9
dairy,4,5.31,0,5.31,48.5
dairy,2,13.78,30,9.64,64.3
dairy,7,8.75,40,5.25,81.5
dairy,2,8.79,50,4.4,123.7
dairy,5,6.44,0,6.44,32.8
dairy,5,8.13,50,4.07,137.3
dairy,7,11.0,0,11.0,31.9
dairy,0,10.7,0,10.7,60.4
dairy,5,12.51,10,11.26,32.0
dairy,7,7.11,30,4.98,67.6
dairy,4,11.29,50,5.65,182.7
dairy,4,10.57,0,10.57,33.1
dairy,5,2.08,0,2.08,51.0
dairy,5,12.58,20,10.06,65.8
dairy,7,2.57,0,2.57,49.7
dairy,4,9.76,50,4.88,81.8
dairy,0,7.68,40,4.61,89.5
dairy,7,7.85,50,3.92,131.8
dairy,0,14.69,10,13.22,71.6
dairy,6,10.85,0,10.85,39.4
dairy,0,10.64,0,10.64,58.0
dairy,0,8.15,50,4.08,144.3
dairy,7,12.58,20,10.06,40.5
dairy,6,14.9,50,7.45,93.1
dairy,1,11.96,0,11.96,56.2
dairy,7,12.33,40,7.4,79.0
dairy,4,8.04,10,7.24,34.9
dairy,5,11.5,0,11.5,34.5
dairy,6,10.75,10,9.68,60.6
dairy,4,12.59,10,11.33,42.6
dairy,3,10.7,30,7.49,73.6
dairy,4,8.73,40,5.24,53.4
dairy,3,14.97,0,14.97,48.3
dairy,3,10.21,40,6.12,81.8
dairy,0,5.23,30,3.66,66.4
dairy,2,6.05,0,6.05,40.6
dairy,2,2.19,20,1.75,52.2
dairy,6,3.97,0,3.97,46.9
dairy,6,9.61,20,7.68,62.5
dairy,4,14.26,30,9.98,78.1
dairy,7,6.06,10,5.46,46.2
dairy,4,7.15,30,5.0,28.5
dairy,3,9.52,0,9.52,32.8
dairy,2,10.69,40,6.41,83.5
dairy,4,5.59,30,3.91,101.9
dairy,0,13.96,20,11.17,83.5
dairy,0,12.08,10,10.87,80.2
dairy,6,4.03,0,4.03,36.9
dairy,5,10.98,40,6.59,124.1
dairy,5,5.0,40,3.0,77.6
dairy,2,13.36,0,13.36,68.0
dairy,7,6.56,50,3.28,94.1
dairy,0,11.33,0,11.33,60.7
dairy,6,14.24,50,7.12,261.9
dairy,2,4.91,40,2.94,95.5
dairy,3,8.71,0,8.71,48.9
dairy,3,10.38,50,5.19,105.9
dairy,2,3.02,0,3.02,51.4
dairy,3,11.86,20,9.49,56.1
dairy,6,4.51,40,2.71,105.8
dairy,3,2.77,10,2.49,78.6
dairy,2,5.45,20,4.36,38.2
dairy,3,10.54,20,8.43,71.0
dairy,1,4.43,10,3.98,76.0
dairy,3,9.19,0,9.19,85.6
dairy,3,14.78,0,14.78,50.7
dairy,3,4.35,10,3.91,72.1
dairy,3,5.69,0,5.69,67.3
dairy,1,13.93,0,13.93,72.5
dairy,0,10.11,0,10.11,83.4
dairy,1,8.72,40,5.23,78.3
dairy,5,7.73,30,5.41,52.2
dairy,0,11.71,10,10.54,50.0
dairy,5,3.49,20,2.8,71.9
dairy,4,10.09,50,5.04,151.1
dairy,5,12.2,0,12.2,39.5
dairy,0,7.02,20,5.62,89.7
dairy,6,13.16,40,7.9,114.5
dairy,4,8.77,0,8.77,38.4
dairy,4,14.94,0,14.94,27.2
dairy,3,7.82,10,7.04,44.0
dairy,0,4.82,10,4.33,56.9
dairy,7,5.09,50,2.55,81.6
dairy,2,3.98,0,3.98,49.4
dairy,5,5.68,20,4.55,129.7
dairy,0,10.13,30,7.09,97.9
dairy,4,7.05,20,5.64,76.9
dairy,7,11.15,0,11.15,28.7
dairy,3,2.68,10,2.41,66.5
dairy,7,9.47,50,4.73,77.8
dairy,6,9.9,0,9.9,32.5
dairy,3,2.93,0,2.93,52.7
dairy,3,11.76,0,11.76,36.9
dairy,6,13.69,20,10.95,55.1
dairy,2,4.93,0,4.93,36.3
dairy,2,14.02,20,11.22,70.5
dairy,4,13.06,10,11.75,48.0
dairy,6,13.74,40,8.25,68.8
dairy,2,2.6,20,2.08,47.6
dairy,5,4.72,10,4.25,41.6
dairy,7,3.88,0,3.88,56.0
dairy,4,14.82,30,10.38,60.7
dairy,2,9.81,40,5.89,75.9
dairy,2,3.24,0,3.24,56.6
dairy,5,3.37,0,3.37,38.1
dairy,7,8.88,0,8.88,41.4
dairy,6,6.11,20,4.89,69.2
dairy,2,11.9,40,7.14,115.1
dairy,5,3.07,0,3.07,31.1
dairy,0,3.73,0,3.73,56.0
dairy,4,11.36,10,10.22,48.4
dairy,2,11.69,40,7.02,78.9
dairy,7,10.02,0,10.02,47.0
dairy,1,6.63,50,3.31,83.5
dairy,4,11.43,10,10.29,56.2
dairy,4,6.9,40,4.14,157.1
dairy,2,10.4,50,5.2,145.2
dairy,3,4.61,50,2.3,118.2
dairy,7,5.52,50,2.76,74.7
dairy,3,10.63,0,10.63,33.7
dairy,7,4.23,0,4.23,42.7
dairy,1,6.75,0,6.75,49.0
dairy,2,8.49,0,8.49,37.5
dairy,6,3.93,50,1.97,117.0
dairy,4,9.06,30,6.34,57.3
dairy,6,13.59,0,13.59,45.9
dairy,3,13.74,40,8.24,159.2
dairy,3,10.74,20,8.59,52.3
dairy,0,2.1,20,1.68,94.3
dairy,7,13.09,0,13.09,57.3
dairy,4,6.19,0,6.19,36.7
dairy,5,12.96,0,12.96,38.7
dairy,3,6.36,20,5.09,77.2
dairy,0,7.61,10,6.85,111.5
dairy,7,14.2,50,7.1,65.2
dairy,7,14.67,10,13.21,40.5
dairy,4,2.5,20,2.0,53.7
dairy,6,2.82,20,2.26,83.0
dairy,7,8.29,0,8.29,28.2
dairy,0,10.3,20,8.24,65.0
dairy,2,2.92,40,1.75,51.5
dairy,0,2.87,20,2.29,68.9
dairy,3,8.07,30,5.65,87.2
dairy,7,10.9,0,10.9,38.0
dairy,1,3.32,0,3.32,87.2
dairy,4,13.18,0,13.18,31.2
dairy,4,6.14,0,6.14,39.8
dairy,2,12.46,0,12.46,55.1
dairy,3,11.04,30,7.73,79.8
dairy,3,3.53,0,3.53,53.4
dairy,1,10.31,10,9.28,74.4
dairy,7,10.15,0,10.15,40.0
dairy,5,10.48,0,10.48,47.1
dairy,5,4.4,20,3.52,52.6
dairy,1,11.33,0,11.33,61.9
dairy,6,2.74,30,1.92,55.4
dairy,2,14.55,40,8.73,118.8
dairy,4,8.58,10,7.72,55.6
dairy,7,10.76,30,7.53,62.6
dairy,7,13.55,20,10.84,57.2
dairy,2,10.2,20,8.16,70.8
dairy,3,5.07,20,4.06,47.7
dairy,5,8.04,20,6.43,70.5
dairy,0,12.85,30,9.0,98.6
dairy,7,6.91,30,4.84,56.5
dairy,2,7.4,10,6.66,50.6
dairy,4,11.89,0,11.89,49.0
dairy,1,3.35,10,3.02,54.2
dairy,1,11.19,0,11.19,50.6
dairy,5,5.41,40,3.24,74.1
dairy,1,12.42,10,11.18,44.9
dairy,0,8.0,30,5.6,91.6
dairy,5,3.11,0,3.11,33.7
dairy,6,7.94,10,7.15,25.7
dairy,0,8.16,20,6.52,120.5
dairy,2,13.93,30,9.75,67.4
dairy,2,6.81,20,5.44,70.8
dairy,7,6.85,0,6.85,34.0
dairy,2,12.06,50,6.03,92.0
dairy,6,2.65,20,2.12,45.9
dairy,0,11.26,40,6.76,130.2
dairy,0,6.9,50,3.45,148.9
dairy,1,11.93,0,11.93,46.2
dairy,3,12.76,40,7.66,78.8
dairy,2,7.43,0,7.43,69.4
dairy,2,6.25,10,5.63,34.1
dairy,0,6.67,40,4.0,146.0
dairy,3,9.5,10,8.55,45.0
dairy,2,13.23,10,11.91,68.6
dairy,0,8.19,0,8.19,54.2
dairy,0,13.34,0,13.34,50.4
dairy,0,11.3,30,7.91,89.3
dairy,0,9.41,0,9.41,54.0
dairy,4,11.58,30,8.11,101.9
dairy,1,3.45,0,3.45,35.7
dairy,3,13.13,30,9.19,62.8
dairy,0,11.41,30,7.99,100.2
dairy,3,8.37,0,8.37,67.1
dairy,0,11.99,20,9.59,73.3
dairy,0,12.28,50,6.14,115.9
dairy,2,4.71,20,3.77,68.7
dairy,2,8.0,0,8.0,34.4
dairy,3,4.54,20,3.63,51.0
dairy,2,7.84,30,5.49,133.8
dairy,1,10.95,30,7.66,65.4
dairy,5,10.22,0,10.22,35.9
dairy,5,4.76,40,2.86,77.1
dairy,2,13.65,30,9.56,60.3
dairy,6,12.43,10,11.19,60.3
dairy,7,11.81,30,8.27,53.0
dairy,1,14.9,10,13.41,103.5
dairy,5,14.86,50,7.43,74.8
dairy,5,14.29,30,10.0,64.4
dairy,5,14.23,30,9.96,72.5
dairy,0,12.61,20,10.09,87.7
dairy,3,7.51,50,3.75,149.8
dairy,0,8.46,40,5.08,99.1
dairy,7,2.87,0,2.87,52.0
dairy,4,7.0,20,5.6,84.6
dairy,2,11.58,20,9.26,71.7
dairy,7,6.43,50,3.22,149.1
dairy,6,14.4,0,14.4,41.5
dairy,3,5.85,10,5.27,50.4
dairy,5,7.11,20,5.69,46.3
dairy,1,10.52,0,10.52,57.4
dairy,1,5.41,30,3.79,73.8
dairy,5,8.33,0,8.33,41.8
dairy,7,12.92,30,9.04,123.8
dairy,7,7.31,0,7.31,43.0
dairy,3,4.98,0,4.98,62.0
dairy,1,11.4,0,11.4,42.8
dairy,3,4.89,50,2.44,80.6
dairy,0,4.18,20,3.35,121.6
dairy,7,10.11,20,8.09,45.6
dairy,6,12.06,10,10.86,40.6
dairy,1,11.05,0,11.05,39.3
dairy,4,13.44,20,10.76,64.2
dairy,0,6.25,40,3.75,61.9
dairy,1,11.06,0,11.06,77.6
dairy,5,6.48,20,5.18,36.7
dairy,5,11.13,50,5.56,141.1
dairy,0,3.81,30,2.67,86.5
dairy,1,5.2,0,5.2,55.1
dairy,1,14.87,0,14.87,40.5
dairy,1,8.85,0,8.85,47.0
dairy,5,5.8,10,5.22,55.8
dairy,6,8.69,30,6.08,96.2
dairy,5,6.75,10,6.07,71.6
dairy,4,8.28,40,4.97,84.2
dairy,1,12.41,50,6.21,126.0
dairy,1,11.52,0,11.52,48.3
dairy,5,2.27,40,1.36,63.9
dairy,1,4.31,0,4.31,34.5
dairy,0,7.51,30,5.26,99.4
dairy,4,11.91,20,9.52,50.0
dairy,2,9.58,20,7.67,48.9
dairy,1,13.5,50,6.75,152.2
dairy,0,3.38,30,2.36,124.3
dairy,1,13.47,20,10.78,114.8
dairy,0,12.22,20,9.78,84.5
dairy,0,14.36,20,11.49,107.7
dairy,4,11.64,10,10.47,33.8
dairy,5,4.6,40,2.76,89.9
dairy,1,5.81,0,5.81,66.4
dairy,3,6.95,0,6.95,35.5
dairy,0,13.15,30,9.21,62.3
dairy,1,14.6,0,14.6,57.7
dairy,0,2.62,20,2.1,96.9
dairy,1,2.21,50,1.11,131.1
dairy,0,8.56,10,7.7,53.2
dairy,7,11.86,0,11.86,45.4
dairy,6,4.35,0,4.35,37.3
dairy,4,12.57,0,12.57,31.9
dairy,0,9.53,20,7.63,47.5
dairy,6,2.71,30,1.89,65.7
dairy,2,11.88,40,7.13,157.0
dairy,5,10.24,20,8.19,99.3
dairy,2,14.12,50,7.06,109.8
dairy,0,2.67,40,1.6,77.7
dairy,4,5.73,30,4.01,67.7
dairy,5,11.72,20,9.38,75.6
dairy,2,2.3,30,1.61,76.4
dairy,4,7.53,10,6.78,36.0
dairy,0,4.48,0,4.48,43.4
dairy,7,6.32,10,5.69,52.0
dairy,0,7.23,0,7.23,45.4
dairy,3,5.1,10,4.59,41.8
dairy,6,4.97,0,4.97,47.1
dairy,5,4.71,20,3.77,73.1
dairy,0,7.57,10,6.81,81.3
dairy,4,6.91,0,6.91,40.9
dairy,4,5.48,20,4.38,92.0
dairy,5,3.58,40,2.15,80.3
dairy,7,12.64,20,10.11,65.5
dairy,4,4.89,0,4.89,47.1
dairy,7,11.35,20,9.08,60.7
dairy,0,8.83,10,7.95,84.6
dairy,3,5.91,0,5.91,46.0
dairy,2,7.38,0,7.38,39.7
dairy,7,9.41,20,7.53,41.7
dairy,7,8.06,50,4.03,119.6
dairy,2,3.62,0,3.62,38.5
dairy,3,2.79,20,2.24,79.8
dairy,6,11.69,30,8.18,57.5
dairy,7,7.29,20,5.83,75.5
dairy,3,9.94,50,4.97,112.7
dairy,2,10.24,0,10.24,49.1
dairy,6,9.24,10,8.32,38.8
dairy,2,7.88,0,7.88,43.4
dairy,6,12.92,0,12.92,43.9
dairy,5,3.15,0,3.15,49.7
dairy,2,5.73,20,4.58,83.0
dairy,1,6.91,0,6.91,50.0
dairy,7,5.93,0,5.93,50.0
dairy,6,7.67,10,6.91,76.8
dairy,7,3.74,50,1.87,106.8
dairy,2,4.85,50,2.42,128.1
dairy,6,6.33,20,5.06,70.8
dairy,3,11.97,50,5.98,197.4
dairy,1,10.42,10,9.38,79.0
dairy,2,7.09,10,6.38,65.0
dairy,0,8.75,10,7.88,64.9
dairy,3,14.29,20,11.43,59.3
dairy,7,10.66,20,8.53,58.8
dairy,0,9.39,0,9.39,57.8
dairy,4,10.01,0,10.01,33.3
dairy,2,5.97,30,4.18,52.2
dairy,6,5.59,10,5.03,54.4
dairy,5,10.13,20,8.1,54.7
dairy,0,12.65,0,12.65,66.2
dairy,4,13.64,0,13.64,44.0
dairy,2,5.73,40,3.44,92.7
dairy,7,13.43,30,9.4,61.6
dairy,6,6.22,0,6.22,39.8
dairy,7,4.4,20,3.52,54.1
dairy,5,3.86,30,2.7,45.7
dairy,4,12.95,0,12.95,38.2
dairy,2,7.28,20,5.82,80.0
dairy,0,14.17,0,14.17,70.6
dairy,6,7.87,0,7.87,36.4
dairy,3,2.73,0,2.73,36.9
dairy,0,7.84,0,7.84,48.5
dairy,0,12.22,50,6.11,190.8
dairy,0,12.81,0,12.81,61.8
dairy,6,7.93,20,6.34,41.9
dairy,4,14.88,40,8.93,124.9
dairy,4,13.73,0,13.73,37.7
dairy,7,7.1,0,7.1,35.8
dairy,7,10.43,10,9.39,41.2
dairy,5,12.18,20,9.74,70.5
dairy,2,5.76,10,5.19,40.5
dairy,7,4.05,10,3.64,32.1
dairy,0,6.28,0,6.28,41.8
dairy,6,8.09,0,8.09,34.3
dairy,2,12.35,10,11.11,68.2
dairy,4,3.47,0,3.47,46.9
dairy,7,5.28,30,3.69,73.3
dairy,7,11.34,30,7.94,63.6
dairy,4,11.32,0,11.32,45.6
dairy,2,14.49,10,13.04,51.9
dairy,6,6.64,0,6.64,26.7
dairy,1,12.02,40,7.21,86.6
dairy,6,13.79,10,12.41,51.2
dairy,3,8.61,50,4.3,70.8
dairy,1,12.12,10,10.91,42.9
dairy,3,12.31,50,6.16,161.4
dairy,5,11.38,30,7.96,51.1
dairy,1,5.64,30,3.95,79.7
dairy,7,6.68,30,4.68,64.8
dairy,0,5.13,0,5.13,68.6
dairy,5,5.83,40,3.5,61.4
dairy,0,14.63,10,13.17,73.3
dairy,3,14.69,0,14.69,35.5
dairy,0,3.22,10,2.9,83.9
dairy,1,9.32,20,7.46,83.7
dairy,2,6.7,20,5.36,65.5
dairy,1,3.3,0,3.3,41.8
dairy,1,8.18,10,7.36,47.6
dairy,2,12.53,20,10.03,42.3
dairy,3,11.65,50,5.83,68.8
dairy,7,14.61,20,11.69,49.8
dairy,3,9.9,40,5.94,77.3
dairy,4,12.82,0,12.82,29.4
dairy,3,14.98,0,14.98,106.9
dairy,6,3.27,0,3.27,53.2
dairy,6,8.8,0,8.8,36.2
dairy,6,8.0,20,6.4,57.6
dairy,7,5.5,0,5.5,50.7
dairy,6,14.28,50,7.14,79.8
dairy,2,10.59,50,5.29,126.9
dairy,4,8.38,40,5.03,83.7
dairy,5,14.99,50,7.49,67.0
dairy,3,10.24,0,10.24,42.9
dairy,7,14.36,10,12.93,44.7
dairy,2,9.83,0,9.83,80.0
dairy,0,3.01,20,2.41,55.6
dairy,2,11.07,0,11.07,36.7
dairy,7,9.73,10,8.76,60.9
dairy,0,9.46,10,8.52,68.3
dairy,7,12.16,10,10.95,40.7
dairy,4,8.1,20,6.48,53.5
dairy,4,3.4,40,2.04,70.2
dairy,4,14.25,40,8.55,116.0
dairy,6,4.06,20,3.25,82.4
dairy,5,12.03,10,10.83,50.8
dairy,2,6.82,30,4.77,61.9
dairy,0,6.24,40,3.74,115.8
dairy,6,9.69,0,9.69,28.9
dairy,6,14.43,40,8.66,76.3
dairy,2,13.65,0,13.65,42.9
dairy,7,6.28,40,3.77,63.8
dairy,2,10.17,50,5.09,99.3
dairy,2,11.7,0,11.7,46.8
dairy,6,11.18,0,11.18,29.7
dairy,3,5.24,0,5.24,38.9
dairy,5,11.92,0,11.92,51.4
dairy,0,11.8,30,8.26,98.6
dairy,2,5.29,0,5.29,59.3
dairy,7,12.03,50,6.01,90.1
dairy,7,5.22,10,4.7,57.1
dairy,3,13.95,40,8.37,136.9
dairy,7,5.33,0,5.33,38.6
dairy,7,10.09,50,5.05,125.6
dairy,5,10.11,10,9.1,72.3
dairy,5,7.64,20,6.11,63.2
dairy,0,10.69,0,10.69,57.8
dairy,4,2.02,20,1.62,64.3
dairy,6,3.6,0,3.6,23.4
dairy,4,6.0,30,4.2,49.6
dairy,6,11.49,50,5.74,60.0
dairy,6,9.74,0,9.74,23.6
dairy,3,13.02,20,10.41,41.2
dairy,6,12.84,20,10.27,39.9
dairy,3,13.36,40,8.02,99.6
dairy,4,9.5,10,8.55,56.2
dairy,2,14.64,0,14.64,47.9
dairy,0,2.51,20,2.01,49.4
dairy,5,10.61,50,5.31,74.8
dairy,6,3.4,40,2.04,83.4
dairy,3,5.73,30,4.01,66.3
dairy,2,10.87,20,8.7,69.0
dairy,4,3.13,0,3.13,33.9
dairy,5,9.82,0,9.82,44.1
dairy,3,5.7,20,4.56,58.7
dairy,7,3.46,0,3.46,42.3
dairy,1,4.1,0,4.1,32.8
dairy,1,3.21,50,1.6,162.7
dairy,2,2.73,0,2.73,53.5
dairy,0,9.29,0,9.29,40.3
dairy,7,7.65,0,7.65,49.3
dairy,0,5.27,10,4.74,58.2
dairy,7,11.39,10,10.25,48.5
dairy,2,4.97,50,2.48,123.8
dairy,6,12.74,50,6.37,54.9
dairy,6,4.48,30,3.14,82.1
dairy,4,6.3,0,6.3,37.3
dairy,5,3.83,20,3.07,41.2
dairy,2,7.84,40,4.7,113.7
dairy,0,5.52,40,3.31,96.0
dairy,2,4.34,0,4.34,32.3
dairy,5,2.82,0,2.82,49.9
dairy,7,10.59,30,7.41,52.1
dairy,2,13.41,0,13.41,32.9
dairy,4,14.29,0,14.29,35.8
dairy,1,7.13,30,4.99,76.8
dairy,3,9.14,30,6.4,82.8
dairy,1,10.53,20,8.43,43.5
dairy,3,10.6,0,10.6,43.1
dairy,3,14.67,0,14.67,42.3
dairy,1,10.68,50,5.34,96.8
dairy,4,7.66,10,6.89,35.7
dairy,4,11.83,30,8.28,101.8
dairy,5,4.63,50,2.32,103.0
dairy,2,13.25,50,6.62,102.0
dairy,4,13.71,0,13.71,24.8
dairy,2,5.81,0,5.81,57.9
dairy,1,14.33,40,8.6,112.2
dairy,2,7.98,0,7.98,47.3
dairy,1,12.24,10,11.01,56.0
dairy,4,8.41,0,8.41,34.4
dairy,1,13.65,0,13.65,51.4
dairy,2,13.17,20,10.53,63.0
dairy,2,14.79,30,10.35,70.3
dairy,5,10.54,0,10.54,30.6
dairy,2,7.29,0,7.29,55.6
dairy,3,9.97,30,6.98,57.2
dairy,1,3.44,30,2.41,123.0
dairy,4,6.62,0,6.62,32.0
dairy,7,2.33,0,2.33,44.7
dairy,6,7.86,0,7.86,54.2
dairy,4,9.78,20,7.82,72.1
dairy,1,13.68,50,6.84,77.8
dairy,0,14.79,0,14.79,42.6
dairy,0,14.22,30,9.95,75.5
dairy,1,10.73,10,9.66,84.8
dairy,5,11.36,10,10.22,38.9
dairy,0,12.26,0,12.26,46.4
dairy,2,13.06,0,13.06,43.0
dairy,3,13.41,0,13.41,29.6
dairy,4,8.2,0,8.2,59.5
dairy,3,14.68,10,13.21,50.6
dairy,2,4.14,0,4.14,52.6
dairy,6,13.83,0,13.83,32.3
dairy,5,5.55,20,4.44,50.0
dairy,5,8.99,50,4.49,161.5
dairy,4,13.0,0,13.0,40.9
dairy,7,7.16,0,7.16,52.2
dairy,5,12.48,10,11.23,50.5
dairy,2,5.76,50,2.88,84.7
dairy,0,5.8,40,3.48,75.3
dairy,4,11.46,30,8.02,91.9
dairy,7,9.75,10,8.78,34.8
dairy,5,4.73,40,2.84,94.0
dairy,3,12.7,0,12.7,41.0
dairy,7,12.18,50,6.09,88.6
dairy,7,14.15,0,14.15,30.1
dairy,5,3.87,0,3.87,49.1
dairy,1,8.71,0,8.71,77.7
dairy,0,13.92,30,9.75,79.0
dairy,6,4.78,20,3.82,78.5
dairy,2,4.26,0,4.26,76.8
dairy,1,14.78,0,14.78,77.1
dairy,2,5.98,0,5.98,45.1
dairy,1,5.88,50,2.94,136.5
dairy,4,9.77,30,6.84,89.4
dairy,1,8.3,30,5.81,90.5
dairy,6,5.94,0,5.94,35.0
dairy,4,3.65,0,3.65,42.3
dairy,0,2.27,20,1.81,124.6
dairy,0,5.96,0,5.96,47.4
dairy,4,7.36,0,7.36,39.3
dairy,4,14.94,40,8.97,79.8
dairy,3,10.23,10,9.2,48.7
dairy,0,4.13,20,3.31,68.0
dairy,3,13.95,20,11.16,72.6
dairy,5,11.53,0,11.53,46.2
dairy,4,3.32,50,1.66,125.7
dairy,2,2.51,40,1.51,77.3
dairy,3,9.32,0,9.32,30.7
dairy,6,4.8,0,4.8,54.5
dairy,6,12.51,30,8.76,61.4
dairy,1,7.03,50,3.51,123.1
dairy,7,14.36,10,12.93,61.3
dairy,2,14.18,30,9.92,82.9
dairy,4,5.48,20,4.38,59.2
dairy,6,10.92,0,10.92,34.0
dairy,5,2.06,0,2.06,38.2
dairy,3,14.99,40,8.99,143.8
dairy,3,5.59,40,3.36,81.5
dairy,0,12.79,0,12.79,61.1
dairy,0,11.4,20,9.12,96.6
dairy,0,8.86,40,5.32,77.1
dairy,0,7.4,30,5.18,104.8
dairy,0,12.04,0,12.04,37.3
dairy,1,9.18,0,9.18,49.3
dairy,0,4.05,20,3.24,66.4
dairy,1,13.55,40,8.13,73.7
dairy,4,6.0,40,3.6,60.2
dairy,0,6.23,30,4.36,109.2
dairy,1,13.99,0,13.99,44.6
dairy,7,11.42,50,5.71,65.0
dairy,7,3.21,0,3.21,25.5
dairy,1,11.88,20,9.51,88.0
dairy,1,6.6,10,5.94,42.6
dairy,1,8.87,0,8.87,60.9
dairy,3,4.67,40,2.8,89.0
dairy,0,12.74,30,8.92,61.0
dairy,1,3.99,30,2.79,106.8
dairy,7,7.97,30,5.58,76.0
dairy,1,5.42,10,4.88,54.9
dairy,7,3.89,0,3.89,29.3
dairy,3,9.99,20,7.99,63.0
dairy,6,2.4,10,2.16,40.0
dairy,0,3.36,20,2.69,65.0
dairy,5,2.12,40,1.27,90.9
dairy,7,13.23,0,13.23,45.2
dairy,5,13.58,10,12.22,35.2
dairy,3,4.87,0,4.87,52.6
dairy,7,11.3,50,5.65,136.7
dairy,7,4.12,40,2.47,82.0
dairy,7,8.64,50,4.32,136.0
dairy,3,13.82,20,11.06,35.7
dairy,3,7.28,0,7.28,54.8
dairy,4,6.12,0,6.12,34.3
dairy,7,4.56,0,4.56,51.6
dairy,1,4.69,0,4.69,83.6
dairy,0,6.81,50,3.4,111.9
dairy,1,7.2,0,7.2,53.8
dairy,7,10.1,40,6.06,79.7
dairy,3,8.2,50,4.1,100.2
dairy,5,10.8,0,10.8,57.0
dairy,4,10.63,50,5.31,70.6
dairy,3,13.09,0,13.09,37.0
dairy,3,10.67,10,9.6,43.1
dairy,5,2.26,0,2.26,29.6
dairy,1,13.55,0,13.55,45.8
dairy,7,5.63,0,5.63,51.8
dairy,1,3.02,30,2.11,135.7
dairy,6,12.77,0,12.77,46.4
dairy,5,11.33,0,11.33,46.0
dairy,0,3.19,40,1.92,67.9
dairy,7,8.31,40,4.99,100.4
dairy,4,2.34,20,1.87,50.3
dairy,0,5.04,30,3.53,85.2
dairy,0,9.15,30,6.41,100.5
dairy,5,7.15,0,7.15,38.4
dairy,1,12.01,40,7.21,173.9
dairy,1,3.66,40,2.2,66.5
dairy,3,4.36,10,3.92,83.0
dairy,6,11.01,0,11.01,36.0
dairy,7,4.01,40,2.41,73.8
dairy,1,12.4,10,11.16,55.4
dairy,2,12.59,50,6.3,121.8
dairy,5,9.76,10,8.78,37.4
dairy,3,14.05,0,14.05,45.2
dairy,6,14.91,40,8.95,68.8
dairy,7,7.55,50,3.77,93.1
dairy,1,14.38,10,12.94,51.4
dairy,0,7.23,10,6.51,56.6
dairy,4,7.39,20,5.91,70.3
dairy,4,2.46,10,2.21,46.1
dairy,3,10.82,0,10.82,50.8
dairy,7,8.63,0,8.63,42.9
dairy,0,14.85,10,13.36,79.1
dairy,4,5.29,20,4.23,100.0
dairy,1,8.73,30,6.11,118.8
dairy,5,5.74,0,5.74,34.9
dairy,1,10.8,30,7.56,125.5
dairy,4,9.72,10,8.75,43.0
dairy,1,11.0,0,11.0,50.9
dairy,0,9.31,0,9.31,57.0
dairy,0,12.28,50,6.14,241.9
dairy,0,10.01,20,8.01,66.0
dairy,7,14.4,50,7.2,138.0
dairy,3,5.59,30,3.91,43.5
dairy,3,14.86,0,14.86,62.7
dairy,5,5.71,30,3.99,73.7
dairy,0,13.26,50,6.63,220.3
dairy,3,12.37,10,11.13,56.3
dairy,3,13.67,30,9.57,79.9
dairy,5,12.58,0,12.58,36.2
dairy,2,14.28,30,10.0,79.4
dairy,1,8.04,20,6.43,84.9
dairy,7,8.41,20,6.73,59.7
dairy,1,11.72,0,11.72,46.8
dairy,6,12.67,20,10.14,41.2
dairy,6,11.98,20,9.58,72.6
dairy,3,2.42,0,2.42,37.8
dairy,1,7.48,10,6.74,44.7
dairy,0,6.04,40,3.63,120.2
dairy,4,12.4,0,12.4,76.3
dairy,5,9.15,0,9.15,67.0
dairy,1,13.51,40,8.11,209.5
dairy,1,12.52,0,12.52,64.5
dairy,2,8.13,20,6.5,77.7
dairy,4,6.73,10,6.06,52.6
dairy,2,9.21,30,6.44,56.6
dairy,6,6.26,10,5.63,30.9
dairy,4,7.0,10,6.3,52.7
dairy,1,6.17,0,6.17,64.3
dairy,4,13.62,0,13.62,31.6
dairy,2,8.71,0,8.71,55.5
dairy,1,13.3,20,10.64,65.3
dairy,4,2.24,10,2.02,45.4
dairy,5,13.65,0,13.65,61.5
dairy,0,13.34,0,13.34,53.1
dairy,1,13.13,0,13.13,39.7
dairy,5,4.41,10,3.97,53.1
dairy,2,11.67,50,5.84,132.3
dairy,6,2.64,20,2.11,29.7
dairy,3,10.04,20,8.03,36.5
dairy,6,8.71,10,7.84,45.6
dairy,1,5.72,50,2.86,135.1
dairy,0,10.24,0,10.24,52.6
dairy,2,9.22,30,6.45,97.3
dairy,5,5.88,10,5.29,30.9
dairy,5,7.2,30,5.04,73.9
dairy,2,8.65,30,6.05,106.4
dairy,4,4.97,40,2.98,104.5
dairy,6,5.78,50,2.89,90.0
dairy,7,6.78,0,6.78,39.8
dairy,5,3.3,10,2.97,65.8
dairy,7,4.17,0,4.17,49.8
dairy,3,13.53,30,9.47,86.5
dairy,7,10.55,0,10.55,40.8
dairy,1,14.03,0,14.03,65.4
dairy,1,8.33,0,8.33,63.4
dairy,4,10.17,40,6.1,92.3
dairy,7,13.36,0,13.36,33.9
dairy,7,6.76,50,3.38,94.1
dairy,2,8.58,10,7.72,46.8
dairy,7,12.34,0,12.34,42.9
dairy,2,5.88,30,4.11,87.1
dairy,5,8.56,10,7.7,37.5
dairy,0,11.05,20,8.84,78.6
dairy,1,10.08,30,7.05,109.2
dairy,4,13.76,10,12.38,36.5
dairy,7,6.95,10,6.25,51.7
dairy,2,10.1,10,9.09,62.6
dairy,0,5.99,30,4.19,112.5
dairy,1,13.42,20,10.73,63.6
dairy,4,7.16,0,7.16,42.9
dairy,2,8.07,20,6.46,58.4
dairy,1,3.15,10,2.83,81.9
dairy,0,2.01,30,1.41,69.7
dairy,2,11.0,50,5.5,114.1
dairy,7,9.35,40,5.61,72.0
dairy,5,4.66,50,2.33,163.0
dairy,1,9.94,30,6.96,73.4
dairy,0,10.86,20,8.69,75.1
dairy,7,6.34,50,3.17,63.7
dairy,7,10.43,50,5.21,102.6
dairy,2,6.07,20,4.86,63.2
dairy,2,6.82,20,5.45,79.8
dairy,0,2.05,50,1.03,105.0
dairy,7,10.69,10,9.62,57.9
dairy,2,11.98,10,10.78,52.8
dairy,7,6.36,20,5.08,49.5
dairy,3,3.88,0,3.88,45.9
dairy,3,8.91,10,8.02,42.7
dairy,4,8.93,0,8.93,39.9
dairy,5,11.03,30,7.72,85.9
dairy,4,2.41,0,2.41,38.6
dairy,2,3.29,20,2.63,41.5
dairy,5,11.37,30,7.96,40.2
dairy,2,6.35,30,4.44,118.6
dairy,0,11.16,40,6.7,94.1
dairy,1,12.89,0,12.89,106.7
dairy,7,4.82,0,4.82,39.6
dairy,3,13.04,30,9.12,51.1
dairy,0,8.66,10,7.79,61.2
dairy,3,12.02,30,8.41,71.2
dairy,0,3.61,20,2.89,89.5
dairy,0,4.41,20,3.53,71.8
dairy,7,14.22,50,7.11,80.0
dairy,7,2.6,50,1.3,93.6
dairy,2,2.24,0,2.24,51.5
dairy,0,13.94,10,12.55,79.2
dairy,2,12.16,0,12.16,37.3
dairy,5,3.89,0,3.89,39.5
dairy,7,5.6,10,5.04,52.2
dairy,3,6.81,40,4.09,104.8
dairy,4,5.41,20,4.33,82.5
dairy,1,12.7,0,12.7,45.1
dairy,0,5.02,20,4.02,58.5
dairy,0,14.15,0,14.15,58.3
dairy,0,8.82,0,8.82,61.0
dairy,6,12.82,40,7.69,148.5
dairy,5,3.75,50,1.88,83.3
dairy,7,4.84,20,3.87,63.3
dairy,0,8.33,10,7.49,105.1
dairy,7,13.95,30,9.77,61.0
dairy,2,10.45,20,8.36,49.8
dairy,1,4.42,30,3.1,90.2
dairy,4,13.64,0,13.64,48.2
dairy,6,7.39,20,5.92,28.9
dairy,5,12.91,50,6.46,103.9
dairy,6,12.69,50,6.35,68.7
dairy,5,3.79,0,3.79,50.8
dairy,1,13.76,30,9.63,74.1
dairy,7,8.68,10,7.81,63.1
dairy,4,7.73,10,6.96,76.0
dairy,3,6.84,40,4.1,113.8
dairy,6,12.87,0,12.87,25.4
dairy,0,11.99,20,9.6,49.7
dairy,2,5.53,0,5.53,48.9
dairy,6,6.63,10,5.97,57.4
dairy,2,7.1,0,7.1,50.4
dairy,5,9.61,20,7.69,65.0
dairy,6,7.04,10,6.34,44.3
dairy,4,8.44,30,5.91,35.8
dairy,4,3.38,0,3.38,46.4
dairy,5,10.91,10,9.82,69.1
dairy,3,10.62,0,10.62,38.2
dairy,2,5.98,50,2.99,142.6
dairy,5,2.69,0,2.69,41.7
dairy,1,8.83,0,8.83,78.4
dairy,1,7.96,10,7.16,64.5
dairy,2,14.04,40,8.42,141.5
dairy,5,3.78,0,3.78,49.8
dairy,1,6.04,10,5.43,48.1
dairy,4,3.35,50,1.68,101.6
dairy,5,3.65,40,2.19,84.7
dairy,1,12.58,10,11.33,90.9
dairy,5,14.77,0,14.77,43.9
dairy,0,3.22,20,2.57,93.7
dairy,7,6.31,0,6.31,32.6
dairy,5,6.89,50,3.44,123.6
dairy,4,12.15,0,12.15,40.9
dairy,3,8.48,30,5.94,53.1
dairy,1,13.22,0,13.22,72.0
dairy,6,14.83,0,14.83,35.1
dairy,0,6.01,10,5.41,57.8
dairy,6,8.2,20,6.56,47.2
dairy,6,5.89,50,2.95,51.4
dairy,1,8.47,30,5.93,110.4
dairy,7,2.75,0,2.75,41.3
dairy,5,9.39,50,4.69,88.6
dairy,7,14.2,50,7.1,116.0
dairy,0,12.87,0,12.87,60.8
dairy,5,14.02,50,7.01,176.0
dairy,5,5.1,0,5.1,38.0
dairy,6,12.85,10,11.57,39.2
dairy,1,7.39,0,7.39,72.0
dairy,6,14.57,10,13.11,37.5
dairy,0,11.94,0,11.94,63.2
dairy,1,2.87,0,2.87,58.4
dairy,7,9.97,10,8.97,42.1
dairy,6,7.97,0,7.97,40.1
dairy,3,6.25,0,6.25,41.9
dairy,1,12.04,50,6.02,143.6
dairy,0,9.03,30,6.32,80.6
dairy,1,8.58,50,4.29,86.0
dairy,3,3.11,30,2.18,35.4
dairy,3,4.78,0,4.78,35.1
dairy,3,12.22,20,9.78,40.8
dairy,5,3.58,10,3.22,46.2
dairy,6,13.34,0,13.34,32.1
dairy,5,3.97,40,2.38,90.9
dairy,1,11.14,30,7.8,121.2
dairy,5,2.99,10,2.69,69.3
dairy,3,3.96,10,3.56,57.8
dairy,2,14.76,40,8.86,115.2
dairy,1,10.99,40,6.59,107.9
dairy,5,8.01,0,8.01,42.9
dairy,2,11.09,10,9.98,50.4
dairy,7,10.14,10,9.13,49.4
dairy,3,4.59,0,4.59,60.2
dairy,6,2.82,30,1.98,102.5
dairy,5,5.02,40,3.01,130.9
dairy,7,8.07,0,8.07,48.4
dairy,6,6.23,30,4.36,41.6
dairy,5,9.14,0,9.14,39.1
dairy,1,7.57,0,7.57,45.5
dairy,2,13.23,0,13.23,35.2
dairy,5,6.68,30,4.68,70.2
dairy,7,6.41,10,5.77,55.1
dairy,2,12.77,10,11.5,76.0
dairy,1,2.16,0,2.16,46.5
dairy,6,7.88,0,7.88,41.6
dairy,0,14.2,10,12.78,67.5
dairy,7,13.16,30,9.21,78.5
dairy,1,11.77,30,8.24,103.5
dairy,0,10.97,0,10.97,59.6
dairy,1,2.33,10,2.1,63.6
dairy,6,8.17,20,6.54,35.0
dairy,6,9.96,20,7.96,93.0
dairy,6,14.06,10,12.65,35.1
dairy,1,6.7,40,4.02,101.3
dairy,1,9.16,20,7.33,77.4
dairy,6,8.19,0,8.19,35.3
dairy,6,7.0,50,3.5,194.9
dairy,6,4.71,50,2.35,100.0
dairy,2,8.27,0,8.27,42.9
dairy,5,11.21,20,8.97,43.5
dairy,7,11.75,50,5.88,86.4
dairy,3,7.73,0,7.73,65.8
dairy,1,12.04,50,6.02,120.8
dairy,2,3.14,30,2.2,74.2
dairy,1,13.74,10,12.36,58.3
dairy,4,12.8,0,12.8,26.8
dairy,6,12.26,0,12.26,41.5
dairy,3,14.31,20,11.45,40.4
dairy,2,11.14,30,7.8,71.2
dairy,0,14.34,0,14.34,69.7
dairy,1,4.46,0,4.46,67.8
dairy,7,4.83,30,3.38,63.7
dairy,1,9.0,0,9.0,49.8
dairy,5,11.41,10,10.27,46.2
dairy,4,12.66,10,11.39,60.8
dairy,2,14.11,30,9.87,106.3
dairy,5,7.33,20,5.86,66.7
dairy,2,5.8,0,5.8,35.4
dairy,7,9.0,0,9.0,31.2
dairy,7,13.62,10,12.26,53.9
dairy,1,13.34,0,13.34,72.6
dairy,4,13.15,20,10.52,45.0
dairy,5,8.45,10,7.6,72.9
dairy,6,4.45,20,3.56,38.7
dairy,3,6.57,10,5.91,59.1
dairy,6,8.09,0,8.09,32.8
dairy,3,8.23,0,8.23,49.4
dairy,6,3.34,0,3.34,30.1
dairy,3,5.2,20,4.16,47.6
dairy,5,11.39,30,7.97,43.6
dairy,5,11.25,0,11.25,60.7
dairy,2,6.0,20,4.8,94.7
dairy,4,7.51,30,5.26,84.0
dairy,3,4.73,30,3.31,97.9
dairy,1,10.35,10,9.32,70.9
dairy,0,7.43,10,6.68,47.3
dairy,1,13.93,0,13.93,78.1
dairy,2,14.83,50,7.41,155.1
dairy,7,12.4,20,9.92,39.9
dairy,7,5.25,20,4.2,95.9
dairy,5,13.88,10,12.5,32.2
dairy,3,14.34,10,12.9,39.9
dairy,1,5.83,10,5.25,59.9
dairy,4,9.87,30,6.91,56.4
dairy,4,8.08,20,6.47,55.0
dairy,6,5.4,30,3.78,82.7
dairy,0,14.5,0,14.5,43.9
dairy,5,4.19,0,4.19,37.4
dairy,4,4.78,0,4.78,35.9
dairy,1,6.19,30,4.34,75.4
dairy,0,9.63,0,9.63,50.7
dairy,2,6.23,50,3.11,124.8
dairy,3,6.38,30,4.46,73.8
dairy,4,2.73,20,2.18,37.4
dairy,7,4.58,20,3.66,58.2
dairy,0,3.44,30,2.41,87.2
dairy,1,10.31,0,10.31,35.5
dairy,4,5.28,30,3.69,60.4
dairy,1,3.02,20,2.41,80.3
dairy,1,10.96,10,9.87,58.9
dairy,1,7.9,20,6.32,58.0
dairy,1,9.39,30,6.57,56.9
dairy,4,5.96,0,5.96,35.4
dairy,1,5.69,50,2.84,152.5
dairy,5,6.62,20,5.3,48.3
dairy,4,4.32,30,3.02,71.1
dairy,5,12.35,10,11.11,51.8
dairy,2,10.84,30,7.59,60.6
dairy,1,13.68,20,10.94,53.9
dairy,7,12.21,10,10.99,36.4
dairy,7,11.31,0,11.31,38.7
dairy,5,4.33,10,3.9,45.6
dairy,6,12.41,30,8.69,61.5
dairy,7,14.61,50,7.31,67.3
dairy,7,14.83,20,11.86,46.4
dairy,6,4.38,0,4.38,31.7
dairy,2,11.56,30,8.09,70.8
dairy,3,11.78,50,5.89,117.2
dairy,5,12.8,20,10.24,32.1
dairy,2,2.98,40,1.79,121.2
dairy,4,5.65,30,3.96,50.2
dairy,1,5.34,0,5.34,51.8
dairy,6,5.45,0,5.45,37.7
dairy,6,9.41,0,9.41,37.7
dairy,2,10.36,50,5.18,121.6
dairy,4,8.11,20,6.48,60.9
dairy,4,12.91,10,11.62,36.8
dairy,6,10.29,0,10.29,37.6
dairy,2,14.54,20,11.63,49.9
dairy,6,13.72,0,13.72,39.8
dairy,7,7.93,10,7.14,32.9
dairy,0,13.05,30,9.14,70.9
dairy,2,3.64,20,2.91,57.2
dairy,3,11.68,0,11.68,53.7
dairy,6,7.96,0,7.96,55.1
dairy,0,14.44,0,14.44,55.7
dairy,4,12.9,30,9.03,49.9
dairy,4,8.18,30,5.73,56.5
dairy,3,2.07,20,1.66,65.5
dairy,5,12.26,50,6.13,108.2
dairy,0,5.44,0,5.44,51.2
dairy,6,12.21,30,8.55,114.0
dairy,1,9.23,0,9.23,54.5
dairy,6,14.58,40,8.75,107.5
dairy,7,11.87,20,9.5,47.1
dairy,4,3.03,0,3.03,26.9
dairy,6,2.48,10,2.23,60.2
dairy,7,6.32,30,4.43,103.4
dairy,2,9.52,0,9.52,42.8
dairy,6,5.41,10,4.87,56.8
dairy,3,6.6,0,6.6,55.7
dairy,6,13.63,0,13.63,29.4
dairy,2,3.78,20,3.03,79.8
dairy,6,9.5,10,8.55,38.2
dairy,0,2.75,40,1.65,105.1
dairy,3,7.58,0,7.58,35.3
dairy,5,12.16,0,12.16,30.1
dairy,6,7.36,20,5.89,53.9
dairy,1,6.95,40,4.17,142.4
dairy,2,11.43,0,11.43,65.2
dairy,4,12.39,10,11.15,26.1
dairy,6,10.28,10,9.25,43.8
dairy,2,7.45,0,7.45,40.5
dairy,5,10.38,40,6.23,63.5
dairy,2,2.71,20,2.17,64.5
dairy,5,14.03,30,9.82,52.2
dairy,3,6.4,0,6.4,36.6
dairy,6,9.7,0,9.7,34.7
dairy,6,6.31,10,5.68,35.6
dairy,0,11.64,0,11.64,45.4
dairy,6,8.78,0,8.78,42.2
dairy,5,2.71,30,1.9,46.1
dairy,4,8.6,10,7.74,72.3
dairy,3,8.35,20,6.68,66.9
dairy,5,3.82,0,3.82,35.3
dairy,0,4.65,30,3.25,97.3
dairy,1,10.46,20,8.36,101.2
dairy,1,11.34,10,10.21,45.8
dairy,3,9.68,50,4.84,119.4
dairy,0,12.91,50,6.45,176.7
dairy,0,5.65,20,4.52,109.1
dairy,7,12.0,0,12.0,51.7
dairy,1,6.11,10,5.5,44.4
dairy,6,2.08,0,2.08,51.9
dairy,7,11.32,0,11.32,27.2
dairy,4,11.82,30,8.28,102.6
dairy,1,10.12,0,10.12,57.0
dairy,7,10.22,30,7.16,65.6
dairy,4,11.55,0,11.55,47.4
dairy,7,14.53,30,10.17,60.1
dairy,4,3.52,0,3.52,48.4
dairy,5,14.12,10,12.71,55.4
dairy,0,14.15,0,14.15,60.7
dairy,0,12.92,0,12.92,37.2
dairy,0,5.72,10,5.15,49.5
dairy,0,9.37,0,9.37,41.2
dairy,4,13.54,20,10.83,62.8
dairy,5,12.82,10,11.54,41.4
dairy,0,6.29,10,5.66,48.2
dairy,5,2.74,0,2.74,40.7
dairy,5,2.54,0,2.54,32.0
dairy,5,10.18,0,10.18,54.9
dairy,6,5.15,0,5.15,65.1
dairy,6,2.72,40,1.63,50.7
dairy,7,8.95,0,8.95,26.3
dairy,6,14.34,40,8.6,104.1
dairy,5,3.14,20,2.51,84.0
dairy,3,13.7,50,6.85,92.3
dairy,2,6.17,50,3.09,99.7
dairy,2,10.44,0,10.44,50.7
dairy,1,11.6,10,10.44,55.5
dairy,2,5.59,0,5.59,56.3
dairy,6,6.99,10,6.29,59.7
dairy,3,7.93,30,5.55,69.9
dairy,5,14.56,40,8.74,111.9
dairy,1,2.8,0,2.8,50.4
dairy,7,9.08,10,8.17,52.5
dairy,1,9.68,30,6.78,72.3
dairy,1,8.67,10,7.8,53.7
dairy,2,13.93,0,13.93,48.3
dairy,6,10.28,0,10.28,46.4
dairy,5,3.46,0,3.46,48.5
dairy,5,10.11,20,8.09,46.6
dairy,0,4.43,40,2.66,138.9
dairy,2,4.52,0,4.52,68.8
dairy,0,5.78,0,5.78,45.1
dairy,6,9.67,10,8.7,68.8
dairy,7,14.57,30,10.2,71.4
dairy,3,5.49,30,3.84,103.3
dairy,1,5.4,0,5.4,55.1
dairy,7,7.8,50,3.9,140.5
dairy,5,2.1,10,1.89,30.3
dairy,7,5.22,20,4.17,75.2
dairy,5,5.86,50,2.93,79.8
dairy,4,8.52,30,5.96,53.9
dairy,3,11.35,0,11.35,40.2
dairy,7,8.79,20,7.03,39.1
dairy,1,8.27,0,8.27,47.8
dairy,7,13.42,10,12.07,57.5
dairy,4,14.5,30,10.15,59.0
dairy,7,8.37,20,6.69,44.5
dairy,3,12.58,40,7.55,86.1
dairy,3,5.87,0,5.87,46.6
dairy,3,7.43,30,5.2,64.0
dairy,2,7.26,40,4.36,96.9
dairy,4,7.71,50,3.86,93.0
dairy,3,7.17,50,3.58,87.0
dairy,2,4.65,30,3.25,58.6
dairy,0,3.92,10,3.53,64.8
dairy,7,9.37,30,6.56,55.0
dairy,1,5.68,0,5.68,49.8
dairy,6,6.0,0,6.0,38.5
dairy,6,14.22,0,14.22,34.1
dairy,0,7.03,30,4.92,88.5
dairy,2,2.34,0,2.34,77.6
dairy,3,2.61,0,2.61,52.2
dairy,7,13.75,10,12.38,32.5
dairy,0,12.47,10,11.22,76.0
dairy,6,13.98,10,12.58,35.7
dairy,4,2.88,30,2.02,59.6
dairy,6,8.28,30,5.8,48.4
dairy,3,7.8,10,7.02,43.4
dairy,7,10.15,0,10.15,55.5
dairy,2,13.36,30,9.35,106.3
dairy,5,14.48,30,10.14,56.7
dairy,7,9.45,0,9.45,41.6
dairy,4,11.72,0,11.72,34.0
dairy,3,9.56,0,9.56,37.4
dairy,4,3.36,0,3.36,43.6
dairy,1,3.26,0,3.26,45.1
dairy,6,7.58,10,6.82,54.6
dairy,1,8.31,40,4.98,118.2
dairy,7,9.47,50,4.74,119.1
dairy,1,10.78,0,10.78,49.2
dairy,2,10.58,0,10.58,44.4
dairy,6,7.33,30,5.13,66.2
dairy,1,9.89,0,9.89,43.9
dairy,0,4.41,0,4.41,55.7
dairy,4,9.31,10,8.38,31.5
dairy,3,7.35,10,6.61,45.9
dairy,3,8.81,20,7.05,41.6
dairy,5,10.89,50,5.45,109.1
dairy,7,2.35,30,1.64,71.8
dairy,3,5.64,20,4.51,78.8
dairy,4,8.36,10,7.52,46.6
dairy,1,7.43,0,7.43,30.3
dairy,1,5.38,20,4.3,72.0
dairy,6,14.59,40,8.75,32.2
dairy,6,9.58,0,9.58,54.5
dairy,5,7.87,0,7.87,31.8
dairy,1,7.19,0,7.19,78.6
dairy,5,7.37,0,7.37,42.2
dairy,7,3.48,0,3.48,42.1
dairy,3,4.89,30,3.42,79.1
dairy,5,4.62,50,2.31,96.9
dairy,5,5.67,30,3.97,55.0
dairy,0,2.74,30,1.92,94.8
dairy,2,6.86,0,6.86,41.1
dairy,2,3.25,30,2.27,55.4
dairy,5,8.89,10,8.0,54.7
dairy,0,14.79,0,14.79,78.3
dairy,6,14.12,30,9.88,62.7
dairy,0,7.05,50,3.53,147.5
dairy,7,6.82,0,6.82,38.0
dairy,2,9.39,0,9.39,67.2
dairy,0,14.59,0,14.59,36.4
dairy,4,2.12,40,1.27,105.1
dairy,7,2.13,50,1.07,92.4
dairy,7,7.96,0,7.96,69.6
dairy,7,11.18,30,7.83,80.3
dairy,4,14.09,50,7.04,63.3
dairy,6,7.83,10,7.04,38.1
dairy,4,8.49,0,8.49,40.5
dairy,2,4.15,30,2.9,105.7
dairy,2,4.87,30,3.41,84.7
dairy,2,13.47,10,12.12,58.4
dairy,4,12.95,20,10.36,72.0
dairy,4,4.97,0,4.97,36.6
dairy,5,3.04,10,2.74,50.1
dairy,6,2.02,0,2.02,47.2
dairy,4,12.11,30,8.48,71.0
dairy,0,3.16,40,1.9,94.6
dairy,7,14.48,20,11.59,58.9
dairy,0,4.93,0,4.93,77.2
dairy,3,13.62,0,13.62,37.0
dairy,0,7.09,30,4.96,108.2
dairy,4,10.11,30,7.08,100.1
dairy,3,2.3,20,1.84,81.7
dairy,0,7.1,50,3.55,137.9
dairy,7,8.69,10,7.82,30.1
dairy,1,3.89,10,3.51,78.7
dairy,0,2.58,10,2.32,71.7
dairy,0,2.17,10,1.95,49.1
dairy,0,8.67,20,6.94,70.0
dairy,2,9.4,10,8.46,52.1
dairy,2,14.1,0,14.1,35.5
dairy,7,14.08,30,9.86,114.2
dairy,1,6.91,50,3.45,147.4
dairy,1,4.87,20,3.89,81.1
dairy,3,3.53,0,3.53,27.6
dairy,3,11.19,40,6.71,71.9
dairy,3,3.09,0,3.09,54.4
dairy,6,3.91,0,3.91,44.3
dairy,1,11.2,20,8.96,56.2
dairy,6,14.78,10,13.3,37.0
dairy,6,11.77,20,9.42,32.8
dairy,2,12.55,10,11.3,63.9
dairy,1,9.36,20,7.49,46.5
dairy,0,12.86,30,9.0,92.2
dairy,5,12.6,10,11.34,30.5
dairy,5,14.31,40,8.59,55.3
dairy,5,8.49,0,8.49,51.2
dairy,7,2.27,10,2.04,43.6
dairy,2,8.34,30,5.84,123.0
dairy,7,5.66,50,2.83,78.2
dairy,3,3.69,20,2.95,49.5
dairy,0,14.46,0,14.46,70.9
dairy,4,8.88,40,5.33,75.7
dairy,1,11.23,20,8.99,48.9
dairy,3,5.48,50,2.74,68.2
dairy,1,2.53,40,1.52,87.5
dairy,4,5.86,40,3.52,107.3
dairy,0,13.39,0,13.39,55.8
dairy,5,5.95,40,3.57,105.4
dairy,6,5.35,0,5.35,36.3
dairy,4,6.68,0,6.68,35.1
dairy,2,14.58,0,14.58,62.4
dairy,4,6.22,40,3.73,64.2
dairy,0,5.28,20,4.22,71.4
dairy,0,5.25,40,3.15,203.2
dairy,7,2.72,0,2.72,35.9
dairy,4,14.39,0,14.39,37.6
dairy,0,4.13,0,4.13,46.2
dairy,0,6.35,0,6.35,42.6
dairy,7,9.32,0,9.32,59.2
dairy,1,14.25,10,12.82,43.9
dairy,0,4.62,30,3.24,97.1
dairy,5,3.13,30,2.19,62.9
dairy,2,9.01,50,4.51,82.7
dairy,5,12.98,20,10.39,60.2
dairy,6,5.62,20,4.5,63.5
dairy,2,6.65,0,6.65,43.4
dairy,6,3.97,40,2.38,87.2
dairy,3,14.0,20,11.2,85.0
dairy,6,4.11,40,2.46,91.5
dairy,4,2.59,10,2.33,57.4
dairy,2,6.18,20,4.94,64.0
dairy,4,11.06,30,7.74,77.0
dairy,2,9.83,20,7.86,58.6
dairy,7,9.08,20,7.27,63.0
dairy,7,2.8,0,2.8,48.1
dairy,1,9.65,50,4.82,223.9
dairy,0,13.23,20,10.59,73.0
dairy,5,6.65,20,5.32,44.1
dairy,4,3.51,0,3.51,44.0
dairy,1,2.93,50,1.46,137.7
dairy,7,14.24,10,12.82,22.3
dairy,7,8.35,40,5.01,85.2
dairy,3,12.47,0,12.47,41.3
dairy,0,14.61,20,11.68,66.0
dairy,3,7.53,10,6.78,39.6
dairy,6,3.94,20,3.15,33.8
dairy,1,9.13,40,5.48,143.7
dairy,4,12.28,10,11.05,56.0
dairy,5,4.46,10,4.01,34.5
dairy,1,9.05,10,8.15,67.4
dairy,2,7.12,30,4.99,100.2
dairy,2,11.47,50,5.74,75.5
dairy,6,13.4,0,13.4,40.8
dairy,0,8.78,0,8.78,51.1
dairy,5,6.56,0,6.56,42.4
dairy,3,12.98,0,12.98,39.6
dairy,5,9.79,50,4.89,123.5
dairy,7,5.04,20,4.03,37.0
dairy,6,7.0,40,4.2,68.9
dairy,3,14.24,40,8.55,112.3
dairy,1,10.91,40,6.55,88.2
dairy,3,11.0,30,7.7,89.3
dairy,0,2.25,20,1.8,66.0
dairy,0,6.16,0,6.16,60.3
dairy,3,8.55,30,5.99,152.6
dairy,3,2.19,30,1.53,60.1
dairy,0,9.15,0,9.15,45.4
dairy,2,14.55,30,10.18,49.6
dairy,6,7.88,0,7.88,34.0
dairy,2,7.19,0,7.19,50.8
dairy,1,8.3,20,6.64,49.6
dairy,7,7.2,0,7.2,47.7
dairy,0,9.1,10,8.19,50.7
dairy,3,6.72,0,6.72,64.0
dairy,2,5.02,30,3.51,76.6
dairy,5,11.41,30,7.98,95.1
dairy,1,14.0,40,8.4,117.0
dairy,7,5.0,40,3.0,88.8
dairy,5,11.41,10,10.26,33.5
dairy,5,11.55,30,8.08,39.5
dairy,7,3.42,30,2.4,77.2
dairy,7,12.83,0,12.83,39.6
dairy,4,13.06,40,7.84,73.9
dairy,7,2.56,0,2.56,55.2
dairy,0,9.54,0,9.54,47.7
dairy,0,9.51,50,4.76,184.4
dairy,3,2.59,0,2.59,34.4
dairy,1,9.79,40,5.87,96.4
dairy,0,2.92,0,2.92,85.0
dairy,2,9.32,50,4.66,141.1
dairy,4,11.84,0,11.84,32.7
dairy,1,10.46,40,6.27,133.0
dairy,7,10.19,0,10.19,43.8
dairy,3,3.67,30,2.57,92.9
dairy,6,8.24,0,8.24,28.8
dairy,0,3.84,50,1.92,124.9
dairy,3,14.38,20,11.5,53.3
dairy,6,6.02,30,4.21,50.9
dairy,4,12.59,50,6.3,86.4
dairy,0,2.2,0,2.2,44.7
dairy,0,4.89,30,3.43,83.0
dairy,0,14.23,20,11.39,55.1
dairy,6,10.79,50,5.4,89.8
dairy,6,4.4,30,3.08,63.8
dairy,7,9.28,10,8.35,63.1
dairy,0,4.41,40,2.65,108.4
dairy,0,3.85,40,2.31,128.1
dairy,0,2.62,0,2.62,57.9
dairy,3,10.99,0,10.99,45.0
dairy,1,13.43,20,10.75,37.4
dairy,1,4.42,30,3.09,98.9
dairy,2,2.91,20,2.32,63.7
dairy,1,5.62,30,3.93,79.5
dairy,0,3.14,20,2.51,87.9
dairy,2,10.7,0,10.7,55.7
dairy,1,6.91,50,3.45,167.2
dairy,5,13.54,20,10.83,49.7
dairy,2,13.35,10,12.01,52.3
dairy,7,12.97,30,9.08,104.7
dairy,5,12.06,10,10.86,68.9
dairy,1,12.91,20,10.33,58.3
dairy,0,9.91,10,8.92,53.9
dairy,7,14.82,50,7.41,89.4
dairy,0,13.9,0,13.9,75.0
dairy,0,3.43,20,2.74,74.0
dairy,0,8.25,0,8.25,45.4
dairy,3,5.77,0,5.77,30.3
dairy,1,14.02,30,9.81,108.1
dairy,5,5.05,40,3.03,84.4
dairy,4,2.09,0,2.09,45.0
dairy,0,11.06,0,11.06,59.3
dairy,3,7.32,0,7.32,39.5
dairy,6,3.83,10,3.45,42.8
dairy,6,13.97,10,12.57,62.5
dairy,7,14.9,20,11.92,63.3
dairy,0,9.07,0,9.07,53.4
dairy,3,4.03,10,3.62,32.0
dairy,7,14.48,10,13.03,36.5
dairy,6,13.2,0,13.2,33.6
dairy,5,8.45,20,6.76,43.0
dairy,0,6.47,40,3.88,102.3
dairy,6,3.79,50,1.89,140.3
dairy,4,12.97,10,11.67,35.1
dairy,1,2.31,20,1.85,77.9
dairy,1,14.15,40,8.49,101.1
dairy,5,13.89,20,11.11,38.5
dairy,2,14.6,0,14.6,43.6
dairy,4,11.54,40,6.92,90.0
dairy,4,4.37,30,3.06,44.8
dairy,2,6.83,0,6.83,28.6
dairy,1,14.63,50,7.32,133.4
dairy,4,11.14,30,7.8,72.1
dairy,1,8.99,50,4.5,233.8
dairy,5,5.29,20,4.23,53.5
dairy,4,4.89,20,3.91,54.7
dairy,7,13.7,10,12.33,45.3
dairy,5,11.45,10,10.3,58.8
dairy,3,9.91,10,8.92,39.7
dairy,7,8.73,40,5.24,89.2
dairy,6,3.86,40,2.31,83.5
dairy,5,6.1,0,6.1,31.6
dairy,3,9.21,0,9.21,51.8
dairy,1,2.87,50,1.43,169.9
dairy,2,13.56,30,9.49,89.2
dairy,4,7.84,0,7.84,52.8
dairy,0,4.77,20,3.82,114.4
dairy,1,4.03,0,4.03,43.5
dairy,6,13.74,0,13.74,53.7
dairy,1,11.8,50,5.9,118.4
dairy,1,9.03,0,9.03,46.5
dairy,6,5.83,40,3.5,135.8
dairy,3,14.3,10,12.87,50.0
dairy,5,13.62,30,9.53,64.6
dairy,1,12.44,10,11.19,52.8
dairy,4,2.25,0,2.25,45.3
dairy,4,7.14,30,5.0,80.2
dairy,5,4.83,10,4.35,47.8
dairy,5,7.04,20,5.63,50.0
dairy,4,6.97,0,6.97,47.0
dairy,6,10.05,50,5.02,107.7
dairy,6,13.4,10,12.06,37.3
dairy,2,11.08,0,11.08,55.5
dairy,6,14.83,40,8.9,94.9
dairy,4,14.89,30,10.42,80.4
dairy,4,14.98,30,10.48,43.7
dairy,6,6.66,0,6.66,53.7
dairy,5,6.73,10,6.06,41.1
dairy,7,5.15,10,4.64,75.7
dairy,5,6.75,50,3.38,131.4
dairy,4,13.9,40,8.34,100.8
dairy,3,4.19,0,4.19,41.9
dairy,3,2.79,0,2.79,44.2
dairy,5,12.24,0,12.24,47.5
dairy,1,6.25,40,3.75,102.4
dairy,1,11.41,10,10.27,46.7
dairy,3,10.49,10,9.44,74.1
dairy,1,10.38,0,10.38,31.9
dairy,5,3.28,0,3.28,45.6
dairy,1,12.1,0,12.1,57.8
dairy,5,13.56,10,12.2,51.0
dairy,5,6.27,30,4.39,52.9
dairy,3,9.48,30,6.63,86.6
dairy,0,6.34,20,5.07,101.4
dairy,6,14.69,0,14.69,45.6
dairy,3,7.07,20,5.66,59.7
dairy,0,11.11,10,10.0,69.5
dairy,7,9.56,0,9.56,38.9
dairy,5,5.71,0,5.71,28.3
dairy,0,10.82,0,10.82,54.9
dairy,4,13.52,50,6.76,86.9
dairy,3,7.06,10,6.35,46.8
dairy,6,11.4,0,11.4,35.7
dairy,3,8.19,40,4.91,96.5
dairy,1,10.94,30,7.65,129.5
dairy,0,2.71,0,2.71,43.1
dairy,2,7.44,20,5.95,42.5
dairy,3,9.36,30,6.55,81.5
dairy,7,14.62,20,11.7,53.7
dairy,7,14.82,30,10.37,42.0
dairy,5,5.28,0,5.28,27.1
dairy,2,6.19,30,4.33,83.6
dairy,0,9.46,50,4.73,127.0
dairy,2,10.11,50,5.06,82.0
dairy,2,10.87,30,7.61,78.9
dairy,7,10.69,20,8.55,48.5
dairy,7,8.22,10,7.4,61.1
dairy,1,14.55,0,14.55,64.5
dairy,5,3.31,0,3.31,35.5
dairy,1,9.74,0,9.74,52.7
dairy,4,3.58,0,3.58,34.0
dairy,5,10.81,0,10.81,41.6
dairy,6,8.29,40,4.97,54.0
dairy,5,13.81,10,12.43,50.3
dairy,6,2.84,0,2.84,39.2
dairy,3,11.34,10,10.21,44.3
dairy,2,3.36,0,3.36,54.6
dairy,4,4.79,30,3.36,50.8
dairy,0,10.74,30,7.52,69.1
dairy,1,2.75,20,2.2,71.3
dairy,3,2.32,0,2.32,45.5
dairy,6,7.67,20,6.14,60.0
dairy,1,12.76,0,12.76,47.3
dairy,0,4.47,10,4.02,73.6
dairy,5,12.06,20,9.65,64.0
dairy,6,2.32,10,2.09,47.3
dairy,3,2.68,20,2.14,85.6
dairy,3,14.13,0,14.13,36.0
dairy,5,2.07,40,1.24,119.5
dairy,4,4.33,40,2.6,100.7
dairy,3,9.97,0,9.97,55.4
dairy,5,4.8,0,4.8,36.1
dairy,2,9.48,40,5.69,111.8
dairy,3,3.02,50,1.51,123.3
dairy,0,7.05,40,4.23,111.9
dairy,6,6.01,20,4.81,47.0
dairy,6,2.57,30,1.8,59.3
dairy,6,6.07,20,4.86,73.6
dairy,1,12.81,20,10.24,95.4
dairy,0,3.98,30,2.78,89.0
dairy,7,7.64,0,7.64,30.1
dairy,5,11.19,10,10.07,36.5
dairy,7,13.18,0,13.18,32.7
dairy,5,13.63,20,10.91,50.5
dairy,3,8.27,40,4.96,61.2
dairy,4,7.18,0,7.18,40.3
dairy,4,6.61,0,6.61,45.8
dairy,6,13.19,20,10.55,48.5
dairy,3,8.51,10,7.66,58.1
dairy,1,3.64,50,1.82,113.5
dairy,7,7.67,20,6.14,47.3
dairy,2,5.96,0,5.96,43.7
dairy,6,3.35,0,3.35,34.0
dairy,5,11.24,0,11.24,28.4
dairy,4,12.03,20,9.62,33.8
dairy,2,6.78,20,5.42,117.6
dairy,2,12.69,10,11.42,40.5
dairy,2,14.42,40,8.65,151.4
dairy,6,10.2,40,6.12,106.4
dairy,7,7.77,10,7.0,69.5
dairy,5,8.29,40,4.97,81.4
dairy,6,2.16,40,1.3,52.3
dairy,4,7.22,30,5.06,71.5
dairy,7,6.35,0,6.35,40.6
dairy,5,11.17,50,5.58,69.6
dairy,3,5.0,50,2.5,90.4
dairy,4,8.7,0,8.7,32.8
dairy,5,7.04,10,6.33,68.1
dairy,3,4.01,0,4.01,31.7
dairy,4,10.66,0,10.66,37.7
dairy,1,8.29,10,7.46,50.9
dairy,0,10.54,40,6.32,121.4
dairy,2,3.77,0,3.77,48.9
dairy,1,7.82,0,7.82,50.5
dairy,4,14.44,0,14.44,33.1
dairy,7,6.17,50,3.08,109.0
dairy,7,3.44,20,2.75,54.0
dairy,1,9.82,30,6.87,120.3
dairy,7,11.56,0,11.56,42.9
dairy,2,3.02,20,2.41,76.1
dairy,5,6.25,0,6.25,50.7
dairy,6,8.61,0,8.61,40.5
dairy,6,14.08,10,12.67,45.1
dairy,7,2.48,10,2.23,73.8
dairy,5,4.85,0,4.85,40.7
dairy,4,2.82,50,1.41,124.1
dairy,6,9.57,0,9.57,44.4
dairy,7,14.3,30,10.01,76.0
dairy,6,10.98,0,10.98,38.7
dairy,7,9.65,40,5.79,56.1
dairy,2,8.77,10,7.89,40.1
dairy,2,11.19,0,11.19,54.0
dairy,5,3.89,10,3.5,50.3
dairy,3,13.01,40,7.81,72.1
dairy,7,6.98,30,4.88,83.7
dairy,2,14.05,0,14.05,56.2
dairy,0,11.87,20,9.5,72.4
dairy,7,6.6,0,6.6,36.5
dairy,2,13.14,30,9.2,90.2
dairy,2,13.22,0,13.22,47.3
dairy,1,3.92,0,3.92,45.6
dairy,4,11.78,40,7.07,86.6
dairy,5,13.67,0,13.67,44.2
dairy,5,9.39,20,7.51,58.4
dairy,6,12.64,30,8.85,72.0
dairy,5,13.08,0,13.08,42.8
dairy,6,5.98,40,3.59,63.2
dairy,4,2.16,50,1.08,117.2
dairy,7,13.46,40,8.08,62.9
dairy,2,2.39,0,2.39,50.4
dairy,4,6.87,40,4.12,77.6
dairy,0,7.03,0,7.03,41.9
dairy,2,9.93,0,9.93,42.1
dairy,1,8.96,0,8.96,55.2
dairy,5,14.87,30,10.41,97.9
dairy,4,3.35,0,3.35,36.4
dairy,0,3.7,40,2.22,130.8
dairy,4,4.99,30,3.49,100.4
dairy,7,12.97,0,12.97,53.3
dairy,0,4.18,40,2.51,108.1
dairy,2,11.19,20,8.95,67.8
dairy,4,2.11,10,1.9,39.1
dairy,7,10.28,0,10.28,36.8
dairy,3,12.43,20,9.95,57.9
dairy,4,6.76,0,6.76,51.8
dairy,5,9.53,20,7.63,65.8
dairy,2,8.73,40,5.24,81.8
dairy,1,9.61,20,7.69,60.5
dairy,2,8.38,50,4.19,89.0
dairy,7,8.9,0,8.9,39.6
dairy,4,14.4,20,11.52,59.3
dairy,6,5.41,10,4.87,38.2
dairy,5,9.94,0,9.94,32.9
dairy,1,12.88,0,12.88,42.4
dairy,1,4.55,30,3.19,76.8
dairy,0,11.01,40,6.6,88.1
dairy,5,9.2,40,5.52,120.3
dairy,2,8.34,50,4.17,75.5
dairy,0,10.95,0,10.95,48.2
dairy,6,3.21,20,2.57,46.5
dairy,4,9.49,0,9.49,35.6
dairy,4,5.05,20,4.04,60.4
dairy,3,10.16,30,7.11,140.9
dairy,3,4.61,10,4.15,41.6
dairy,5,9.69,0,9.69,44.8
dairy,1,9.64,30,6.75,186.4
dairy,0,9.19,40,5.51,113.1
dairy,1,6.39,30,4.47,78.3
dairy,0,4.57,50,2.28,230.9
dairy,6,5.21,40,3.13,59.5
dairy,5,11.09,40,6.66,112.1
dairy,5,11.55,0,11.55,34.5
dairy,6,7.36,20,5.89,72.8
dairy,4,6.7,0,6.7,50.3
dairy,2,8.73,10,7.85,57.7
dairy,1,7.42,0,7.42,41.3
dairy,1,4.33,20,3.47,52.2
dairy,5,5.43,10,4.89,43.4
dairy,2,14.64,0,14.64,44.7
dairy,5,6.86,0,6.86,28.5
dairy,0,8.83,20,7.07,72.1
dairy,0,11.49,20,9.19,50.5
dairy,7,2.7,40,1.62,76.1
dairy,3,6.65,0,6.65,56.3
dairy,1,6.65,20,5.32,62.4
dairy,7,8.12,20,6.5,53.2
dairy,1,4.25,0,4.25,53.9
dairy,3,13.84,0,13.84,34.9
dairy,7,2.57,10,2.31,46.2
dairy,3,14.55,30,10.18,67.2
dairy,7,9.31,20,7.44,57.9
dairy,4,10.07,20,8.05,46.7
dairy,5,13.79,0,13.79,56.4
dairy,2,6.19,0,6.19,39.5
dairy,0,13.99,50,7.0,126.8
dairy,3,11.39,0,11.39,42.3
dairy,7,2.18,30,1.52,64.2
dairy,0,14.99,40,8.99,147.6
dairy,7,14.41,40,8.65,112.3
dairy,4,3.78,20,3.03,28.1
dairy,5,10.82,50,5.41,85.2
dairy,2,2.82,0,2.82,51.1
dairy,1,5.42,0,5.42,68.7
dairy,2,3.09,10,2.78,57.6
dairy,0,4.56,10,4.1,68.1
dairy,1,14.55,10,13.09,64.2
dairy,2,2.93,0,2.93,64.8
dairy,5,8.79,0,8.79,41.0
dairy,0,8.99,0,8.99,49.3
dairy,2,7.6,0,7.6,41.8
dairy,7,7.02,40,4.21,60.4
dairy,6,7.95,50,3.98,112.3
dairy,7,7.11,10,6.4,39.6
dairy,5,8.29,50,4.14,122.6
dairy,3,9.4,10,8.46,40.0
dairy,0,7.69,20,6.15,135.1
dairy,0,5.07,20,4.06,67.9
dairy,6,7.95,0,7.95,39.0
dairy,2,10.8,0,10.8,43.3
dairy,4,13.14,0,13.14,37.7
dairy,6,5.93,0,5.93,44.7
dairy,1,9.54,50,4.77,194.0
dairy,2,7.07,0,7.07,37.7
dairy,4,11.51,0,11.51,44.1
dairy,5,14.92,0,14.92,40.1
dairy,5,11.37,20,9.09,56.5
dairy,4,12.73,10,11.46,43.0
dairy,7,6.95,20,5.56,54.7
dairy,0,14.53,0,14.53,79.3
dairy,2,13.08,0,13.08,51.1
dairy,6,4.96,50,2.48,118.3
dairy,6,9.28,40,5.57,90.6
dairy,1,8.02,50,4.01,117.1
dairy,6,4.68,0,4.68,62.6
dairy,2,2.25,0,2.25,60.9
dairy,0,5.99,10,5.39,44.4
dairy,3,5.15,30,3.61,63.2
dairy,5,9.81,10,8.83,44.6
dairy,1,7.15,40,4.29,80.8
dairy,4,5.91,10,5.32,39.1
dairy,4,4.53,0,4.53,32.5
dairy,6,13.25,30,9.27,104.8
dairy,2,4.41,30,3.09,93.3
dairy,5,11.48,50,5.74,72.1
dairy,3,4.04,50,2.02,117.4
dairy,2,3.77,0,3.77,69.1
dairy,5,8.58,40,5.15,61.9
dairy,4,4.99,0,4.99,49.8
dairy,5,8.19,0,8.19,34.3
dairy,6,2.1,0,2.1,28.4
dairy,0,5.31,0,5.31,59.2
dairy,1,9.3,0,9.3,36.4
dairy,6,11.19,30,7.83,61.5
dairy,2,5.74,30,4.02,73.3
dairy,7,10.71,30,7.5,67.8
dairy,0,10.49,0,10.49,74.4
dairy,7,5.47,0,5.47,31.8
dairy,5,9.99,30,6.99,55.6
dairy,7,11.84,0,11.84,41.5
dairy,6,9.58,0,9.58,52.3
dairy,1,9.02,20,7.22,35.5
dairy,7,5.75,10,5.18,38.3
dairy,2,4.98,10,4.48,35.9
dairy,1,6.28,20,5.02,59.9
dairy,3,3.2,0,3.2,29.2
dairy,7,6.5,50,3.25,160.5
dairy,5,7.76,20,6.21,89.8
dairy,3,12.84,10,11.55,50.9
dairy,1,3.0,20,2.4,118.9
dairy,3,14.09,0,14.09,35.2
dairy,3,7.08,0,7.08,29.9
dairy,1,14.3,0,14.3,57.2
dairy,1,9.27,0,9.27,26.4
dairy,1,6.9,50,3.45,114.6
dairy,0,11.31,20,9.04,85.7
dairy,3,9.93,30,6.95,83.2
dairy,1,4.14,50,2.07,77.0
dairy,5,14.38,10,12.94,39.5
dairy,1,2.34,0,2.34,53.7
dairy,5,7.0,0,7.0,43.2
dairy,3,6.56,0,6.56,43.8
dairy,3,11.0,10,9.9,61.4
dairy,1,9.99,30,6.99,57.6
dairy,3,11.01,30,7.71,81.7
dairy,7,14.66,40,8.79,59.2
dairy,4,7.49,20,5.99,31.5
dairy,7,13.03,20,10.42,44.6
dairy,6,9.49,20,7.59,38.4
dairy,3,2.51,0,2.51,27.2
dairy,1,2.01,0,2.01,49.7
dairy,2,3.19,40,1.92,81.8
dairy,6,9.15,20,7.32,52.2
dairy,6,6.36,20,5.09,76.7
dairy,4,8.54,10,7.69,37.9
dairy,1,13.47,10,12.13,78.4
dairy,5,3.89,10,3.5,49.5
dairy,4,3.16,0,3.16,66.0
dairy,6,7.32,30,5.12,57.9
dairy,6,9.3,50,4.65,65.2
dairy,3,2.1,40,1.26,64.8
dairy,3,12.28,0,12.28,57.3
dairy,7,13.95,10,12.55,34.8
dairy,7,8.87,0,8.87,56.1
dairy,2,6.57,30,4.6,115.4
dairy,3,2.71,50,1.35,179.5
dairy,7,6.89,20,5.52,57.8
dairy,2,9.72,30,6.8,40.4
dairy,2,7.95,40,4.77,107.3
dairy,6,11.63,30,8.14,79.3
dairy,5,3.96,40,2.37,104.2
dairy,2,14.78,20,11.82,61.8
dairy,4,10.53,20,8.43,36.5
dairy,2,2.67,0,2.67,31.7
dairy,6,7.16,50,3.58,74.8
dairy,1,6.87,40,4.12,72.1
dairy,5,7.75,50,3.88,125.4
dairy,0,7.09,20,5.67,76.4
dairy,5,14.78,0,14.78,53.0
dairy,5,8.87,0,8.87,32.5
dairy,1,11.99,0,11.99,35.8
dairy,3,14.6,20,11.68,54.3
dairy,3,5.41,0,5.41,43.5
dairy,2,9.51,30,6.66,69.6
dairy,2,11.3,0,11.3,33.2
dairy,5,2.91,0,2.91,33.5
dairy,6,4.0,0,4.0,44.0
dairy,4,3.96,20,3.17,72.7
dairy,0,12.54,0,12.54,66.5
dairy,5,2.37,30,1.66,72.7
dairy,0,13.38,0,13.38,47.0
dairy,0,11.55,10,10.4,48.5
dairy,1,8.44,0,8.44,47.1
dairy,7,8.33,50,4.17,127.8
dairy,3,6.88,0,6.88,45.8
dairy,5,9.53,0,9.53,38.2
dairy,0,6.13,0,6.13,42.1
dairy,0,3.06,0,3.06,41.5
dairy,5,13.09,10,11.78,37.4
dairy,5,6.34,0,6.34,29.0
dairy,5,9.46,0,9.46,28.4
dairy,5,6.78,0,6.78,50.2
dairy,2,3.42,20,2.74,71.4
dairy,2,8.61,40,5.17,76.0
dairy,5,4.26,0,4.26,22.2
dairy,0,6.29,0,6.29,51.7
dairy,4,12.61,30,8.83,63.9
dairy,5,5.78,30,4.05,50.9
dairy,0,9.62,20,7.69,55.1
dairy,6,12.67,0,12.67,31.4
dairy,7,10.68,50,5.34,128.5
dairy,6,9.6,0,9.6,55.1
dairy,3,14.9,20,11.92,38.2
dairy,4,14.22,10,12.8,47.0
dairy,1,7.39,50,3.7,151.5
dairy,0,3.7,20,2.96,68.6
dairy,7,11.16,20,8.93,53.2
dairy,6,8.47,10,7.62,44.3
dairy,4,5.89,0,5.89,20.1
dairy,1,4.89,30,3.43,90.3
dairy,7,6.77,30,4.74,84.6
dairy,1,3.87,20,3.1,45.8
dairy,0,8.26,20,6.61,108.7
dairy,3,11.04,10,9.94,59.5
dairy,7,7.66,50,3.83,76.2
dairy,1,9.45,0,9.45,41.7
dairy,6,7.99,50,4.0,84.1
dairy,2,3.94,20,3.16,47.3
dairy,6,9.16,0,9.16,41.0
dairy,2,3.88,10,3.49,41.3
dairy,5,5.27,10,4.75,61.7
dairy,5,13.77,40,8.26,92.9
dairy,3,11.51,40,6.91,107.3
dairy,7,2.92,20,2.34,45.5
dairy,7,4.62,40,2.77,74.7
dairy,2,6.06,0,6.06,72.4
dairy,6,8.1,20,6.48,132.5
dairy,0,7.17,30,5.02,64.4
dairy,1,11.07,50,5.54,92.8
dairy,7,11.77,0,11.77,34.1
dairy,7,9.31,0,9.31,38.4
dairy,5,2.86,30,2.0,110.6
dairy,4,12.38,40,7.43,72.3
dairy,0,3.95,30,2.77,165.5
dairy,7,4.23,40,2.54,89.4
dairy,7,11.0,0,11.0,38.4
dairy,1,7.63,20,6.11,61.7
dairy,4,6.13,0,6.13,47.8
dairy,4,11.28,40,6.77,93.3
dairy,1,7.61,30,5.32,100.6
dairy,5,8.41,20,6.72,40.7
dairy,0,14.87,20,11.9,86.1
dairy,1,2.99,20,2.39,42.1
dairy,6,4.55,10,4.09,47.8
dairy,2,6.79,30,4.75,56.4
dairy,1,11.4,30,7.98,66.6
dairy,2,8.13,50,4.07,137.8
dairy,2,7.15,10,6.43,69.4
dairy,5,12.72,0,12.72,38.8
dairy,1,3.56,50,1.78,114.2
dairy,7,8.33,30,5.83,64.8
dairy,2,5.46,0,5.46,41.2
dairy,2,10.21,20,8.17,79.0
dairy,2,6.59,0,6.59,50.2
dairy,6,3.28,10,2.95,43.2
dairy,0,2.44,0,2.44,52.9
dairy,6,4.35,0,4.35,38.9
dairy,0,12.53,20,10.02,84.8
dairy,6,7.58,0,7.58,34.0
dairy,5,5.18,20,4.15,47.5
dairy,1,11.28,20,9.02,92.2
dairy,2,7.51,50,3.75,139.6
dairy,2,3.28,50,1.64,226.8
dairy,0,8.09,20,6.47,86.9
dairy,6,14.14,40,8.49,100.9
dairy,0,4.16,20,3.33,86.8
dairy,5,9.44,0,9.44,27.2
dairy,4,2.0,50,1.0,153.1
dairy,6,14.22,30,9.95,46.4
dairy,1,4.13,0,4.13,42.9
dairy,3,2.88,0,2.88,39.3
dairy,0,5.18,0,5.18,72.5
dairy,1,9.55,0,9.55,53.3
dairy,0,13.01,20,10.41,69.0
dairy,6,6.86,0,6.86,37.4
dairy,1,3.4,20,2.72,55.3
dairy,5,6.32,0,6.32,44.3
dairy,4,10.71,0,10.71,35.1
dairy,5,10.11,0,10.11,50.4
dairy,6,12.9,0,12.9,37.1
dairy,5,2.55,20,2.04,60.1
dairy,2,7.15,20,5.72,40.3
dairy,6,5.35,20,4.28,63.2
dairy,6,12.98,0,12.98,34.9
dairy,2,11.47,10,10.32,57.7
dairy,5,4.85,40,2.91,93.8
dairy,3,5.79,30,4.06,86.2
dairy,3,9.8,40,5.88,99.8
dairy,2,6.88,50,3.44,120.9
dairy,4,8.92,50,4.46,108.4
dairy,5,9.9,50,4.95,100.3
dairy,1,8.35,50,4.17,98.6
dairy,2,7.7,40,4.62,129.8
dairy,2,12.23,0,12.23,48.2
dairy,5,4.45,40,2.67,75.3
dairy,5,12.53,30,8.77,98.8
dairy,5,13.32,50,6.66,53.7
dairy,3,10.02,0,10.02,40.6
dairy,7,11.82,0,11.82,52.2
dairy,7,6.24,0,6.24,28.8
dairy,1,14.74,10,13.27,38.0
dairy,6,5.18,50,2.59,186.9
dairy,2,6.68,20,5.35,87.6
dairy,5,5.04,50,2.52,134.8
dairy,2,5.27,30,3.69,113.2
dairy,7,9.25,0,9.25,45.2
dairy,2,2.39,0,2.39,43.3
dairy,5,6.84,30,4.79,59.3
dairy,3,8.27,20,6.62,53.0
dairy,1,9.4,0,9.4,56.5
dairy,6,6.29,30,4.4,85.8
dairy,6,13.78,0,13.78,27.9
dairy,3,2.88,0,2.88,44.4
dairy,3,14.03,20,11.23,68.2
dairy,7,9.89,40,5.93,98.0
dairy,7,7.77,50,3.89,104.6
dairy,7,3.84,30,2.69,80.3
dairy,0,13.44,10,12.1,61.0
dairy,2,5.78,30,4.05,67.8
dairy,7,9.58,10,8.63,45.0
dairy,3,12.12,20,9.7,47.3
dairy,1,3.01,0,3.01,49.7
dairy,3,6.13,50,3.07,65.5
dairy,6,8.62,10,7.76,57.7
dairy,5,6.92,10,6.23,49.4
dairy,4,10.08,40,6.05,89.5
dairy,1,8.01,0,8.01,67.1
dairy,5,8.86,50,4.43,74.3
dairy,4,5.92,0,5.92,44.4
dairy,4,12.63,30,8.84,50.2
dairy,3,5.59,20,4.47,93.3
dairy,3,2.56,30,1.79,90.2
dairy,3,11.04,30,7.73,88.9
dairy,7,12.98,0,12.98,45.1
dairy,3,4.42,30,3.09,94.5
dairy,3,13.47,10,12.12,91.9
dairy,2,8.8,40,5.28,63.2
dairy,4,10.89,0,10.89,34.1
dairy,6,3.84,10,3.46,42.9
dairy,5,9.46,10,8.51,51.8
dairy,1,11.15,0,11.15,56.6
dairy,7,2.91,10,2.62,40.1
dairy,2,3.15,20,2.52,99.8
dairy,0,4.69,10,4.22,63.3
dairy,6,2.5,10,2.25,39.8
dairy,6,5.41,0,5.41,57.2
dairy,2,6.42,50,3.21,153.1
dairy,3,8.93,0,8.93,43.9
dairy,0,10.69,0,10.69,51.7
dairy,7,10.41,30,7.29,58.1
dairy,2,9.32,0,9.32,40.8
dairy,5,2.59,30,1.81,80.0
dairy,7,14.89,0,14.89,58.0
dairy,2,2.17,0,2.17,41.7
dairy,7,2.07,0,2.07,40.9
dairy,2,6.86,30,4.8,69.6
dairy,7,11.93,10,10.73,39.7
dairy,4,3.89,0,3.89,46.9
dairy,2,10.56,0,10.56,62.3
dairy,4,9.17,10,8.25,32.1
dairy,1,2.42,0,2.42,84.1
dairy,0,14.54,50,7.27,90.7
dairy,4,7.07,30,4.95,78.9
dairy,5,4.28,40,2.57,59.9
dairy,4,12.37,0,12.37,30.8
dairy,5,10.22,30,7.15,43.0
dairy,0,7.28,50,3.64,146.6
dairy,4,2.86,0,2.86,52.4
dairy,3,14.41,10,12.96,47.2
dairy,1,10.13,20,8.11,98.4
dairy,6,13.05,50,6.52,66.1
dairy,6,13.32,0,13.32,47.4
dairy,1,5.25,0,5.25,48.9
dairy,4,3.1,40,1.86,126.9
dairy,2,2.23,0,2.23,47.0
dairy,3,13.68,0,13.68,45.2
dairy,5,6.07,20,4.86,43.7
dairy,5,14.16,20,11.33,34.2
dairy,3,11.88,0,11.88,40.1
dairy,5,6.76,10,6.09,76.0
dairy,6,9.67,20,7.73,32.8
dairy,4,12.89,0,12.89,40.3
dairy,7,11.14,50,5.57,111.9
dairy,7,2.99,10,2.69,53.5
dairy,5,12.57,30,8.8,81.4
dairy,3,6.27,0,6.27,55.3
dairy,1,13.32,40,7.99,75.8
dairy,5,2.26,20,1.81,75.7
dairy,6,14.54,40,8.72,48.5
dairy,3,6.56,0,6.56,29.2
dairy,2,13.99,0,13.99,37.5
dairy,1,10.64,0,10.64,47.8
dairy,1,14.84,10,13.35,66.1
dairy,0,13.7,40,8.22,119.5
dairy,5,4.48,0,4.48,26.3
dairy,3,10.39,40,6.23,73.9
dairy,6,13.09,30,9.17,38.9
dairy,5,7.09,10,6.38,46.9
dairy,3,7.86,0,7.86,51.7
dairy,1,7.9,0,7.9,37.2
dairy,1,7.28,10,6.55,59.3
dairy,6,8.52,40,5.11,117.5
dairy,2,7.44,0,7.44,42.2
dairy,7,10.54,40,6.33,70.1
dairy,5,9.61,20,7.69,44.3
dairy,1,4.04,0,4.04,53.6
dairy,3,9.58,30,6.71,64.2
dairy,2,10.08,0,10.08,37.2
dairy,5,13.11,0,13.11,63.2
dairy,3,8.53,0,8.53,41.0
dairy,7,3.32,40,1.99,123.3
dairy,2,9.07,40,5.44,93.5
dairy,0,13.48,0,13.48,38.7
dairy,6,9.89,0,9.89,37.0
dairy,1,10.8,10,9.72,58.5
dairy,2,11.89,0,11.89,54.0
dairy,6,11.01,10,9.91,36.2
dairy,5,7.07,10,6.36,38.9
dairy,3,8.59,20,6.87,43.3
dairy,5,9.55,20,7.64,56.7
dairy,0,12.44,10,11.19,68.9
dairy,3,5.91,0,5.91,58.3
dairy,5,8.42,0,8.42,37.4
dairy,7,4.84,0,4.84,27.6
dairy,6,5.09,20,4.07,34.6
dairy,4,2.44,40,1.47,83.7
dairy,7,4.88,0,4.88,72.5
dairy,1,14.68,0,14.68,71.9
dairy,1,5.04,10,4.53,69.6
dairy,0,2.43,30,1.7,97.9
dairy,2,11.36,10,10.23,47.5
dairy,6,5.02,30,3.51,81.3
dairy,5,7.61,0,7.61,23.5
dairy,6,7.86,10,7.07,59.2
dairy,5,2.16,0,2.16,45.4
dairy,1,5.85,40,3.51,74.2
dairy,0,2.87,10,2.58,47.5
dairy,1,5.25,40,3.15,91.6
dairy,3,9.61,30,6.73,125.4
dairy,3,12.15,40,7.29,115.6
dairy,7,13.89,40,8.33,111.8
dairy,2,9.7,0,9.7,42.8
dairy,0,2.66,0,2.66,80.7
dairy,2,11.18,20,8.94,55.0
dairy,3,7.81,10,7.02,60.4
dairy,3,4.57,0,4.57,39.5
dairy,0,11.68,20,9.34,88.1
dairy,1,12.1,0,12.1,52.0
dairy,2,6.79,40,4.07,99.9
dairy,1,9.2,10,8.28,64.7
dairy,1,12.14,30,8.5,69.6
dairy,6,5.75,20,4.6,60.2
dairy,6,2.96,10,2.66,36.9
dairy,2,7.71,0,7.71,50.5
dairy,6,7.43,0,7.43,42.9
dairy,2,6.32,10,5.69,49.3
dairy,7,2.22,0,2.22,32.3
dairy,5,4.0,20,3.2,53.0
dairy,5,9.13,0,9.13,29.0
dairy,5,8.92,0,8.92,49.0
dairy,3,6.75,30,4.73,84.1
dairy,2,3.78,0,3.78,29.6
dairy,6,8.2,50,4.1,95.3
dairy,1,14.35,40,8.61,84.6
dairy,3,13.47,0,13.47,42.9
dairy,4,5.35,30,3.74,51.4
dairy,6,6.85,50,3.43,85.3
dairy,6,12.72,0,12.72,25.4
dairy,4,9.16,10,8.24,53.3
dairy,7,13.58,20,10.87,89.4
dairy,1,8.82,50,4.41,117.5
dairy,2,7.31,30,5.12,54.0
dairy,5,3.35,10,3.01,36.6
dairy,4,3.46,10,3.12,52.6
dairy,3,3.6,0,3.6,37.0
dairy,5,7.86,40,4.71,78.4
dairy,3,5.72,30,4.0,71.8
dairy,7,7.65,0,7.65,49.0
dairy,5,5.65,10,5.08,31.0
dairy,1,2.5,10,2.25,43.8
dairy,2,10.06,10,9.05,53.4
dairy,1,3.28,10,2.95,40.7
dairy,1,3.43,0,3.43,49.6
dairy,2,13.18,20,10.54,64.1
dairy,3,13.04,10,11.74,79.6
dairy,6,4.89,30,3.42,90.4
dairy,4,2.28,10,2.05,31.5
dairy,6,5.82,0,5.82,38.4
dairy,6,14.17,20,11.34,58.2
dairy,0,9.79,0,9.79,54.9
dairy,0,9.54,40,5.73,81.4
dairy,3,14.9,30,10.43,62.9
dairy,2,2.41,0,2.41,53.4
dairy,2,2.5,0,2.5,56.8
dairy,6,13.75,50,6.88,80.3
dairy,5,14.93,10,13.44,50.0
dairy,5,3.31,30,2.32,69.6
dairy,2,5.89,40,3.53,71.4
dairy,1,3.39,0,3.39,59.8
dairy,7,5.02,20,4.01,80.0
dairy,2,14.14,30,9.9,81.4
dairy,3,11.16,10,10.04,24.7
dairy,0,8.29,30,5.8,111.3
dairy,5,5.45,30,3.81,60.3
dairy,6,5.58,50,2.79,86.5
dairy,1,9.55,20,7.64,78.1
dairy,1,9.56,20,7.65,67.8
dairy,6,5.33,10,4.8,24.4
dairy,4,10.05,0,10.05,35.7
dairy,6,4.55,0,4.55,24.2
dairy,2,13.76,40,8.25,75.4
dairy,1,5.42,0,5.42,63.9
dairy,0,12.12,10,10.91,52.5
dairy,3,6.47,30,4.53,80.9
dairy,5,9.03,20,7.23,49.1
dairy,6,5.16,30,3.61,63.4
dairy,1,13.84,40,8.3,125.0
dairy,4,9.97,20,7.98,53.5
dairy,7,11.51,0,11.51,36.9
dairy,6,3.54,0,3.54,33.1
dairy,3,4.63,40,2.78,98.0
dairy,5,7.79,20,6.23,48.0
dairy,1,12.61,20,10.09,82.0
dairy,2,6.19,10,5.57,44.4
dairy,3,9.31,40,5.59,61.2
dairy,0,11.02,40,6.61,105.4
dairy,3,8.88,0,8.88,51.6
dairy,4,8.68,20,6.94,48.1
dairy,1,8.4,20,6.72,63.7
dairy,3,2.44,0,2.44,31.2
dairy,3,8.08,10,7.27,63.5
dairy,6,4.23,0,4.23,43.8
dairy,3,10.9,10,9.81,41.2
dairy,6,7.73,10,6.96,31.2
dairy,6,8.36,0,8.36,36.7
dairy,7,10.87,0,10.87,29.5
dairy,7,9.05,20,7.24,61.4
dairy,6,3.85,50,1.93,147.0
dairy,3,12.4,0,12.4,50.9
dairy,1,10.11,30,7.08,85.7
dairy,2,12.67,10,11.4,43.3
dairy,2,14.66,10,13.19,51.4
dairy,2,14.49,40,8.69,110.3
dairy,5,13.15,40,7.89,61.6
dairy,0,8.34,30,5.84,57.4
dairy,2,11.84,0,11.84,55.8
dairy,5,7.03,10,6.32,60.3
dairy,0,8.5,30,5.95,96.2
dairy,7,13.26,0,13.26,57.3
dairy,4,8.91,40,5.35,73.1
dairy,6,9.45,10,8.51,45.9
dairy,2,11.56,30,8.09,75.6
dairy,5,13.42,30,9.39,66.6
dairy,2,9.33,10,8.4,48.8
dairy,3,2.78,10,2.5,46.0
dairy,5,9.12,10,8.21,52.9
dairy,2,8.0,30,5.6,79.0
dairy,0,3.63,20,2.9,78.0
dairy,2,9.15,50,4.57,127.5
dairy,4,10.78,20,8.63,65.8
dairy,4,8.83,20,7.07,55.2
dairy,6,11.83,20,9.46,49.5
dairy,4,5.01,0,5.01,54.9
dairy,7,7.92,50,3.96,57.8
dairy,0,10.45,30,7.32,61.6
dairy,1,9.93,40,5.96,96.1
dairy,1,13.79,40,8.27,102.9
dairy,6,11.59,10,10.43,46.6
dairy,1,4.98,30,3.49,64.7
dairy,6,3.21,30,2.24,73.5
dairy,0,9.27,0,9.27,36.2
dairy,4,3.0,40,1.8,51.7
dairy,2,2.73,0,2.73,49.9
dairy,1,13.6,10,12.24,67.0
dairy,4,3.5,0,3.5,33.8
dairy,4,11.79,20,9.43,74.2
dairy,2,13.49,0,13.49,43.4
dairy,3,2.5,30,1.75,69.0
dairy,4,6.5,40,3.9,72.4
dairy,7,9.16,50,4.58,115.2
dairy,1,10.88,0,10.88,49.2
dairy,7,10.02,50,5.01,104.8
dairy,6,11.83,30,8.28,43.9
dairy,4,12.17,10,10.96,42.0
dairy,3,10.64,30,7.45,91.5
dairy,6,12.76,0,12.76,39.9
dairy,3,11.39,30,7.98,58.1
dairy,2,4.64,20,3.71,66.9
dairy,5,6.78,0,6.78,39.8
dairy,7,10.83,30,7.58,50.6
dairy,0,4.93,0,4.93,50.9
dairy,7,7.39,40,4.43,99.2
dairy,3,2.44,0,2.44,52.6
dairy,0,14.85,0,14.85,50.6
dairy,3,10.33,0,10.33,60.3
dairy,0,14.64,30,10.25,78.9
dairy,1,13.93,50,6.96,192.6
dairy,3,8.9,0,8.9,44.1
dairy,2,9.2,40,5.52,56.6
dairy,2,10.81,10,9.73,40.4
dairy,1,13.93,10,12.54,61.5
dairy,4,2.67,0,2.67,83.0
dairy,7,13.1,20,10.48,58.8
dairy,7,7.64,0,7.64,36.8
dairy,3,11.68,20,9.34,40.6
dairy,7,5.37,0,5.37,42.9
dairy,6,7.0,30,4.9,40.7
dairy,3,5.34,0,5.34,36.7
dairy,5,3.78,20,3.02,67.4
dairy,1,14.82,10,13.33,54.0
dairy,5,3.09,0,3.09,33.1
dairy,0,7.56,30,5.3,108.0
dairy,2,11.64,20,9.31,47.6
dairy,6,11.39,10,10.25,33.5
dairy,7,5.41,0,5.41,58.3
dairy,0,14.78,40,8.87,92.3
dairy,1,9.61,40,5.77,131.3
dairy,4,4.78,0,4.78,49.6
dairy,7,9.11,0,9.11,51.3
dairy,1,9.14,0,9.14,49.5
dairy,2,10.79,20,8.64,76.3
dairy,0,2.47,0,2.47,58.1
dairy,1,2.51,20,2.01,92.9
dairy,5,9.75,50,4.87,169.9
dairy,1,5.28,0,5.28,61.1
dairy,0,10.23,50,5.12,190.7
dairy,0,9.36,0,9.36,52.5
dairy,2,12.9,50,6.45,204.2
dairy,5,3.55,50,1.77,78.6
dairy,3,3.76,10,3.38,34.8
dairy,7,12.62,40,7.57,71.2
dairy,6,11.58,30,8.1,60.5
dairy,5,6.27,20,5.02,73.5
dairy,1,11.68,0,11.68,51.6
dairy,1,2.57,0,2.57,42.3
dairy,3,7.5,0,7.5,34.9
dairy,5,5.07,20,4.06,53.8
dairy,0,7.03,20,5.62,108.5
dairy,6,14.98,0,14.98,40.2
dairy,3,4.49,0,4.49,57.3
dairy,4,7.19,0,7.19,41.4
dairy,0,9.18,30,6.43,113.0
dairy,7,3.29,10,2.96,30.5
dairy,2,14.7,40,8.82,103.0
dairy,4,3.81,30,2.67,78.7
dairy,2,6.28,20,5.03,79.6
dairy,7,5.54,30,3.88,70.9
dairy,3,2.01,0,2.01,30.3
dairy,5,3.24,50,1.62,216.4
dairy,0,8.53,0,8.53,97.4
dairy,4,8.77,0,8.77,44.6
dairy,7,6.0,10,5.4,71.1
dairy,1,13.33,10,12.0,59.9
dairy,4,10.29,40,6.17,54.2
dairy,7,8.84,0,8.84,58.0
dairy,0,12.15,30,8.51,70.5
dairy,1,5.62,0,5.62,56.5
dairy,3,3.96,50,1.98,103.3
dairy,2,9.32,20,7.45,49.6
dairy,4,7.21,0,7.21,38.6
dairy,6,6.97,10,6.27,47.6
dairy,1,7.36,0,7.36,76.1
dairy,6,10.7,40,6.42,68.1
dairy,3,4.77,10,4.29,48.8
dairy,1,2.59,30,1.82,98.1
dairy,1,11.72,0,11.72,44.4
dairy,7,9.08,10,8.17,63.2
dairy,2,13.03,0,13.03,42.9
dairy,5,12.24,40,7.34,99.8
dairy,4,14.62,30,10.23,82.3
dairy,5,12.23,0,12.23,34.3
dairy,7,7.78,10,7.0,49.0
dairy,7,2.13,30,1.49,73.7
dairy,6,9.77,30,6.84,92.0
dairy,5,14.03,20,11.22,46.0
dairy,3,3.1,50,1.55,98.2
dairy,4,5.06,30,3.54,75.0
dairy,7,10.77,30,7.54,76.9
dairy,5,3.08,0,3.08,32.6
dairy,4,2.65,20,2.12,56.4
dairy,5,9.38,20,7.5,72.4
dairy,6,2.66,0,2.66,56.9
dairy,6,5.29,10,4.76,44.9
dairy,3,14.95,0,14.95,44.7
dairy,2,13.64,50,6.82,110.7
dairy,1,11.53,0,11.53,34.9
dairy,4,8.06,40,4.83,84.9
dairy,7,11.23,20,8.98,51.9
dairy,5,14.03,30,9.82,89.8
dairy,7,9.95,30,6.96,58.4
dairy,2,7.13,50,3.56,117.4
dairy,4,5.84,0,5.84,27.1
dairy,5,13.13,20,10.5,73.2
dairy,7,9.69,50,4.85,123.9
dairy,2,9.18,30,6.43,59.4
dairy,7,14.97,10,13.48,45.6
dairy,5,14.53,20,11.62,59.5
dairy,4,8.52,0,8.52,40.2
dairy,6,2.34,0,2.34,33.2
dairy,0,14.35,0,14.35,47.4
dairy,6,12.28,10,11.05,38.1
dairy,4,8.47,0,8.47,37.3
dairy,1,2.15,20,1.72,98.3
dairy,6,2.57,0,2.57,47.0
dairy,5,7.46,0,7.46,51.2
dairy,5,12.46,20,9.97,43.6
dairy,2,13.23,20,10.58,54.4
dairy,4,4.72,30,3.3,83.1
dairy,1,13.15,0,13.15,44.5
dairy,5,11.95,0,11.95,49.3
dairy,4,3.41,0,3.41,33.6
dairy,0,2.02,0,2.02,50.0
dairy,3,2.25,0,2.25,22.7
dairy,5,9.94,10,8.94,43.7
dairy,6,4.56,20,3.65,56.2
dairy,0,3.86,0,3.86,55.6
dairy,4,2.44,40,1.46,65.3
dairy,6,6.25,0,6.25,35.8
dairy,1,7.18,20,5.74,77.9
dairy,7,10.54,30,7.38,77.9
dairy,5,2.03,40,1.22,85.9
dairy,0,2.31,40,1.39,151.3
dairy,1,12.68,0,12.68,33.8
dairy,2,3.81,30,2.67,137.5
dairy,0,6.62,10,5.95,102.5
dairy,2,5.23,20,4.19,47.6
dairy,3,5.29,30,3.7,94.7
dairy,6,3.69,0,3.69,30.5
dairy,3,2.62,20,2.09,68.8
dairy,0,2.0,20,1.6,109.6
dairy,7,3.96,50,1.98,100.5
dairy,0,2.21,20,1.77,79.6
dairy,5,7.42,0,7.42,49.9
dairy,2,7.59,0,7.59,39.8
dairy,2,10.63,0,10.63,39.6
dairy,1,5.76,0,5.76,44.0
dairy,1,14.26,30,9.98,103.0
dairy,0,11.68,0,11.68,40.9
dairy,1,8.87,30,6.21,117.2
dairy,5,11.06,40,6.63,79.2
dairy,0,14.54,0,14.54,62.6
dairy,5,10.89,0,10.89,35.4
dairy,6,9.46,40,5.68,83.1
dairy,4,4.72,0,4.72,55.1
dairy,6,7.62,20,6.09,72.5
dairy,4,14.25,0,14.25,34.1
dairy,4,12.68,50,6.34,164.7
dairy,1,14.83,40,8.9,45.7
dairy,7,3.31,30,2.31,38.8
dairy,7,4.4,50,2.2,87.9
dairy,3,7.47,30,5.23,88.6
dairy,7,6.83,20,5.47,50.6
dairy,0,5.67,50,2.83,134.9
dairy,2,8.27,30,5.79,79.4
dairy,0,3.28,0,3.28,60.3
dairy,4,3.31,0,3.31,46.3
dairy,5,8.52,0,8.52,38.1
dairy,6,8.37,20,6.69,40.1
dairy,1,14.15,30,9.91,64.1
dairy,6,13.31,0,13.31,31.0
dairy,4,10.08,40,6.05,89.9
dairy,1,14.91,0,14.91,31.8
dairy,7,8.04,50,4.02,102.9
dairy,0,3.54,40,2.12,147.2
dairy,0,3.13,10,2.82,81.3
dairy,6,6.72,0,6.72,35.9
dairy,5,2.03,10,1.83,62.1
dairy,5,5.39,10,4.85,28.8
dairy,0,9.74,20,7.79,90.9
dairy,3,3.64,50,1.82,100.7
dairy,4,8.63,0,8.63,27.2
dairy,3,14.53,50,7.26,150.5
dairy,5,3.52,0,3.52,41.4
dairy,0,12.53,40,7.52,154.1
dairy,7,12.65,0,12.65,44.3
dairy,0,10.45,0,10.45,46.8
dairy,1,10.44,30,7.3,112.5
dairy,0,3.13,10,2.82,60.5
dairy,1,3.95,50,1.97,117.3
dairy,3,4.09,0,4.09,44.7
dairy,4,8.2,0,8.2,55.2
dairy,1,4.3,20,3.44,75.2
dairy,3,9.72,30,6.8,104.7
dairy,0,12.04,50,6.02,156.8
dairy,7,14.47,0,14.47,37.7
dairy,4,9.15,50,4.57,97.5
dairy,1,13.24,0,13.24,32.3
dairy,2,12.14,40,7.28,88.8
dairy,2,9.98,30,6.99,62.9
dairy,7,13.52,30,9.46,103.8
dairy,0,6.99,30,4.89,91.6
dairy,6,11.23,10,10.11,46.6
dairy,6,14.1,10,12.69,36.2
dairy,6,7.57,50,3.79,67.2
dairy,6,13.47,0,13.47,58.6
dairy,6,11.76,30,8.23,72.9
dairy,6,5.99,0,5.99,61.3
dairy,5,8.09,0,8.09,57.1
dairy,1,5.78,50,2.89,124.8
dairy,4,12.52,30,8.76,77.3
dairy,6,8.27,20,6.61,67.3
dairy,0,5.0,50,2.5,112.5
dairy,4,3.81,10,3.43,40.3
dairy,0,9.34,30,6.54,102.4
dairy,6,6.26,20,5.01,43.2
dairy,4,3.42,20,2.73,56.0
dairy,0,3.99,30,2.79,104.6
dairy,1,4.28,20,3.43,94.8
dairy,0,10.11,40,6.06,153.8
dairy,5,12.13,50,6.06,123.7
dairy,0,13.88,20,11.11,123.1
dairy,3,14.96,0,14.96,51.2
dairy,3,3.47,10,3.12,47.0
dairy,0,5.11,20,4.09,83.3
dairy,2,2.78,20,2.23,66.9
dairy,7,8.04,30,5.63,58.2
dairy,4,10.32,20,8.25,40.9
dairy,2,7.99,40,4.79,105.0
dairy,5,12.28,40,7.37,65.9
dairy,7,13.62,30,9.54,35.2
dairy,0,9.82,50,4.91,162.8
dairy,3,8.55,0,8.55,26.6
dairy,5,7.74,0,7.74,24.1
dairy,6,9.18,10,8.26,38.7
dairy,2,4.35,0,4.35,86.0
dairy,1,14.47,0,14.47,62.6
dairy,2,3.87,10,3.48,56.5
dairy,1,9.78,0,9.78,72.7
dairy,5,13.83,0,13.83,43.7
dairy,5,12.05,30,8.44,55.0
dairy,5,13.22,0,13.22,34.0
dairy,2,13.88,30,9.72,72.0
dairy,1,7.66,0,7.66,50.6
dairy,2,6.8,10,6.12,60.8
dairy,4,4.31,50,2.16,94.8
dairy,1,3.11,0,3.11,62.2
dairy,3,12.34,40,7.4,75.4
dairy,4,4.41,0,4.41,37.6
dairy,2,7.76,0,7.76,46.6
dairy,5,5.31,0,5.31,41.6
dairy,2,8.75,0,8.75,56.7
dairy,0,3.22,0,3.22,63.8
dairy,3,4.82,40,2.89,34.5
dairy,4,14.59,20,11.67,68.9
dairy,0,7.69,20,6.15,95.5
dairy,7,5.07,30,3.55,93.9
dairy,1,9.1,50,4.55,108.4
dairy,5,7.04,10,6.34,32.3
dairy,4,8.03,0,8.03,54.8
dairy,0,14.39,0,14.39,65.7
dairy,2,5.52,30,3.86,85.3
dairy,5,8.12,20,6.5,75.7
dairy,3,5.59,0,5.59,52.6
dairy,1,8.58,30,6.0,74.1
dairy,7,11.25,0,11.25,31.8
dairy,5,9.47,0,9.47,42.7
dairy,6,13.97,0,13.97,43.1
dairy,2,12.84,30,8.99,116.5
dairy,1,9.54,30,6.68,76.6
dairy,0,7.59,20,6.08,75.9
dairy,0,6.72,20,5.37,84.2
dairy,5,14.88,0,14.88,42.5
dairy,3,13.36,10,12.02,42.8
dairy,6,7.73,10,6.96,46.3
dairy,6,6.57,40,3.94,74.0
dairy,3,10.11,10,9.1,46.2
dairy,6,13.56,0,13.56,52.5
dairy,5,4.72,50,2.36,122.8
dairy,5,13.06,0,13.06,34.9
dairy,1,12.69,30,8.89,110.9
dairy,4,6.94,50,3.47,91.2
dairy,6,7.52,40,4.51,91.2
dairy,4,12.79,20,10.24,42.9
dairy,3,3.27,20,2.62,49.0
dairy,0,7.15,20,5.72,74.9
dairy,3,3.61,0,3.61,33.5
dairy,3,9.01,30,6.3,95.6
dairy,6,10.4,30,7.28,49.0
dairy,2,5.72,50,2.86,197.7
dairy,0,10.85,10,9.77,65.3
dairy,3,13.34,10,12.0,45.1
dairy,0,6.67,20,5.33,49.6
dairy,0,10.34,0,10.34,41.4
dairy,2,10.82,10,9.74,67.8
dairy,0,9.4,0,9.4,47.4
dairy,6,9.81,20,7.85,59.9
dairy,0,5.24,0,5.24,71.1
dairy,6,5.28,30,3.7,85.4
dairy,7,13.36,0,13.36,40.0
dairy,2,3.3,30,2.31,50.0
dairy,0,12.85,0,12.85,57.9
dairy,6,4.0,0,4.0,43.1
dairy,4,8.68,0,8.68,26.3
dairy,2,2.57,0,2.57,60.2
dairy,7,4.49,30,3.14,42.7
dairy,5,12.16,10,10.94,41.7
dairy,1,8.8,20,7.04,59.9
dairy,3,11.48,0,11.48,32.9
dairy,2,14.95,0,14.95,40.0
dairy,5,12.04,0,12.04,33.2
dairy,1,8.36,0,8.36,56.9
dairy,2,13.62,10,12.26,53.0
dairy,5,7.49,0,7.49,49.9
dairy,6,13.94,10,12.54,72.9
dairy,0,14.83,10,13.34,71.7
dairy,0,12.59,20,10.07,119.6
dairy,1,9.09,0,9.09,87.1
dairy,3,12.56,30,8.79,66.9
dairy,5,7.59,30,5.31,55.9
dairy,3,10.57,50,5.29,97.5
dairy,1,4.02,0,4.02,58.6
dairy,6,3.27,0,3.27,44.6
dairy,4,2.67,30,1.87,68.9
dairy,4,10.87,10,9.78,81.7
dairy,1,3.09,0,3.09,52.4
dairy,5,8.68,50,4.34,80.7
dairy,4,10.83,30,7.58,99.8
dairy,7,9.01,0,9.01,54.8
dairy,4,3.39,10,3.05,35.0
dairy,0,9.67,50,4.83,203.4
dairy,1,12.66,10,11.4,57.6
dairy,2,2.26,30,1.58,52.9
dairy,0,13.78,10,12.4,52.0
dairy,1,6.98,20,5.59,76.9
dairy,1,11.74,0,11.74,40.9
dairy,2,5.77,0,5.77,46.7
dairy,0,2.35,30,1.64,92.9
dairy,4,5.83,0,5.83,51.6
dairy,7,3.77,10,3.4,54.5
dairy,4,7.87,0,7.87,39.0
dairy,2,14.89,0,14.89,51.5
dairy,6,13.0,0,13.0,38.5
dairy,5,10.39,30,7.27,95.7
dairy,6,11.22,20,8.98,38.9
dairy,7,8.83,30,6.18,67.3
dairy,3,13.4,30,9.38,72.3
dairy,6,14.33,50,7.17,74.1
dairy,1,5.65,20,4.52,72.9
dairy,7,12.71,30,8.9,129.6
dairy,0,8.78,0,8.78,55.9
dairy,4,8.13,0,8.13,48.1
dairy,2,13.29,10,11.96,67.5
dairy,5,2.24,10,2.01,50.2
dairy,6,12.21,20,9.77,57.3
dairy,3,2.51,10,2.26,48.1
dairy,1,6.5,0,6.5,62.7
dairy,7,4.04,0,4.04,28.7
dairy,2,4.42,10,3.97,41.9
dairy,4,7.11,20,5.68,54.2
dairy,0,9.99,10,8.99,67.5
dairy,3,9.3,40,5.58,141.4
dairy,4,7.19,10,6.47,55.5
dairy,7,12.08,0,12.08,45.3
dairy,0,8.42,20,6.74,92.0
dairy,3,14.1,10,12.69,65.3
dairy,1,5.83,0,5.83,41.0
dairy,0,4.07,0,4.07,82.3
dairy,3,3.1,50,1.55,115.4
dairy,4,5.05,0,5.05,33.1
dairy,0,9.03,0,9.03,38.0
dairy,0,12.87,0,12.87,51.8
dairy,2,10.94,0,10.94,37.4
dairy,1,13.84,0,13.84,34.1
dairy,1,14.32,50,7.16,103.4
dairy,7,3.84,0,3.84,49.2
dairy,7,5.84,0,5.84,39.6
dairy,7,2.82,20,2.26,57.0
dairy,4,10.01,30,7.01,92.6
dairy,6,4.36,40,2.62,139.4
dairy,6,12.73,30,8.91,90.2
dairy,7,9.28,50,4.64,50.2
dairy,3,9.14,20,7.31,54.1
dairy,6,5.67,0,5.67,24.1
dairy,6,5.84,50,2.92,74.0
dairy,7,11.49,0,11.49,38.0
dairy,5,2.2,30,1.54,59.3
dairy,2,3.4,30,2.38,80.0
dairy,3,7.57,0,7.57,41.3
dairy,0,6.77,0,6.77,38.7
dairy,0,13.42,50,6.71,97.1
dairy,5,10.75,30,7.52,42.4
dairy,1,6.61,0,6.61,38.7
dairy,2,3.77,20,3.01,71.1
dairy,5,9.65,0,9.65,43.0
dairy,1,2.53,30,1.77,134.6
dairy,5,4.78,0,4.78,48.8
dairy,6,6.15,30,4.31,125.5
dairy,3,5.84,0,5.84,40.7
dairy,4,10.24,10,9.21,37.8
dairy,2,9.84,0,9.84,33.3
dairy,3,5.96,10,5.36,73.3
dairy,2,11.86,30,8.3,91.6
dairy,4,13.26,50,6.63,190.8
dairy,4,9.55,0,9.55,32.1
dairy,6,12.21,0,12.21,50.9
dairy,4,2.33,30,1.63,60.9
dairy,0,8.21,20,6.57,47.2
dairy,7,3.17,10,2.85,78.7
dairy,4,10.57,20,8.46,55.5
dairy,2,7.31,20,5.85,48.2
dairy,3,6.65,10,5.99,59.1
dairy,7,12.73,20,10.18,42.7
dairy,6,3.2,40,1.92,96.2
dairy,0,2.61,0,2.61,44.0
dairy,1,13.5,10,12.15,62.4
dairy,1,12.38,0,12.38,47.3
dairy,1,8.31,40,4.99,133.0
dairy,6,7.31,30,5.12,71.1
dairy,6,8.82,30,6.17,65.1
dairy,3,14.88,10,13.39,57.7
dairy,2,13.63,0,13.63,73.7
dairy,3,12.52,10,11.27,63.2
dairy,0,5.94,10,5.35,90.2
dairy,5,2.86,20,2.29,64.5
dairy,5,13.76,0,13.76,30.5
dairy,1,12.95,30,9.07,103.9
dairy,3,9.93,50,4.96,136.4
dairy,4,2.93,10,2.64,38.7
dairy,7,6.46,30,4.52,126.9
dairy,1,6.17,50,3.09,213.2
dairy,2,7.15,50,3.58,107.7
dairy,6,14.96,0,14.96,31.5
dairy,3,7.06,0,7.06,56.1
dairy,3,6.13,20,4.91,59.7
dairy,0,7.26,20,5.81,92.6
dairy,6,7.66,40,4.6,75.3
dairy,4,12.23,0,12.23,53.2
dairy,1,12.02,10,10.82,52.4
dairy,7,5.46,30,3.82,54.6
dairy,0,14.41,0,14.41,67.8
dairy,2,8.86,0,8.86,57.0
dairy,2,8.02,0,8.02,47.4
dairy,7,11.26,0,11.26,41.2
dairy,7,5.01,30,3.5,43.2
dairy,0,11.81,40,7.08,100.9
dairy,3,6.0,30,4.2,76.5
dairy,2,4.06,0,4.06,49.8
dairy,5,2.36,0,2.36,37.2
dairy,7,14.72,0,14.72,26.6
dairy,4,14.43,0,14.43,43.3
dairy,3,14.87,0,14.87,80.2
dairy,6,10.27,30,7.19,53.6
dairy,2,2.28,0,2.28,59.8
dairy,2,7.84,30,5.49,45.9
dairy,4,4.88,40,2.93,47.7
dairy,2,9.26,0,9.26,51.9
dairy,2,6.97,0,6.97,51.4
dairy,7,5.41,30,3.79,50.6
dairy,2,2.14,0,2.14,43.7
dairy,0,11.32,10,10.18,89.9
dairy,4,11.45,0,11.45,53.0
dairy,6,14.53,40,8.72,109.2
dairy,4,10.34,20,8.27,40.1
dairy,5,10.46,10,9.42,44.7
dairy,2,6.15,0,6.15,54.7
dairy,2,8.75,0,8.75,63.7
dairy,7,11.36,30,7.95,77.7
dairy,0,15.0,10,13.5,117.2
dairy,6,10.58,20,8.47,40.7
dairy,6,12.27,0,12.27,35.8
dairy,1,6.3,10,5.67,55.0
dairy,4,12.25,50,6.13,113.8
dairy,4,14.68,20,11.75,57.3
dairy,3,8.15,0,8.15,40.4
dairy,3,3.1,10,2.79,49.8
dairy,5,5.14,10,4.62,46.8
dairy,4,4.49,40,2.7,149.4
dairy,7,4.66,20,3.73,53.0
dairy,7,10.43,0,10.43,50.6
dairy,7,8.97,0,8.97,42.8
dairy,6,3.71,10,3.34,47.3
dairy,7,9.96,30,6.98,73.4
dairy,2,2.1,20,1.68,78.2
dairy,0,10.13,40,6.08,78.9
dairy,4,4.71,0,4.71,29.8
dairy,5,13.19,30,9.24,83.7
dairy,4,11.06,0,11.06,34.8
dairy,5,10.34,10,9.31,63.2
dairy,4,4.7,0,4.7,37.7
dairy,3,13.69,20,10.95,57.1
dairy,6,8.72,20,6.97,55.1
dairy,4,8.38,30,5.87,54.8
dairy,4,5.0,0,5.0,28.8
dairy,7,9.85,50,4.93,78.6
dairy,1,10.12,0,10.12,72.5
dairy,3,8.24,40,4.95,83.6
dairy,2,8.16,0,8.16,40.8
dairy,0,10.15,0,10.15,62.8
dairy,3,13.14,30,9.2,52.3
dairy,4,10.51,50,5.26,123.1
dairy,3,11.03,40,6.62,82.1
dairy,3,12.25,10,11.02,36.8
dairy,6,8.2,50,4.1,102.4
dairy,0,8.35,30,5.85,120.5
dairy,7,3.66,50,1.83,139.4
dairy,2,3.26,0,3.26,75.1
dairy,1,7.68,10,6.91,67.2
dairy,0,2.67,0,2.67,57.7
dairy,4,9.76,30,6.83,76.9
dairy,3,13.8,40,8.28,109.0
dairy,1,11.3,30,7.91,78.9
dairy,0,10.42,0,10.42,62.8
dairy,2,6.19,10,5.57,44.1
dairy,6,9.24,40,5.55,89.3
dairy,0,5.57,30,3.9,75.1
dairy,4,6.51,0,6.51,53.8
dairy,5,4.96,0,4.96,51.8
dairy,3,3.37,0,3.37,50.8
dairy,4,10.26,0,10.26,44.0
dairy,4,12.59,50,6.3,147.6
dairy,0,5.09,10,4.58,56.8
dairy,6,7.92,0,7.92,48.6
dairy,7,2.21,20,1.77,64.7
dairy,2,14.43,50,7.21,136.7
dairy,3,14.49,40,8.7,108.3
dairy,6,11.93,30,8.35,60.3
dairy,3,7.01,30,4.91,63.9
dairy,4,10.37,50,5.18,139.1
dairy,3,4.12,30,2.89,87.1
dairy,3,10.72,0,10.72,45.6
dairy,0,11.54,0,11.54,60.8
dairy,7,9.75,0,9.75,61.5
dairy,6,4.05,50,2.02,65.8
dairy,3,5.91,40,3.55,110.4
dairy,1,11.18,0,11.18,45.5
dairy,1,10.86,0,10.86,56.6
dairy,3,10.02,0,10.02,42.9
dairy,3,13.76,40,8.25,109.5
dairy,6,9.86,0,9.86,21.5
dairy,0,4.59,0,4.59,49.0
dairy,4,14.16,40,8.5,107.1
dairy,3,9.47,30,6.63,56.3
dairy,0,14.43,30,10.1,71.8
dairy,6,7.25,50,3.62,121.8
dairy,3,5.52,10,4.97,82.1
dairy,5,8.35,30,5.85,69.0
dairy,1,10.05,0,10.05,57.7
dairy,7,14.28,30,10.0,48.1
dairy,1,10.8,20,8.64,46.0
dairy,1,5.05,50,2.52,142.0
dairy,6,9.71,50,4.86,116.8
dairy,5,9.7,30,6.79,49.4
dairy,4,9.94,30,6.96,87.4
dairy,4,5.37,30,3.76,63.1
dairy,6,10.74,10,9.66,41.6
dairy,0,6.67,50,3.34,137.2
dairy,2,9.06,0,9.06,52.8
dairy,7,4.99,0,4.99,28.3
dairy,3,7.61,0,7.61,44.1
dairy,5,10.71,0,10.71,46.7
dairy,7,7.53,40,4.52,66.2
dairy,3,13.01,0,13.01,57.5
dairy,7,9.87,0,9.87,48.4
dairy,0,9.43,0,9.43,38.6
dairy,6,8.81,40,5.28,66.4
dairy,6,8.45,0,8.45,48.5
dairy,7,4.31,0,4.31,40.7
dairy,7,4.73,0,4.73,29.8
dairy,1,14.28,30,10.0,73.9
dairy,6,4.52,0,4.52,38.3
dairy,7,3.86,40,2.32,121.2
dairy,3,9.77,0,9.77,48.3
dairy,0,14.03,20,11.22,84.1
dairy,2,11.69,30,8.19,63.3
dairy,3,9.05,0,9.05,39.5
dairy,1,6.53,20,5.22,96.2
dairy,4,7.01,0,7.01,73.7
dairy,2,9.85,0,9.85,32.8
dairy,4,9.36,10,8.43,59.6
dairy,1,12.67,0,12.67,46.2
dairy,4,14.84,30,10.39,102.9
dairy,0,7.74,10,6.96,60.6
dairy,5,3.67,20,2.94,62.1
dairy,4,7.4,0,7.4,28.1
dairy,2,9.43,30,6.6,91.5
dairy,0,12.41,40,7.45,132.1
dairy,5,14.45,50,7.23,73.2
dairy,1,5.03,20,4.02,57.0
dairy,4,9.61,0,9.61,37.6
dairy,1,13.58,0,13.58,56.7
dairy,2,2.0,20,1.6,48.4
dairy,3,12.03,30,8.42,51.1
dairy,2,3.13,30,2.19,67.3
dairy,2,12.65,30,8.86,90.6
dairy,2,4.93,0,4.93,36.4
dairy,0,2.97,20,2.38,84.2
dairy,3,4.73,10,4.26,33.1
dairy,6,10.54,0,10.54,43.4
dairy,3,12.61,10,11.35,41.7
dairy,6,11.69,0,11.69,40.0
dairy,2,11.57,40,6.94,102.1
dairy,7,4.32,50,2.16,76.6
dairy,2,4.48,40,2.69,72.4
dairy,6,3.54,30,2.48,66.8
dairy,4,8.62,10,7.76,31.9
dairy,5,7.45,40,4.47,53.0
dairy,3,8.99,10,8.09,45.2
dairy,7,8.4,0,8.4,45.4
dairy,7,8.35,40,5.01,69.3
dairy,2,14.42,0,14.42,42.8
dairy,2,3.35,50,1.67,166.7
dairy,2,3.77,10,3.4,56.7
dairy,5,5.88,0,5.88,44.5
dairy,2,14.9,0,14.9,43.8
dairy,2,5.7,0,5.7,50.3
dairy,5,10.56,0,10.56,50.1
dairy,0,11.54,10,10.39,97.5
dairy,0,7.41,0,7.41,57.3
dairy,2,2.59,0,2.59,46.5
dairy,7,6.62,20,5.29,60.4
dairy,3,8.34,20,6.67,86.2
dairy,2,4.53,0,4.53,38.5
dairy,1,4.06,40,2.43,129.1
dairy,2,5.83,40,3.5,54.3
dairy,6,4.68,0,4.68,47.7
dairy,4,12.12,10,10.91,54.4
dairy,7,6.32,50,3.16,202.7
dairy,2,14.27,0,14.27,46.7
dairy,7,14.02,40,8.41,132.0
dairy,6,7.02,0,7.02,28.9
dairy,5,2.65,50,1.32,135.0
dairy,2,11.67,0,11.67,43.2
dairy,1,6.42,30,4.5,75.9
dairy,2,2.61,0,2.61,63.1
dairy,0,12.91,10,11.62,70.1
dairy,2,10.02,0,10.02,60.6
dairy,1,5.49,30,3.85,97.1
dairy,1,4.62,0,4.62,53.3
dairy,3,13.8,20,11.04,73.0
dairy,4,10.62,50,5.31,125.7
dairy,5,14.5,30,10.15,89.4
dairy,3,10.91,0,10.91,28.2
dairy,7,8.65,20,6.92,52.5
dairy,7,11.46,0,11.46,49.5
dairy,6,3.0,10,2.7,43.7
dairy,4,13.08,10,11.77,38.3
dairy,4,6.91,20,5.53,73.3
dairy,4,6.11,0,6.11,68.5
dairy,1,3.13,20,2.51,80.6
dairy,0,4.59,20,3.68,78.6
dairy,0,10.05,30,7.04,69.5
dairy,3,10.96,0,10.96,49.7
dairy,6,12.65,10,11.39,63.2
dairy,2,7.32,0,7.32,32.4
dairy,0,3.48,30,2.44,99.0
dairy,5,14.18,30,9.93,42.4
dairy,3,6.46,0,6.46,53.0
dairy,4,5.62,50,2.81,76.4
dairy,6,8.58,10,7.72,29.6
dairy,2,6.63,40,3.98,74.5
dairy,5,9.94,0,9.94,68.2
dairy,3,7.77,20,6.21,63.3
dairy,3,3.56,50,1.78,92.8
dairy,4,11.75,10,10.57,43.0
dairy,0,5.72,0,5.72,45.5
dairy,6,7.77,10,7.0,86.2
dairy,6,7.56,10,6.8,81.6
dairy,3,6.78,10,6.11,65.9
dairy,7,2.41,30,1.69,70.8
dairy,2,13.59,0,13.59,52.6
dairy,7,2.58,10,2.33,61.1
dairy,1,10.26,40,6.15,152.6
dairy,2,9.33,20,7.46,51.4
dairy,7,5.4,0,5.4,48.0
dairy,6,3.38,30,2.36,60.7
dairy,5,6.64,0,6.64,49.9
dairy,7,12.77,0,12.77,28.4
dairy,3,2.94,50,1.47,172.4
dairy,6,8.6,40,5.16,102.0
dairy,4,11.05,0,11.05,42.1
dairy,6,11.37,10,10.23,46.6
dairy,0,14.33,20,11.47,84.6
dairy,4,4.6,30,3.22,74.8
dairy,5,8.77,0,8.77,72.1
dairy,4,11.02,0,11.02,23.7
dairy,1,13.98,20,11.18,95.9
dairy,7,5.39,40,3.24,71.9
dairy,7,10.9,0,10.9,35.7
dairy,7,4.18,50,2.09,120.6
dairy,1,7.92,0,7.92,59.4
dairy,3,11.66,50,5.83,145.3
dairy,1,13.69,0,13.69,70.1
dairy,1,6.6,10,5.94,41.5
dairy,0,12.98,10,11.68,56.4
dairy,1,11.98,30,8.39,77.3
dairy,4,13.41,20,10.73,53.6
dairy,0,8.91,20,7.12,77.6
dairy,7,14.63,50,7.32,118.7
dairy,6,13.11,0,13.11,52.7
dairy,0,6.73,0,6.73,46.2
dairy,7,11.69,10,10.52,53.6
dairy,7,11.44,40,6.86,82.9
dairy,5,5.91,50,2.95,112.8
dairy,7,11.75,10,10.57,56.3
dairy,6,3.05,10,2.75,50.1
dairy,5,12.19,10,10.97,37.3
dairy,4,8.64,0,8.64,42.6
dairy,2,11.32,30,7.92,76.0
dairy,1,2.89,0,2.89,66.0
dairy,5,3.62,0,3.62,21.9
dairy,2,11.66,0,11.66,55.3
dairy,3,10.8,10,9.72,57.1
dairy,2,3.39,0,3.39,51.2
dairy,1,4.07,0,4.07,86.6
dairy,5,14.06,0,14.06,30.9
dairy,1,13.1,40,7.86,68.1
dairy,5,3.15,30,2.2,49.7
dairy,4,9.05,20,7.24,75.6
dairy,3,7.15,50,3.57,120.5
dairy,1,5.76,50,2.88,152.3
dairy,3,7.98,0,7.98,58.4
dairy,3,9.22,50,4.61,144.3
dairy,6,7.41,20,5.93,48.2
dairy,4,14.85,0,14.85,40.3
dairy,3,5.27,20,4.21,78.8
dairy,3,13.66,40,8.2,91.0
dairy,0,14.93,30,10.45,131.5
dairy,4,13.24,10,11.92,51.8
dairy,3,3.12,30,2.19,84.5
dairy,0,5.1,50,2.55,114.8
dairy,3,11.69,40,7.01,72.3
dairy,4,13.3,50,6.65,72.2
dairy,7,6.42,0,6.42,55.5
dairy,6,12.14,20,9.71,75.2
dairy,1,6.08,0,6.08,67.9
dairy,1,2.64,20,2.11,65.2
dairy,3,13.28,0,13.28,35.2
dairy,1,13.02,0,13.02,50.4
dairy,7,7.75,10,6.97,59.3
dairy,1,6.71,50,3.36,128.2
dairy,1,9.48,40,5.69,125.9
dairy,2,6.23,40,3.74,68.1
dairy,5,12.26,50,6.13,119.0
dairy,4,3.2,0,3.2,63.9
dairy,2,12.27,0,12.27,29.6
dairy,7,3.77,50,1.88,77.5
dairy,7,7.75,50,3.87,84.7
dairy,0,11.33,40,6.8,167.8
dairy,6,12.02,40,7.21,49.2
dairy,4,3.21,30,2.25,46.0
dairy,0,2.85,10,2.56,66.9
dairy,0,12.81,40,7.69,109.8
dairy,1,3.85,50,1.93,108.7
dairy,3,12.02,20,9.61,57.7
dairy,1,6.15,0,6.15,69.4
dairy,7,8.66,0,8.66,34.7
dairy,3,13.18,30,9.23,82.7
dairy,2,7.4,0,7.4,51.7
dairy,1,9.94,0,9.94,42.4
dairy,5,3.8,0,3.8,28.2
dairy,3,7.55,40,4.53,92.5
dairy,6,10.84,0,10.84,35.3
dairy,6,9.81,0,9.81,44.8
dairy,3,14.56,0,14.56,48.9
dairy,2,11.0,20,8.8,61.1
dairy,5,10.53,10,9.48,65.5
dairy,6,8.83,40,5.3,91.7
dairy,3,5.66,0,5.66,53.5
dairy,6,6.16,30,4.31,74.7
dairy,7,3.43,0,3.43,73.7
dairy,7,7.51,0,7.51,55.8
dairy,2,2.14,50,1.07,209.1
dairy,4,6.99,0,6.99,46.1
dairy,4,13.74,40,8.24,79.6
dairy,5,6.8,0,6.8,44.9
dairy,7,10.03,10,9.03,28.9
dairy,1,10.77,30,7.54,109.2
dairy,0,5.43,40,3.26,85.9
dairy,3,4.2,0,4.2,46.7
dairy,3,10.96,10,9.86,55.2
dairy,5,14.79,10,13.31,39.2
dairy,7,2.24,0,2.24,54.1
dairy,6,2.11,40,1.27,98.2
dairy,0,11.02,20,8.82,70.0
dairy,4,4.64,30,3.25,56.9
dairy,7,9.26,0,9.26,42.5
dairy,5,2.58,30,1.8,80.0
dairy,3,5.78,40,3.47,90.1
dairy,5,2.9,50,1.45,130.4
dairy,5,11.69,50,5.85,150.1
dairy,4,5.86,0,5.86,38.7
dairy,3,7.33,30,5.13,97.8
dairy,0,5.04,0,5.04,92.9
dairy,2,6.18,0,6.18,40.8
dairy,6,8.4,0,8.4,39.2
dairy,7,9.43,40,5.66,94.0
dairy,6,13.77,0,13.77,32.9
dairy,0,14.04,0,14.04,40.3
dairy,2,2.96,10,2.67,41.7
dairy,2,13.42,30,9.4,85.7
dairy,6,11.89,20,9.51,50.9
dairy,7,5.42,20,4.33,43.4
dairy,1,3.14,10,2.83,45.6
dairy,5,3.86,20,3.09,47.3
dairy,3,2.3,20,1.84,36.2
dairy,7,12.29,0,12.29,33.3
dairy,2,2.82,50,1.41,170.4
dairy,3,8.14,40,4.89,59.1
dairy,0,2.56,50,1.28,107.2
dairy,7,12.22,20,9.78,54.6
dairy,5,4.58,0,4.58,37.8
dairy,1,13.59,20,10.87,59.1
dairy,1,14.38,10,12.94,54.8
dairy,5,14.39,0,14.39,33.7
dairy,2,13.78,20,11.02,69.6
dairy,5,7.34,0,7.34,45.4
dairy,7,6.61,30,4.62,52.1
dairy,7,8.53,30,5.97,116.1
dairy,2,4.07,0,4.07,37.6
dairy,4,7.1,20,5.68,35.9
dairy,6,10.18,50,5.09,213.6
dairy,7,11.29,30,7.9,53.4
dairy,1,3.74,30,2.62,119.5
dairy,0,4.18,40,2.51,133.8
dairy,4,4.32,0,4.32,37.8
dairy,5,11.98,0,11.98,33.2
dairy,4,8.1,40,4.86,86.2
dairy,6,14.28,40,8.57,75.9
dairy,0,2.23,30,1.56,103.5
dairy,1,9.67,20,7.74,98.3
dairy,6,8.57,0,8.57,36.0
dairy,3,5.95,0,5.95,35.7
dairy,6,7.33,0,7.33,28.1
dairy,7,9.25,20,7.4,39.6
dairy,6,9.94,40,5.97,117.5
dairy,3,12.11,0,12.11,56.3
dairy,2,6.85,50,3.42,157.2
dairy,3,11.03,50,5.51,121.1
dairy,6,9.77,0,9.77,36.6
dairy,0,2.08,0,2.08,57.6
dairy,5,3.33,10,2.99,48.9
dairy,6,10.34,0,10.34,38.0
dairy,2,2.05,0,2.05,76.7
dairy,4,4.39,40,2.63,79.2
dairy,4,5.84,10,5.25,43.2
dairy,4,2.01,0,2.01,28.0
dairy,5,9.88,20,7.9,37.0
dairy,6,2.56,20,2.05,71.2
dairy,4,14.48,20,11.58,51.7
dairy,6,12.33,10,11.09,58.1
dairy,3,6.81,10,6.13,43.0
dairy,4,4.91,30,3.44,74.2
dairy,7,5.11,40,3.07,138.1
dairy,0,7.06,30,4.94,74.8
dairy,2,14.27,10,12.84,50.4
dairy,0,4.03,20,3.22,51.6
dairy,4,7.74,0,7.74,32.0
dairy,6,8.84,30,6.18,46.7
dairy,0,12.99,30,9.09,68.7
dairy,3,6.54,0,6.54,33.4
dairy,3,10.68,20,8.54,67.1
dairy,3,13.06,30,9.14,52.7
dairy,2,4.41,0,4.41,59.8
dairy,6,9.51,0,9.51,45.8
dairy,7,5.68,0,5.68,70.2
dairy,1,2.7,40,1.62,135.4
dairy,4,13.3,0,13.3,39.5
dairy,6,9.26,0,9.26,35.4
dairy,2,2.84,20,2.27,64.6
dairy,5,10.47,0,10.47,49.7
dairy,3,10.04,20,8.03,66.9
dairy,5,4.19,30,2.93,40.2
dairy,7,2.36,30,1.66,63.6
dairy,6,14.64,10,13.17,64.4
dairy,6,3.18,10,2.86,42.9
dairy,0,13.53,10,12.18,62.2
dairy,5,14.76,0,14.76,31.8
dairy,2,10.56,0,10.56,32.4
dairy,6,12.75,50,6.38,100.6
dairy,2,4.37,20,3.5,66.6
dairy,3,9.05,0,9.05,28.3
dairy,5,4.17,50,2.09,90.6
dairy,4,2.34,50,1.17,118.5
dairy,3,10.78,10,9.71,51.5
dairy,3,13.04,20,10.43,46.1
dairy,5,9.73,0,9.73,45.8
dairy,4,6.74,20,5.4,64.4
dairy,7,5.34,0,5.34,34.6
dairy,5,7.44,50,3.72,182.8
dairy,4,7.8,0,7.8,49.2
dairy,5,14.25,40,8.55,81.6
dairy,4,4.1,20,3.28,44.1
dairy,7,6.59,10,5.93,69.9
dairy,4,14.94,0,14.94,55.1
dairy,5,6.86,10,6.18,59.3
dairy,2,13.34,0,13.34,42.9
dairy,4,7.94,20,6.35,51.1
dairy,5,9.72,0,9.72,57.9
dairy,0,6.98,10,6.28,47.9
dairy,6,6.83,0,6.83,27.2
dairy,5,6.79,30,4.75,84.6
dairy,1,9.84,10,8.85,55.3
dairy,4,13.93,20,11.15,35.9
dairy,1,12.41,0,12.41,46.4
dairy,6,13.94,30,9.76,49.0
dairy,0,8.93,0,8.93,53.9
dairy,2,4.12,20,3.3,51.7
dairy,5,10.75,10,9.68,82.7
dairy,2,3.05,40,1.83,134.7
dairy,3,5.66,40,3.4,77.8
dairy,6,11.79,30,8.25,65.9
dairy,2,14.86,50,7.43,153.9
dairy,3,12.31,40,7.39,81.2
dairy,4,3.65,10,3.29,63.3
dairy,4,11.75,40,7.05,83.9
dairy,0,6.78,40,4.07,154.8
dairy,2,10.68,0,10.68,53.3
dairy,6,10.83,40,6.5,106.0
dairy,7,8.28,10,7.45,35.0
dairy,2,2.39,40,1.44,153.9
dairy,5,10.56,50,5.28,79.0
dairy,1,7.03,20,5.62,53.8
dairy,2,9.52,30,6.66,84.9
dairy,6,3.7,0,3.7,32.8
dairy,4,13.45,0,13.45,36.5
dairy,7,5.73,0,5.73,46.4
dairy,0,5.5,20,4.4,80.6
dairy,6,6.26,10,5.63,42.0
dairy,0,9.99,20,7.99,97.2
dairy,4,14.52,30,10.17,50.3
dairy,0,5.94,0,5.94,68.6
dairy,5,13.79,40,8.27,70.8
dairy,5,4.95,10,4.46,44.5
dairy,3,8.5,30,5.95,57.2
dairy,0,5.22,10,4.7,48.5
dairy,0,2.3,20,1.84,72.9
dairy,7,3.37,50,1.69,158.2
dairy,5,3.31,0,3.31,35.4
dairy,6,2.15,0,2.15,33.8
dairy,1,10.79,30,7.56,75.3
dairy,6,7.8,20,6.24,56.9
dairy,5,10.12,0,10.12,51.3
dairy,7,12.54,40,7.52,63.8
dairy,0,11.89,20,9.51,76.4
dairy,5,8.95,0,8.95,41.9
dairy,4,11.33,0,11.33,34.1
dairy,7,7.54,0,7.54,51.4
dairy,0,11.34,10,10.21,69.7
dairy,4,10.87,0,10.87,51.8
dairy,1,5.56,0,5.56,51.4
dairy,0,3.74,20,2.99,76.4
dairy,0,4.36,0,4.36,84.2
dairy,7,5.06,40,3.04,80.9
dairy,6,4.29,0,4.29,31.7
dairy,7,14.3,0,14.3,36.0
dairy,7,3.39,0,3.39,36.6
dairy,3,10.75,30,7.53,60.6
dairy,0,9.56,0,9.56,85.2
dairy,7,9.21,10,8.29,25.2
dairy,2,6.9,30,4.83,58.2
dairy,5,11.99,50,6.0,152.2
dairy,4,12.69,30,8.88,85.9
dairy,4,9.65,10,8.69,48.7
dairy,0,3.68,0,3.68,42.4
dairy,0,14.3,0,14.3,53.9
dairy,4,13.9,30,9.73,61.3
dairy,5,13.6,10,12.24,75.4
dairy,0,2.8,20,2.24,57.6
dairy,1,14.9,20,11.92,77.5
dairy,7,6.39,20,5.12,31.9
dairy,3,10.73,30,7.51,57.0
dairy,1,4.86,10,4.37,62.1
dairy,3,13.25,30,9.28,56.1
dairy,7,12.62,50,6.31,72.4
dairy,3,3.49,0,3.49,52.8
dairy,2,9.34,0,9.34,63.3
dairy,2,8.51,30,5.96,67.5
dairy,4,9.81,0,9.81,44.4
dairy,5,9.22,0,9.22,44.9
dairy,4,9.63,40,5.78,72.6
dairy,1,9.7,0,9.7,30.7
dairy,6,2.64,10,2.38,53.0
dairy,5,5.87,40,3.52,102.8
dairy,4,7.3,40,4.38,82.6
dairy,4,4.52,0,4.52,21.5
dairy,3,14.13,50,7.06,134.9
dairy,5,9.98,0,9.98,37.7
dairy,6,6.37,40,3.82,104.3
dairy,5,7.91,0,7.91,48.4
dairy,0,6.21,30,4.35,171.6
dairy,6,4.47,0,4.47,36.6
dairy,0,12.38,20,9.91,93.5
dairy,0,8.31,0,8.31,52.9
dairy,6,11.74,0,11.74,42.3
dairy,0,8.03,0,8.03,41.9
dairy,0,4.31,0,4.31,62.8
dairy,4,2.32,20,1.86,61.7
dairy,2,5.08,0,5.08,51.5
dairy,3,2.95,30,2.06,89.5
dairy,0,11.47,0,11.47,57.7
dairy,0,6.92,0,6.92,49.3
dairy,7,11.24,40,6.74,63.6
dairy,3,9.48,30,6.64,77.3
dairy,5,8.77,0,8.77,37.8
dairy,2,6.64,50,3.32,124.9
dairy,4,9.47,50,4.74,103.5
dairy,1,6.45,0,6.45,58.1
dairy,1,2.81,0,2.81,60.6
dairy,2,2.24,0,2.24,54.3
dairy,0,2.27,20,1.82,58.4
dairy,1,14.6,30,10.22,66.6
dairy,0,13.64,50,6.82,126.0
dairy,5,7.64,30,5.35,57.1
dairy,3,8.61,0,8.61,27.1
dairy,6,9.8,10,8.82,46.7
dairy,5,7.59,20,6.07,51.9
dairy,1,3.1,50,1.55,169.2
dairy,3,5.99,50,3.0,81.1
dairy,1,6.29,40,3.77,98.4
dairy,4,4.1,0,4.1,36.6
dairy,7,12.55,10,11.29,68.9
dairy,2,8.08,20,6.46,67.2
dairy,2,10.77,10,9.69,61.9
dairy,3,14.44,0,14.44,30.3
dairy,5,7.57,50,3.79,115.5
dairy,0,4.77,10,4.29,62.3
dairy,6,8.3,10,7.47,63.1
dairy,1,11.25,50,5.63,121.4
dairy,4,2.08,10,1.87,40.3
dairy,7,9.38,10,8.44,42.4
dairy,4,8.66,0,8.66,43.4
dairy,3,13.06,0,13.06,52.0
dairy,3,14.7,0,14.7,48.1
dairy,2,3.2,30,2.24,107.1
dairy,3,9.9,20,7.92,71.8
dairy,4,9.44,50,4.72,107.0
dairy,0,13.8,20,11.04,101.5
dairy,6,4.6,30,3.22,97.6
dairy,0,4.27,40,2.56,110.8
dairy,6,7.32,10,6.59,63.1
dairy,3,12.82,10,11.54,35.0
dairy,7,3.72,20,2.98,54.4
dairy,5,5.61,0,5.61,47.4
dairy,0,3.14,0,3.14,47.7
dairy,4,10.55,0,10.55,28.8
dairy,1,7.21,50,3.61,101.7
dairy,0,11.63,0,11.63,56.4
dairy,3,13.07,0,13.07,69.5
dairy,2,14.38,0,14.38,55.2
dairy,7,13.9,10,12.51,46.6
dairy,1,9.67,0,9.67,61.5
dairy,4,9.04,20,7.23,66.4
dairy,1,6.86,0,6.86,51.6
dairy,2,13.05,10,11.74,57.0
dairy,0,10.82,0,10.82,70.4
dairy,2,12.44,20,9.95,44.3
dairy,1,3.26,0,3.26,55.3
dairy,4,5.55,20,4.44,68.7
dairy,7,7.47,0,7.47,36.1
dairy,3,7.54,20,6.03,42.9
dairy,2,9.01,10,8.11,87.7
dairy,2,8.02,0,8.02,36.7
dairy,7,3.48,0,3.48,30.3
dairy,6,3.22,10,2.9,55.0
dairy,0,6.32,30,4.42,90.2
dairy,5,14.86,20,11.89,43.5
dairy,2,12.58,10,11.33,77.0
dairy,3,3.04,10,2.73,47.1
dairy,2,6.04,0,6.04,39.6
dairy,6,8.02,0,8.02,42.1
dairy,5,9.21,20,7.36,57.6
dairy,0,3.53,10,3.18,49.6
dairy,6,8.39,20,6.71,49.4
dairy,6,7.7,0,7.7,30.9
dairy,7,5.87,0,5.87,34.7
dairy,3,12.67,40,7.6,94.9
dairy,7,4.72,30,3.3,35.0
dairy,7,14.38,40,8.63,47.0
dairy,2,7.1,0,7.1,47.4
dairy,0,5.7,50,2.85,118.8
dairy,1,4.9,20,3.92,61.4
dairy,3,10.37,10,9.33,63.0
dairy,5,2.53,30,1.77,62.9
dairy,7,14.39,10,12.95,37.0
dairy,6,13.05,0,13.05,60.3
dairy,7,14.4,0,14.4,42.2
dairy,1,6.41,0,6.41,38.0
dairy,6,10.15,0,10.15,34.2
dairy,3,14.92,0,14.92,39.0
dairy,5,3.58,40,2.15,72.4
dairy,4,5.78,40,3.47,74.1
dairy,5,4.32,0,4.32,48.7
dairy,6,3.21,10,2.89,24.1
dairy,1,6.64,0,6.64,58.5
dairy,5,2.37,50,1.18,85.0
dairy,4,7.24,40,4.34,101.5
dairy,0,13.53,10,12.17,47.0
dairy,2,7.9,20,6.32,67.9
dairy,0,5.96,30,4.17,91.1
dairy,6,4.71,40,2.83,119.3
dairy,3,11.91,20,9.53,40.8
dairy,3,6.6,0,6.6,33.5
dairy,4,6.44,20,5.15,57.7
dairy,2,11.31,0,11.31,36.8
dairy,5,14.19,10,12.77,38.9
dairy,1,14.8,30,10.36,104.8
dairy,2,12.81,40,7.69,121.3
dairy,0,8.65,30,6.05,86.3
dairy,1,5.52,0,5.52,64.7
dairy,4,6.04,10,5.43,54.6
dairy,7,7.99,20,6.39,54.2
dairy,6,10.35,10,9.32,40.0
dairy,2,13.29,20,10.63,90.8
dairy,2,6.05,0,6.05,49.5
dairy,6,7.5,20,6.0,70.6
dairy,2,13.28,10,11.95,53.0
dairy,2,5.78,30,4.05,100.2
dairy,0,11.44,10,10.29,67.9
dairy,4,4.49,0,4.49,31.3
dairy,1,8.96,10,8.06,54.8
dairy,1,8.58,0,8.58,66.0
dairy,0,14.71,20,11.77,78.6
dairy,5,2.78,40,1.67,47.5
dairy,6,2.9,0,2.9,39.8
dairy,4,10.87,30,7.61,77.2
dairy,0,2.45,20,1.96,56.8
dairy,0,3.11,0,3.11,42.9
dairy,7,3.04,50,1.52,132.5
dairy,1,13.84,10,12.45,72.2
dairy,3,10.02,0,10.02,58.1
dairy,2,5.09,0,5.09,37.1
dairy,5,14.16,10,12.74,85.1
dairy,0,9.18,0,9.18,74.5
dairy,3,11.17,0,11.17,45.2
dairy,3,9.99,20,7.99,42.5
dairy,4,4.84,40,2.91,64.7
dairy,6,10.45,0,10.45,41.8
dairy,5,12.1,30,8.47,103.2
dairy,0,10.3,50,5.15,227.6
dairy,1,6.63,20,5.3,80.7
dairy,4,11.88,40,7.13,125.1
dairy,3,3.36,20,2.69,48.1
dairy,3,11.15,50,5.57,70.6
dairy,1,4.74,20,3.79,77.6
dairy,5,8.89,0,8.89,25.9
dairy,4,7.14,0,7.14,42.1
dairy,6,13.1,20,10.48,64.3
dairy,6,3.64,0,3.64,27.7
dairy,7,2.3,0,2.3,43.4
dairy,6,12.21,0,12.21,30.9
dairy,3,14.22,0,14.22,42.0
dairy,2,8.49,0,8.49,73.1
dairy,4,8.77,40,5.26,66.0
dairy,7,10.66,0,10.66,38.1
dairy,2,14.55,0,14.55,59.7
dairy,6,4.87,20,3.9,58.8
dairy,3,13.75,20,11.0,86.5
dairy,1,11.51,40,6.91,180.3
dairy,1,6.73,0,6.73,47.8
dairy,3,7.65,0,7.65,74.1
dairy,6,3.33,20,2.66,54.5
dairy,3,14.3,0,14.3,20.5
dairy,6,4.05,20,3.24,53.0
dairy,0,4.67,0,4.67,52.2
dairy,1,8.9,0,8.9,49.8
dairy,2,4.28,10,3.85,48.5
dairy,5,3.87,20,3.09,35.5
dairy,0,8.22,0,8.22,42.2
dairy,2,7.71,20,6.17,83.1
dairy,1,8.49,0,8.49,75.1
dairy,6,3.1,10,2.79,55.7
dairy,5,12.65,0,12.65,37.4
dairy,2,5.67,0,5.67,61.5
dairy,0,7.36,0,7.36,46.6
dairy,5,3.0,30,2.1,45.9
dairy,3,2.45,10,2.21,68.8
dairy,7,9.03,10,8.13,48.4
dairy,4,14.97,30,10.48,56.7
dairy,6,11.48,0,11.48,35.4
dairy,2,11.31,40,6.79,109.9
dairy,4,14.14,0,14.14,42.6
dairy,4,4.33,20,3.46,30.8
dairy,6,7.29,10,6.56,41.3
dairy,4,5.14,10,4.63,38.9
dairy,0,10.42,10,9.38,73.3
dairy,1,7.13,0,7.13,30.4
dairy,0,11.36,10,10.23,49.9
dairy,6,2.71,30,1.9,73.4
dairy,2,8.09,20,6.48,54.1
dairy,1,2.89,30,2.02,96.0
dairy,7,10.38,0,10.38,38.8
dairy,3,10.59,10,9.53,50.0
dairy,0,13.72,20,10.98,80.0
dairy,1,2.5,50,1.25,112.1
dairy,7,13.57,0,13.57,27.2
dairy,0,2.34,20,1.87,72.0
dairy,5,12.47,0,12.47,37.5
dairy,0,11.88,0,11.88,64.3
dairy,2,3.22,20,2.58,49.1
dairy,3,12.31,10,11.08,51.7
dairy,1,8.54,0,8.54,87.0
dairy,6,12.24,10,11.01,32.6
dairy,6,12.29,10,11.06,62.6
dairy,7,9.81,40,5.88,97.0
dairy,0,10.75,20,8.6,93.5
dairy,2,14.03,40,8.42,131.7
dairy,4,2.75,0,2.75,28.2
dairy,7,8.59,0,8.59,40.7
dairy,6,10.8,20,8.64,36.1
dairy,1,2.92,10,2.63,52.5
dairy,0,8.08,50,4.04,164.6
dairy,6,13.34,0,13.34,25.2
dairy,2,13.63,0,13.63,66.3
dairy,0,8.28,0,8.28,55.2
dairy,7,9.13,30,6.39,73.1
dairy,4,8.45,0,8.45,40.1
dairy,7,2.7,50,1.35,85.8
dairy,6,3.1,0,3.1,29.8
dairy,5,13.03,10,11.73,38.4
dairy,6,10.14,50,5.07,111.0
dairy,2,8.79,0,8.79,46.5
dairy,7,14.35,20,11.48,63.3
dairy,4,14.89,0,14.89,55.6
dairy,2,10.46,10,9.41,40.2
dairy,1,4.39,50,2.19,97.3
dairy,5,7.38,10,6.64,46.8
dairy,6,2.1,0,2.1,26.5
dairy,1,11.13,30,7.79,83.0
dairy,4,4.69,30,3.28,94.8
dairy,7,8.41,0,8.41,42.4
dairy,5,5.61,40,3.36,73.6
dairy,1,12.18,30,8.52,112.0
dairy,3,7.41,30,5.19,63.4
dairy,1,11.11,50,5.55,311.9
dairy,6,5.17,20,4.13,60.6
dairy,2,10.86,0,10.86,54.4
dairy,4,12.75,30,8.92,78.1
dairy,3,13.38,0,13.38,44.6
dairy,5,8.78,20,7.03,58.0
dairy,7,12.43,0,12.43,42.6
dairy,6,5.75,30,4.02,88.0
dairy,7,11.98,30,8.38,93.1
dairy,0,12.0,0,12.0,95.0
dairy,1,6.96,0,6.96,59.4
dairy,0,6.0,0,6.0,44.4
dairy,5,9.15,10,8.24,25.3
dairy,1,9.0,0,9.0,38.6
dairy,5,9.75,20,7.8,57.3
dairy,5,8.66,30,6.06,62.6
dairy,2,12.24,20,9.79,83.8
dairy,2,5.91,0,5.91,43.1
dairy,1,2.42,0,2.42,42.2
dairy,3,7.7,40,4.62,131.1
dairy,0,8.7,0,8.7,55.4
dairy,3,7.65,50,3.82,98.8
dairy,7,7.72,10,6.94,82.9
dairy,1,7.71,10,6.94,48.3
dairy,7,12.94,0,12.94,42.3
dairy,6,13.28,40,7.97,91.3
dairy,6,6.45,20,5.16,54.3
dairy,4,11.16,0,11.16,37.9
dairy,2,13.43,0,13.43,44.5
dairy,4,11.07,30,7.75,63.5
dairy,5,3.72,40,2.23,72.5
dairy,7,10.98,20,8.79,52.5
dairy,6,13.98,30,9.78,70.6
dairy,6,7.04,40,4.23,121.5
dairy,0,4.93,20,3.95,66.1
dairy,4,7.35,10,6.61,42.2
dairy,1,11.29,0,11.29,37.4
dairy,0,4.73,50,2.36,156.1
dairy,4,7.4,10,6.66,37.4
dairy,5,4.06,10,3.66,28.9
dairy,7,9.81,0,9.81,35.3
dairy,5,6.88,10,6.19,36.6
dairy,5,12.32,0,12.32,45.0
dairy,6,4.37,20,3.49,71.5
dairy,3,2.73,50,1.37,84.2
dairy,6,9.99,20,7.99,47.5
dairy,0,13.95,0,13.95,68.5
dairy,7,12.11,20,9.69,52.9
dairy,1,13.01,0,13.01,39.6
dairy,4,14.74,30,10.32,54.6
dairy,4,8.78,10,7.9,45.4
dairy,3,11.69,0,11.69,62.9
dairy,1,8.01,0,8.01,91.0
dairy,6,13.03,20,10.42,52.5
dairy,6,2.56,40,1.53,94.8
dairy,5,3.43,30,2.4,49.9
dairy,6,7.07,20,5.65,68.6
dairy,7,11.25,0,11.25,31.8
dairy,5,10.02,20,8.02,33.2
dairy,1,11.74,20,9.39,83.2
dairy,2,6.36,20,5.09,62.3
dairy,0,3.25,20,2.6,95.3
dairy,1,11.71,40,7.02,153.0
dairy,5,13.32,0,13.32,39.3
dairy,4,13.85,20,11.08,76.4
dairy,4,6.13,0,6.13,54.0
dairy,4,2.48,20,1.98,45.2
dairy,3,4.17,0,4.17,43.8
dairy,0,12.85,20,10.28,66.0
dairy,4,3.16,0,3.16,23.4
dairy,0,10.45,50,5.23,141.4
dairy,5,4.61,40,2.77,67.8
dairy,4,12.88,20,10.31,65.3
dairy,0,4.4,20,3.52,79.1
dairy,3,8.04,30,5.63,47.3
dairy,7,5.92,0,5.92,30.1
dairy,2,10.98,20,8.78,71.1
dairy,3,2.9,20,2.32,76.5
dairy,2,11.03,30,7.72,142.4
dairy,3,12.94,0,12.94,36.7
dairy,5,6.93,30,4.85,118.7
dairy,3,7.73,0,7.73,49.8
dairy,5,12.22,40,7.33,76.7
dairy,2,9.74,0,9.74,55.1
dairy,6,8.64,30,6.05,84.6
dairy,6,10.11,0,10.11,34.0
dairy,7,3.96,10,3.56,33.9
dairy,3,10.14,0,10.14,51.1
dairy,1,4.43,40,2.66,159.6
dairy,2,6.3,0,6.3,60.2
dairy,5,3.04,50,1.52,114.9
dairy,7,6.54,0,6.54,46.8
dairy,0,3.17,30,2.22,77.6
dairy,2,4.08,0,4.08,51.5
dairy,0,11.03,10,9.92,74.0
dairy,3,11.69,20,9.35,52.2
dairy,6,9.16,20,7.33,87.2
dairy,7,4.8,30,3.36,72.7
dairy,1,8.28,30,5.79,77.1
dairy,6,8.12,10,7.31,44.0
dairy,7,7.36,30,5.15,98.7
dairy,3,12.02,30,8.41,62.8
dairy,4,2.29,0,2.29,30.3
dairy,6,13.97,10,12.58,41.3
dairy,1,10.47,20,8.38,69.3
dairy,4,14.08,30,9.85,113.0
dairy,6,3.51,0,3.51,39.4
dairy,1,9.25,0,9.25,53.6
dairy,4,8.28,30,5.79,51.4
dairy,2,6.31,30,4.41,93.0
dairy,6,7.28,20,5.83,37.3
dairy,6,6.16,0,6.16,34.6
dairy,0,5.73,0,5.73,67.9
dairy,3,10.54,20,8.43,88.4
dairy,0,5.34,40,3.2,108.1
dairy,7,9.5,10,8.55,38.0
dairy,4,9.46,40,5.67,81.6
dairy,2,3.45,10,3.1,69.6
dairy,0,7.1,20,5.68,67.5
dairy,4,9.41,0,9.41,33.1
dairy,3,10.37,0,10.37,37.6
dairy,6,13.06,0,13.06,50.4
dairy,0,3.38,20,2.7,50.2
dairy,7,8.86,30,6.2,67.9
dairy,5,9.68,20,7.75,41.1
dairy,6,11.7,40,7.02,64.6
dairy,5,2.05,10,1.85,50.6
dairy,5,13.75,50,6.87,101.0
dairy,0,2.62,0,2.62,49.5
dairy,1,3.25,0,3.25,76.3
dairy,5,8.63,0,8.63,40.9
dairy,1,6.89,0,6.89,28.0
dairy,0,8.37,40,5.02,134.6
dairy,7,9.37,50,4.68,77.2
dairy,2,13.96,30,9.77,71.6
dairy,2,12.86,0,12.86,43.9
dairy,2,8.58,50,4.29,118.0
dairy,4,14.69,20,11.75,67.0
dairy,2,2.01,0,2.01,29.6
dairy,5,4.09,20,3.27,49.8
dairy,6,11.02,30,7.71,55.2
dairy,3,11.0,0,11.0,35.2
dairy,7,4.3,0,4.3,42.9
dairy,2,12.94,10,11.65,69.5
dairy,5,2.79,0,2.79,32.5
dairy,7,2.33,30,1.63,59.6
dairy,7,13.73,10,12.36,69.8
dairy,7,9.57,10,8.61,47.1
dairy,5,11.47,0,11.47,49.8
dairy,2,13.12,20,10.49,90.1
dairy,1,6.69,0,6.69,50.6
dairy,1,2.57,40,1.54,139.5
dairy,6,9.49,30,6.64,65.4
dairy,6,9.34,10,8.41,28.5
dairy,7,7.14,0,7.14,40.9
dairy,0,14.67,20,11.74,69.2
dairy,6,11.02,50,5.51,102.9
dairy,5,9.52,50,4.76,69.6
dairy,1,7.0,40,4.2,74.6
dairy,3,2.67,10,2.41,26.3
dairy,0,6.19,50,3.09,135.8
dairy,2,7.05,50,3.53,128.8
dairy,1,2.08,10,1.87,50.2
dairy,3,14.51,30,10.16,92.6
dairy,4,14.84,20,11.87,72.5
dairy,6,3.25,0,3.25,36.8
dairy,6,4.17,20,3.33,56.0
dairy,6,5.0,0,5.0,26.1
dairy,5,2.55,0,2.55,62.9
dairy,3,6.23,10,5.61,69.9
dairy,1,7.99,0,7.99,60.6
dairy,2,7.95,10,7.16,57.3
dairy,1,3.37,20,2.7,55.1
dairy,3,11.86,50,5.93,156.0
dairy,2,12.08,40,7.25,87.8
dairy,0,8.76,0,8.76,49.3
dairy,0,7.2,10,6.48,107.5
dairy,0,2.54,0,2.54,63.8
dairy,5,11.34,10,10.21,49.1
dairy,5,7.67,20,6.13,53.9
dairy,5,4.47,0,4.47,30.4
dairy,3,5.82,0,5.82,62.2
dairy,1,13.11,20,10.49,92.5
dairy,3,13.37,0,13.37,32.1
dairy,2,4.85,30,3.39,89.0
dairy,4,8.13,30,5.69,105.6
dairy,1,12.98,10,11.68,33.8
dairy,7,13.13,20,10.5,87.4
dairy,7,8.5,0,8.5,42.6
dairy,1,13.74,30,9.62,88.0
dairy,0,3.96,0,3.96,75.1
dairy,2,14.15,20,11.32,53.1
dairy,5,3.39,30,2.38,102.5
dairy,4,5.1,30,3.57,61.5
dairy,4,5.12,30,3.59,61.2
dairy,2,9.02,50,4.51,122.6
dairy,7,9.27,20,7.41,53.9
dairy,2,14.57,0,14.57,42.0
dairy,6,4.72,10,4.25,87.9
dairy,5,2.87,30,2.01,62.2
dairy,5,14.21,10,12.79,29.1
dairy,7,10.62,0,10.62,35.9
dairy,7,4.67,20,3.74,61.2
dairy,7,11.93,30,8.35,87.5
dairy,0,11.32,30,7.92,63.4
dairy,7,5.07,20,4.05,85.7
dairy,0,10.19,10,9.17,69.4
dairy,4,8.27,0,8.27,44.5
dairy,2,14.9,0,14.9,55.6
dairy,2,8.04,0,8.04,55.6
dairy,3,8.51,0,8.51,52.6
dairy,2,5.72,50,2.86,82.3
dairy,1,9.98,0,9.98,50.1
dairy,4,6.48,10,5.84,44.0
dairy,3,11.17,20,8.93,63.4
dairy,1,9.37,10,8.43,54.9
dairy,1,13.1,10,11.79,108.1
dairy,2,9.13,0,9.13,43.1
dairy,1,12.39,20,9.91,78.7
dairy,4,6.25,0,6.25,23.2
dairy,0,9.47,0,9.47,47.2
dairy,7,14.25,0,14.25,53.5
dairy,4,2.1,40,1.26,63.4
dairy,3,7.17,10,6.45,42.3
dairy,3,4.21,50,2.11,133.9
dairy,5,8.4,10,7.56,39.8
dairy,4,3.43,30,2.4,60.8
dairy,6,9.92,30,6.94,80.7
dairy,3,9.46,30,6.62,44.7
dairy,6,4.63,30,3.24,50.7
dairy,7,14.88,30,10.42,55.8
dairy,0,14.22,40,8.53,89.0
dairy,7,5.01,0,5.01,33.8
dairy,2,9.04,0,9.04,50.5
dairy,7,3.85,0,3.85,24.0
dairy,5,10.86,50,5.43,67.4
dairy,4,5.26,50,2.63,135.6
dairy,2,4.02,20,3.21,57.1
dairy,6,2.83,0,2.83,31.2
dairy,2,5.9,0,5.9,54.3
dairy,6,3.28,10,2.95,42.5
dairy,3,9.61,0,9.61,33.3
dairy,6,10.43,20,8.34,62.0
dairy,4,12.55,0,12.55,45.7
dairy,4,9.64,0,9.64,66.0
dairy,4,3.86,30,2.7,62.4
dairy,0,5.09,10,4.58,79.8
dairy,5,13.07,40,7.84,84.6
dairy,5,5.93,30,4.15,45.8
dairy,7,9.86,30,6.9,60.4
dairy,0,14.5,30,10.15,90.0
dairy,7,5.83,0,5.83,33.4
dairy,5,4.08,20,3.26,49.7
dairy,4,11.16,0,11.16,43.4
dairy,1,14.44,0,14.44,33.2
dairy,7,13.69,0,13.69,47.4
dairy,0,13.48,20,10.79,106.0
dairy,1,11.7,50,5.85,142.3
dairy,5,5.89,50,2.94,114.6
dairy,2,14.4,30,10.08,74.1
dairy,7,10.53,30,7.37,53.5
dairy,7,3.0,0,3.0,33.8
dairy,5,5.52,0,5.52,49.6
dairy,4,11.5,0,11.5,35.1
dairy,5,8.81,40,5.29,72.2
dairy,1,7.89,0,7.89,77.3
dairy,2,5.82,0,5.82,49.1
dairy,3,3.68,30,2.57,68.5
dairy,3,4.01,0,4.01,66.3
dairy,4,8.33,0,8.33,69.5
dairy,5,7.13,40,4.28,94.5
dairy,4,14.62,20,11.69,49.7
dairy,0,13.49,50,6.74,207.6
dairy,2,5.56,0,5.56,38.1
dairy,4,2.17,10,1.96,40.6
dairy,1,13.82,0,13.82,32.0
dairy,0,2.75,50,1.38,120.3
dairy,2,14.88,40,8.93,88.0
dairy,6,5.74,30,4.02,60.5
dairy,5,7.52,0,7.52,57.2
dairy,5,14.24,20,11.39,53.6
dairy,4,6.68,30,4.68,52.6
dairy,1,9.54,0,9.54,44.6
dairy,1,11.37,10,10.23,57.2
dairy,7,3.9,0,3.9,43.7
dairy,5,6.38,20,5.11,70.7
dairy,6,11.26,50,5.63,118.0
dairy,1,7.11,20,5.69,58.2
dairy,4,12.51,50,6.26,92.9
dairy,5,14.04,0,14.04,55.9
dairy,7,13.37,10,12.03,66.6
dairy,0,3.64,0,3.64,50.3
dairy,1,13.44,20,10.75,54.5
dairy,1,7.48,40,4.49,103.6
dairy,7,2.14,10,1.93,45.0
dairy,0,3.7,50,1.85,97.3
dairy,4,9.82,10,8.83,51.7
dairy,0,2.31,0,2.31,50.9
dairy,6,12.39,0,12.39,36.2
dairy,5,4.08,0,4.08,47.1
dairy,0,12.93,0,12.93,47.0
dairy,4,9.72,30,6.81,89.9
dairy,0,2.67,20,2.14,84.7
dairy,3,4.67,30,3.27,69.4
dairy,7,2.51,0,2.51,24.0
dairy,7,9.41,0,9.41,41.5
dairy,5,12.53,20,10.02,53.1
dairy,2,12.49,50,6.24,193.8
dairy,5,2.64,10,2.38,43.1
dairy,1,9.0,10,8.1,61.7
dairy,3,5.17,50,2.58,85.2
dairy,7,3.58,0,3.58,40.8
dairy,3,5.7,50,2.85,85.3
dairy,6,14.39,10,12.95,40.3
dairy,7,8.14,0,8.14,28.0
dairy,2,8.73,10,7.86,46.1
dairy,2,13.83,40,8.3,92.3
dairy,3,4.23,40,2.54,79.6
dairy,5,5.08,20,4.06,45.7
dairy,5,7.2,0,7.2,18.9
dairy,7,10.4,0,10.4,41.4
dairy,7,2.01,40,1.2,96.6
dairy,6,12.55,0,12.55,41.4
dairy,7,10.19,0,10.19,56.0
dairy,5,8.73,40,5.24,96.8
dairy,7,12.1,10,10.89,63.8
dairy,7,2.34,0,2.34,37.8
dairy,7,6.3,50,3.15,85.3
dairy,2,3.92,10,3.52,50.1
dairy,1,3.3,20,2.64,84.5
dairy,5,12.65,40,7.59,79.5
dairy,3,2.11,10,1.9,51.4
dairy,5,5.74,50,2.87,102.1
dairy,3,2.91,0,2.91,39.5
dairy,4,14.11,40,8.46,83.0
dairy,4,5.33,20,4.27,56.0
dairy,1,4.14,0,4.14,59.5
dairy,3,11.55,0,11.55,30.6
dairy,5,6.63,30,4.64,49.1
dairy,6,4.39,0,4.39,54.2
dairy,2,7.97,0,7.97,47.8
dairy,5,2.62,20,2.1,48.7
dairy,3,7.57,0,7.57,54.3
dairy,6,10.44,10,9.4,68.0
dairy,4,3.06,20,2.45,36.8
dairy,0,5.35,20,4.28,50.6
dairy,1,9.44,40,5.66,106.6
dairy,0,14.75,30,10.33,58.0
dairy,7,5.84,0,5.84,21.1
dairy,6,2.25,20,1.8,25.6
dairy,5,8.72,50,4.36,89.1
dairy,5,12.15,30,8.5,88.4
dairy,5,13.4,0,13.4,42.5
dairy,0,10.65,20,8.52,58.9
dairy,2,9.9,20,7.92,49.3
dairy,7,3.9,0,3.9,38.2
dairy,0,9.72,20,7.77,84.5
dairy,2,7.56,0,7.56,66.8
dairy,0,14.9,30,10.43,102.8
dairy,7,3.28,20,2.62,49.3
dairy,6,13.57,30,9.5,85.6
dairy,4,13.28,20,10.62,55.7
dairy,4,5.29,40,3.17,78.8
dairy,5,12.5,10,11.25,34.0
dairy,6,14.8,50,7.4,79.3
dairy,7,4.19,0,4.19,48.0
dairy,5,9.0,0,9.0,47.9
dairy,0,6.86,0,6.86,47.3
dairy,2,12.38,20,9.91,75.4
dairy,5,14.92,0,14.92,37.5
dairy,6,12.25,10,11.03,75.7
dairy,3,3.72,30,2.6,61.1
dairy,3,11.56,50,5.78,127.9
dairy,6,2.17,20,1.74,41.9
dairy,7,3.45,30,2.41,67.2
dairy,7,7.79,30,5.45,63.6
dairy,1,10.57,20,8.46,77.4
dairy,5,12.37,0,12.37,33.5
dairy,3,7.29,0,7.29,42.0
dairy,4,11.99,30,8.39,58.2
dairy,0,10.37,10,9.33,55.4
dairy,6,13.24,0,13.24,41.3
dairy,7,12.21,30,8.54,69.7
dairy,2,6.85,0,6.85,33.3
dairy,4,10.27,20,8.21,59.1
dairy,5,2.38,40,1.43,78.0
dairy,6,6.43,20,5.14,61.0
dairy,2,13.55,0,13.55,42.2
dairy,1,2.79,30,1.96,117.3
dairy,5,10.86,10,9.78,38.7
dairy,7,12.23,0,12.23,35.2
dairy,7,6.34,50,3.17,109.0
dairy,1,7.28,0,7.28,58.5
dairy,7,4.78,40,2.87,139.1
dairy,0,3.21,0,3.21,53.7
dairy,3,6.22,40,3.73,131.1
dairy,1,13.2,20,10.56,71.8
dairy,1,6.8,0,6.8,40.6
dairy,5,7.1,30,4.97,70.2
dairy,4,5.55,10,4.99,50.6
dairy,6,7.21,0,7.21,27.9
dairy,2,14.94,20,11.96,70.8
dairy,3,7.0,0,7.0,46.2
dairy,5,10.67,20,8.53,49.2
dairy,5,9.64,20,7.71,58.4
dairy,0,6.86,0,6.86,84.5
dairy,4,2.32,0,2.32,48.1
dairy,2,6.69,10,6.02,37.0
dairy,3,9.19,40,5.51,129.5
dairy,1,3.15,0,3.15,72.9
dairy,4,8.53,0,8.53,50.6
dairy,4,13.41,40,8.04,80.1
dairy,2,9.87,0,9.87,36.2
dairy,2,13.38,20,10.7,66.8
dairy,6,8.84,30,6.19,88.5
dairy,4,12.32,10,11.09,58.7
dairy,5,9.69,0,9.69,36.8
dairy,6,2.26,0,2.26,21.8
dairy,6,9.79,40,5.87,84.2
dairy,3,6.89,40,4.14,87.6
dairy,0,3.26,20,2.61,69.6
dairy,2,12.1,0,12.1,47.0
dairy,3,11.26,20,9.01,53.6
dairy,4,4.05,40,2.43,103.6
dairy,3,7.42,40,4.45,78.2
dairy,0,10.96,20,8.77,128.0
dairy,7,4.51,0,4.51,27.9
dairy,6,11.15,0,11.15,33.8
dairy,0,4.78,30,3.34,74.0
dairy,1,3.19,0,3.19,27.7
dairy,2,8.22,0,8.22,47.0
dairy,0,10.29,0,10.29,61.7
dairy,0,4.24,10,3.82,70.8
bakery,2,13.65,0,13.65,48.3
bakery,1,11.4,0,11.4,44.4
bakery,0,10.46,0,10.46,44.9
bakery,2,14.85,40,8.91,86.0
bakery,5,2.64,40,1.58,50.5
bakery,0,6.38,40,3.83,57.5
bakery,7,12.53,30,8.77,59.5
bakery,7,11.38,30,7.96,82.8
bakery,2,9.18,20,7.34,37.2
bakery,2,2.03,0,2.03,38.0
bakery,6,8.52,20,6.82,43.0
bakery,2,2.81,0,2.81,21.9
bakery,4,14.86,40,8.92,66.6
bakery,0,10.01,50,5.0,53.1
bakery,6,4.65,40,2.79,69.1
bakery,0,7.67,10,6.9,44.2
bakery,7,14.54,40,8.73,66.1
bakery,2,12.23,0,12.23,20.8
bakery,0,4.77,20,3.81,33.9
bakery,6,10.36,0,10.36,25.4
bakery,5,7.7,0,7.7,20.4
bakery,3,8.48,0,8.48,23.7
bakery,2,12.44,30,8.71,54.7
bakery,3,10.99,20,8.79,41.8
bakery,3,11.96,50,5.98,104.4
bakery,4,9.13,0,9.13,21.6
bakery,6,2.23,40,1.34,56.9
bakery,6,8.81,20,7.05,35.1
bakery,2,8.89,20,7.11,39.9
bakery,0,12.26,0,12.26,36.9
bakery,2,8.66,10,7.8,47.2
bakery,5,12.48,0,12.48,21.4
bakery,0,11.24,50,5.62,125.4
bakery,1,3.0,0,3.0,29.2
bakery,3,12.44,10,11.19,31.8
bakery,4,12.18,30,8.52,31.7
bakery,7,4.73,10,4.26,24.6
bakery,7,7.11,50,3.55,56.1
bakery,0,5.76,30,4.03,58.2
bakery,7,8.38,0,8.38,30.2
bakery,5,9.46,0,9.46,28.5
bakery,3,13.1,10,11.79,19.3
bakery,5,10.91,40,6.55,73.1
bakery,3,7.39,0,7.39,24.3
bakery,6,6.25,20,5.0,55.8
bakery,5,12.91,10,11.62,37.3
bakery,7,9.92,20,7.94,56.0
bakery,7,13.34,10,12.01,21.9
bakery,3,10.39,20,8.31,29.8
bakery,5,3.43,10,3.09,35.3
bakery,4,6.67,0,6.67,18.8
bakery,0,7.88,0,7.88,26.6
bakery,7,5.04,0,5.04,19.7
bakery,1,7.84,0,7.84,26.4
bakery,1,10.72,20,8.58,62.2
bakery,5,7.26,40,4.36,65.3
bakery,5,6.95,20,5.56,34.0
bakery,4,3.29,0,3.29,15.5
bakery,4,5.9,0,5.9,21.4
bakery,2,13.55,50,6.78,145.5
bakery,3,6.61,20,5.28,67.9
bakery,5,2.74,0,2.74,21.5
bakery,7,4.35,20,3.48,32.4
bakery,3,3.24,40,1.94,86.6
bakery,5,8.56,0,8.56,18.3
bakery,7,10.55,0,10.55,23.8
bakery,7,4.24,0,4.24,18.4
bakery,3,4.6,10,4.14,25.3
bakery,1,10.31,10,9.28,32.3
bakery,6,5.47,30,3.83,50.6
bakery,2,10.88,0,10.88,25.0
bakery,4,5.49,30,3.84,57.8
bakery,0,6.44,20,5.15,50.5
bakery,1,9.4,10,8.46,40.9
bakery,4,4.95,50,2.47,47.4
bakery,3,5.0,10,4.5,35.3
bakery,7,8.0,0,8.0,24.6
bakery,1,14.48,50,7.24,96.4
bakery,2,5.36,0,5.36,23.7
bakery,1,5.88,0,5.88,27.9
bakery,6,10.58,40,6.35,62.5
bakery,6,10.19,40,6.12,47.0
bakery,2,14.87,40,8.92,55.0
bakery,5,5.13,30,3.59,59.9
bakery,4,3.56,0,3.56,24.7
bakery,5,6.73,0,6.73,19.1
bakery,0,13.48,20,10.78,52.6
bakery,1,4.0,30,2.8,84.5
bakery,6,2.32,50,1.16,98.5
bakery,7,14.5,10,13.05,49.2
bakery,6,4.49,0,4.49,22.7
bakery,4,8.67,0,8.67,26.5
bakery,6,10.39,10,9.35,22.5
bakery,0,9.26,40,5.56,122.2
bakery,5,5.76,0,5.76,22.7
bakery,7,3.41,20,2.73,37.8
bakery,1,13.62,30,9.54,84.1
bakery,0,7.15,30,5.0,80.8
bakery,2,11.39,0,11.39,32.9
bakery,4,5.12,30,3.59,55.1
bakery,4,3.52,0,3.52,34.6
bakery,5,2.85,30,1.99,77.2
bakery,2,6.56,0,6.56,27.7
bakery,2,2.7,10,2.43,42.7
bakery,7,12.4,20,9.92,57.2
bakery,7,10.2,0,10.2,20.0
bakery,1,12.79,0,12.79,25.7
bakery,5,5.88,50,2.94,71.5
bakery,1,3.79,10,3.41,33.8
bakery,3,9.6,10,8.64,34.2
bakery,2,3.53,20,2.83,59.9
bakery,4,2.06,20,1.65,33.5
bakery,5,14.91,10,13.42,35.0
bakery,3,10.19,10,9.17,47.6
bakery,1,8.2,30,5.74,52.3
bakery,5,9.68,10,8.71,46.6
bakery,2,9.74,20,7.79,51.0
bakery,1,2.91,30,2.04,78.9
bakery,0,5.09,0,5.09,29.1
bakery,5,3.54,20,2.84,55.6
bakery,1,14.7,30,10.29,54.6
bakery,7,9.31,0,9.31,15.3
bakery,5,6.22,0,6.22,27.7
bakery,7,3.7,10,3.33,31.3
bakery,4,9.32,30,6.53,43.2
bakery,2,14.47,30,10.13,51.5
bakery,7,10.27,10,9.24,35.2
bakery,1,4.91,50,2.46,100.7
bakery,5,14.43,20,11.55,37.2
bakery,6,14.1,20,11.28,28.0
bakery,3,6.84,0,6.84,25.7
bakery,6,2.74,0,2.74,20.1
bakery,6,8.54,30,5.98,45.6
bakery,1,14.48,30,10.13,48.4
bakery,5,11.43,0,11.43,15.5
bakery,5,12.35,50,6.17,70.6
bakery,2,2.64,0,2.64,23.4
bakery,7,9.18,30,6.42,45.1
bakery,3,8.31,40,4.99,40.9
bakery,3,12.84,20,10.27,43.2
bakery,7,8.1,50,4.05,88.4
bakery,3,3.51,20,2.81,48.9
bakery,7,11.12,50,5.56,80.5
bakery,3,5.25,0,5.25,29.2
bakery,2,11.06,40,6.64,82.2
bakery,3,5.61,0,5.61,24.8
bakery,5,2.81,20,2.25,37.8
bakery,2,10.91,30,7.64,49.3
bakery,3,8.32,40,4.99,72.3
bakery,5,14.5,0,14.5,21.7
bakery,1,11.04,0,11.04,26.9
bakery,7,8.23,30,5.76,36.0
bakery,1,3.87,40,2.32,96.9
bakery,2,8.94,0,8.94,35.2
bakery,0,4.39,0,4.39,39.0
bakery,4,14.64,20,11.72,43.1
bakery,6,8.82,0,8.82,43.9
bakery,0,3.7,0,3.7,29.2
bakery,5,5.54,30,3.88,71.8
bakery,5,6.25,40,3.75,48.4
bakery,6,12.01,0,12.01,36.7
bakery,2,3.05,10,2.75,21.4
bakery,3,7.14,30,5.0,43.0
bakery,0,13.6,0,13.6,30.3
bakery,2,3.06,30,2.14,44.5
bakery,4,6.36,0,6.36,33.7
bakery,7,11.27,20,9.01,36.3
bakery,2,13.04,30,9.13,64.7
bakery,0,13.49,0,13.49,42.7
bakery,5,14.28,0,14.28,22.3
bakery,4,3.51,30,2.46,61.4
bakery,5,12.88,30,9.01,33.9
bakery,7,5.6,0,5.6,24.6
bakery,5,6.62,0,6.62,19.0
bakery,5,3.92,40,2.35,63.7
bakery,1,7.87,10,7.09,49.3
bakery,1,11.55,10,10.4,41.5
bakery,5,14.71,10,13.24,26.8
bakery,0,2.21,20,1.76,51.2
bakery,4,8.61,0,8.61,25.7
bakery,3,2.12,20,1.7,47.0
bakery,0,7.79,10,7.01,42.4
bakery,7,5.02,40,3.01,43.6
bakery,6,13.71,10,12.34,26.2
bakery,1,3.4,0,3.4,27.4
bakery,5,14.69,40,8.81,46.3
bakery,4,14.33,20,11.46,26.4
bakery,3,5.19,20,4.15,43.7
bakery,2,14.47,0,14.47,23.0
bakery,2,4.79,20,3.83,56.5
bakery,0,4.29,30,3.01,80.7
bakery,0,7.44,30,5.21,206.9
bakery,3,2.56,30,1.79,58.4
bakery,2,6.42,0,6.42,32.7
bakery,4,13.71,0,13.71,34.0
bakery,7,5.0,0,5.0,11.3
bakery,1,4.25,50,2.13,149.5
bakery,2,13.01,10,11.71,33.3
bakery,3,12.42,0,12.42,36.7
bakery,3,13.61,20,10.89,45.3
bakery,2,5.92,0,5.92,33.0
bakery,5,14.38,40,8.63,66.6
bakery,4,2.49,0,2.49,46.4
bakery,3,14.47,20,11.58,36.0
bakery,5,11.29,0,11.29,36.5
bakery,3,12.56,0,12.56,19.5
bakery,1,12.73,20,10.18,50.1
bakery,6,12.24,0,12.24,19.7
bakery,5,5.2,30,3.64,51.0
bakery,2,12.79,0,12.79,37.6
bakery,6,14.01,50,7.0,41.4
bakery,0,5.08,20,4.06,106.0
bakery,7,14.5,20,11.6,42.0
bakery,0,5.96,0,5.96,28.8
bakery,4,3.23,0,3.23,32.7
bakery,5,14.38,20,11.5,38.9
bakery,4,5.59,50,2.79,77.4
bakery,7,8.31,30,5.81,51.8
bakery,7,10.8,0,10.8,34.2
bakery,1,12.05,30,8.44,47.4
bakery,3,9.02,50,4.51,154.4
bakery,7,10.62,10,9.56,30.8
bakery,7,4.56,40,2.74,79.4
bakery,5,3.31,30,2.32,34.4
bakery,5,10.56,0,10.56,48.3
bakery,3,10.72,0,10.72,21.2
bakery,1,13.93,0,13.93,31.6
bakery,3,6.11,0,6.11,41.2
bakery,1,14.2,20,11.36,34.3
bakery,4,4.38,30,3.07,44.5
bakery,2,4.91,50,2.46,110.0
bakery,0,12.38,40,7.43,140.4
bakery,7,7.98,50,3.99,69.6
bakery,5,5.3,20,4.24,29.9
bakery,0,6.08,40,3.65,85.3
bakery,0,5.34,30,3.74,63.6
bakery,3,14.43,50,7.22,67.8
bakery,7,7.05,40,4.23,60.7
bakery,2,9.02,10,8.12,35.1
bakery,2,6.84,0,6.84,24.6
bakery,7,7.29,20,5.84,35.4
bakery,6,6.38,20,5.11,33.2
bakery,7,7.04,0,7.04,25.8
bakery,2,6.61,50,3.31,166.3
bakery,5,10.63,40,6.38,87.3
bakery,2,4.66,40,2.8,54.9
bakery,7,8.0,50,4.0,106.4
bakery,0,3.37,0,3.37,33.7
bakery,6,12.71,50,6.36,141.6
bakery,2,8.35,10,7.52,23.4
bakery,6,13.74,0,13.74,19.4
bakery,3,13.84,30,9.69,61.1
bakery,0,8.13,30,5.69,106.2
bakery,1,12.45,30,8.72,63.1
bakery,7,10.09,20,8.07,36.1
bakery,4,5.56,0,5.56,29.9
bakery,0,14.74,10,13.27,50.4
bakery,0,12.26,0,12.26,45.2
bakery,3,6.86,0,6.86,18.4
bakery,4,3.88,0,3.88,21.8
bakery,7,8.42,0,8.42,30.6
bakery,7,5.17,0,5.17,29.6
bakery,5,13.28,0,13.28,26.7
bakery,5,5.78,10,5.2,28.0
bakery,5,12.57,30,8.8,49.5
bakery,6,6.21,0,6.21,22.2
bakery,0,8.77,0,8.77,35.8
bakery,4,8.49,50,4.24,69.5
bakery,5,10.99,0,10.99,20.9
bakery,5,12.16,20,9.73,37.3
bakery,6,2.44,10,2.19,17.8
bakery,3,3.93,0,3.93,34.5
bakery,5,5.81,0,5.81,24.0
bakery,4,6.45,10,5.8,29.7
bakery,6,5.75,0,5.75,24.1
bakery,5,12.92,10,11.63,22.1
bakery,4,11.7,20,9.36,32.8
bakery,4,3.54,10,3.19,61.1
bakery,4,11.0,0,11.0,33.0
bakery,1,9.78,40,5.87,133.2
bakery,3,9.35,0,9.35,18.2
bakery,2,11.8,0,11.8,33.7
bakery,2,9.37,0,9.37,24.0
bakery,6,13.31,20,10.65,34.0
bakery,3,2.15,10,1.93,26.2
bakery,5,7.07,50,3.54,69.8
bakery,4,3.37,30,2.36,55.0
bakery,2,5.16,50,2.58,110.3
bakery,3,6.67,0,6.67,27.7
bakery,6,7.62,50,3.81,97.5
bakery,7,11.06,10,9.95,20.8
bakery,7,4.94,10,4.44,44.3
bakery,7,9.23,0,9.23,26.9
bakery,1,12.83,0,12.83,44.0
bakery,5,11.33,0,11.33,18.9
bakery,6,9.78,20,7.82,38.1
bakery,7,8.45,10,7.6,28.1
bakery,5,6.36,0,6.36,26.7
bakery,7,4.31,0,4.31,22.1
bakery,6,7.25,0,7.25,21.3
bakery,3,11.46,0,11.46,27.6
bakery,4,7.66,10,6.89,38.2
bakery,3,6.3,50,3.15,96.9
bakery,1,3.48,0,3.48,27.3
bakery,4,3.12,20,2.5,37.8
bakery,0,7.46,30,5.23,106.3
bakery,6,8.37,30,5.86,46.8
bakery,5,3.92,40,2.35,105.5
bakery,1,7.16,10,6.45,42.4
bakery,2,13.56,0,13.56,29.5
bakery,6,6.18,0,6.18,39.9
bakery,0,14.28,20,11.42,49.5
bakery,0,11.4,0,11.4,31.3
bakery,7,10.7,20,8.56,43.7
bakery,4,4.93,50,2.46,70.5
bakery,2,8.02,40,4.81,74.7
bakery,2,3.65,10,3.28,45.0
bakery,1,11.3,40,6.78,96.9
bakery,1,9.31,30,6.52,71.6
bakery,4,13.87,0,13.87,30.0
bakery,6,6.71,0,6.71,31.5
bakery,4,10.3,0,10.3,23.4
bakery,6,13.53,0,13.53,15.0
bakery,5,6.34,10,5.7,32.2
bakery,6,8.44,20,6.75,43.2
bakery,1,13.84,30,9.69,78.6
bakery,2,7.82,40,4.69,76.5
bakery,6,4.36,40,2.62,53.6
bakery,4,9.51,0,9.51,29.8
bakery,4,6.58,20,5.26,34.4
bakery,6,2.48,10,2.23,31.3
bakery,0,8.73,10,7.85,68.1
bakery,4,8.63,10,7.77,53.2
bakery,3,8.08,20,6.46,42.3
bakery,5,10.76,0,10.76,26.2
bakery,1,12.52,0,12.52,25.1
bakery,6,13.39,0,13.39,24.1
bakery,3,9.02,10,8.12,40.2
bakery,4,12.84,10,11.56,32.5
bakery,4,12.52,0,12.52,30.2
bakery,1,11.57,0,11.57,60.0
bakery,2,8.64,0,8.64,36.4
bakery,2,4.99,40,2.99,54.7
bakery,1,12.68,40,7.61,100.9
bakery,5,13.88,40,8.33,65.5
bakery,5,6.72,10,6.05,36.2
bakery,3,7.65,50,3.82,117.2
bakery,2,12.94,20,10.35,38.1
bakery,1,14.64,30,10.25,73.3
bakery,3,4.99,0,4.99,34.1
bakery,4,2.48,0,2.48,40.8
bakery,3,12.02,0,12.02,21.1
bakery,7,13.56,10,12.21,33.3
bakery,2,8.15,50,4.07,124.0
bakery,5,6.38,0,6.38,21.6
bakery,3,8.74,0,8.74,30.2
bakery,3,11.02,10,9.92,28.7
bakery,7,12.67,10,11.4,32.8
bakery,5,12.66,0,12.66,29.4
bakery,1,9.32,0,9.32,26.2
bakery,7,10.3,0,10.3,30.2
bakery,0,5.56,10,5.0,69.7
bakery,1,13.06,0,13.06,47.6
bakery,4,2.44,30,1.71,48.3
bakery,7,12.95,30,9.06,42.9
bakery,5,7.81,20,6.25,42.9
bakery,6,3.24,20,2.6,45.8
bakery,4,12.7,0,12.7,25.2
bakery,0,12.73,0,12.73,29.9
bakery,7,2.81,0,2.81,20.8
bakery,3,10.56,0,10.56,23.5
bakery,6,11.94,50,5.97,77.4
bakery,1,10.96,0,10.96,36.2
bakery,1,3.71,0,3.71,26.5
bakery,0,11.15,0,11.15,28.7
bakery,0,4.2,30,2.94,65.6
bakery,0,10.79,0,10.79,40.0
bakery,5,9.6,0,9.6,26.1
bakery,4,12.88,20,10.3,30.0
bakery,6,9.91,0,9.91,18.7
bakery,5,12.31,30,8.62,49.3
bakery,7,4.19,30,2.94,46.6
bakery,4,12.89,20,10.32,32.9
bakery,5,14.21,50,7.11,73.6
bakery,5,10.98,0,10.98,30.5
bakery,6,5.37,20,4.3,31.3
bakery,5,14.74,0,14.74,30.9
bakery,4,10.7,30,7.49,52.9
bakery,4,10.29,0,10.29,25.7
bakery,2,12.64,0,12.64,31.7
bakery,5,6.61,10,5.95,37.7
bakery,6,2.87,20,2.3,53.2
bakery,3,13.29,10,11.96,26.0
bakery,5,13.98,0,13.98,27.9
bakery,5,2.78,50,1.39,93.0
bakery,3,5.74,0,5.74,28.6
bakery,2,13.73,0,13.73,23.9
bakery,6,12.37,0,12.37,32.2
bakery,6,9.18,10,8.26,39.3
bakery,4,3.04,30,2.13,65.3
bakery,3,3.52,50,1.76,85.0
bakery,0,9.89,20,7.91,58.5
bakery,2,14.14,30,9.9,43.0
bakery,0,6.33,0,6.33,36.9
bakery,1,5.87,0,5.87,34.9
bakery,2,12.4,0,12.4,32.6
bakery,2,3.45,0,3.45,38.6
bakery,1,7.66,0,7.66,39.6
bakery,7,5.57,0,5.57,31.0
bakery,7,5.78,40,3.47,51.1
bakery,7,8.07,40,4.84,69.8
bakery,7,2.16,10,1.95,45.0
bakery,7,5.08,20,4.07,46.7
bakery,0,13.56,30,9.49,90.4
bakery,3,14.95,30,10.46,32.6
bakery,3,8.12,0,8.12,28.8
bakery,4,4.68,10,4.21,26.0
bakery,3,10.43,0,10.43,13.2
bakery,4,13.04,0,13.04,26.6
bakery,7,14.61,0,14.61,45.9
bakery,2,14.51,0,14.51,27.0
bakery,5,3.24,0,3.24,24.9
bakery,0,8.61,0,8.61,42.2
bakery,0,14.38,30,10.06,82.9
bakery,7,9.12,0,9.12,26.2
bakery,0,2.33,10,2.1,38.0
bakery,2,13.93,20,11.15,45.9
bakery,6,7.48,0,7.48,42.6
bakery,6,8.99,0,8.99,30.7
bakery,5,12.27,50,6.14,111.3
bakery,3,7.5,50,3.75,108.5
bakery,3,4.69,0,4.69,35.9
bakery,2,3.05,30,2.13,94.0
bakery,5,12.7,40,7.62,53.7
bakery,7,3.12,40,1.87,57.3
bakery,5,10.12,0,10.12,19.3
bakery,0,13.79,0,13.79,29.6
bakery,2,5.98,30,4.18,64.4
bakery,1,7.53,0,7.53,30.6
bakery,4,4.53,40,2.72,101.6
bakery,4,2.85,10,2.56,36.8
bakery,4,13.77,40,8.26,66.2
bakery,7,10.51,30,7.36,45.2
bakery,3,3.81,0,3.81,30.0
bakery,3,4.48,40,2.69,66.9
bakery,0,2.06,30,1.44,80.2
bakery,0,14.14,0,14.14,31.5
bakery,5,12.81,0,12.81,11.8
bakery,1,10.27,10,9.25,42.3
bakery,1,5.52,20,4.41,54.1
bakery,7,11.98,50,5.99,112.3
bakery,0,11.84,20,9.47,56.1
bakery,7,10.56,20,8.45,25.1
bakery,6,14.77,0,14.77,24.4
bakery,2,14.2,30,9.94,50.7
bakery,0,6.79,50,3.39,89.6
bakery,6,14.32,20,11.46,57.7
bakery,6,8.88,50,4.44,59.6
bakery,3,13.98,0,13.98,27.8
bakery,6,8.26,0,8.26,18.3
bakery,5,6.99,0,6.99,27.7
bakery,2,13.09,0,13.09,25.5
bakery,1,11.49,30,8.04,112.6
bakery,3,10.0,0,10.0,20.2
bakery,4,10.89,20,8.71,35.9
bakery,1,4.33,0,4.33,23.1
bakery,6,7.11,10,6.4,26.5
bakery,3,13.6,10,12.24,43.4
bakery,6,10.51,20,8.41,43.6
bakery,5,13.28,10,11.95,26.6
bakery,5,10.6,10,9.54,40.7
bakery,2,11.56,50,5.78,72.1
bakery,6,11.72,30,8.2,44.5
bakery,4,14.85,10,13.36,29.2
bakery,7,13.64,50,6.82,166.5
bakery,7,5.81,0,5.81,16.8
bakery,6,9.8,0,9.8,28.3
bakery,0,4.97,30,3.48,51.4
bakery,3,9.73,0,9.73,22.4
bakery,6,4.98,30,3.49,37.7
bakery,7,3.69,30,2.58,34.8
bakery,0,7.36,20,5.88,46.8
bakery,0,14.9,10,13.41,49.4
bakery,4,2.78,50,1.39,65.7
bakery,0,6.84,20,5.47,64.3
bakery,4,11.07,0,11.07,42.4
bakery,7,5.06,20,4.05,41.9
bakery,1,11.38,30,7.97,58.1
bakery,7,5.6,20,4.48,24.8
bakery,3,3.27,30,2.29,50.7
bakery,6,3.61,10,3.25,32.0
bakery,4,8.01,30,5.61,59.5
bakery,0,2.58,10,2.32,27.9
bakery,2,4.41,0,4.41,18.5
bakery,1,9.3,20,7.44,48.3
bakery,6,12.87,0,12.87,34.3
bakery,0,13.16,50,6.58,95.3
bakery,4,9.3,30,6.51,33.2
bakery,7,14.09,30,9.87,37.5
bakery,0,13.81,20,11.05,46.4
bakery,3,13.07,30,9.15,56.2
bakery,2,12.0,0,12.0,29.5
bakery,0,10.24,20,8.19,47.4
bakery,0,8.72,0,8.72,32.2
bakery,7,13.8,20,11.04,30.7
bakery,1,14.7,0,14.7,26.0
bakery,6,10.45,0,10.45,36.8
bakery,4,7.97,50,3.99,97.0
bakery,7,4.25,0,4.25,23.7
bakery,4,14.83,50,7.41,90.9
bakery,1,6.94,20,5.55,52.3
bakery,5,12.25,20,9.8,32.7
bakery,0,10.87,0,10.87,35.7
bakery,2,12.8,30,8.96,48.4
bakery,0,7.78,0,7.78,28.2
bakery,6,5.41,0,5.41,18.5
bakery,4,10.66,0,10.66,25.8
bakery,2,6.21,30,4.35,52.8
bakery,5,3.21,20,2.57,39.7
bakery,5,6.8,0,6.8,29.1
bakery,7,13.94,0,13.94,26.1
bakery,6,8.74,20,7.0,28.6
bakery,4,11.86,20,9.49,35.6
bakery,3,9.72,0,9.72,22.0
bakery,0,14.6,30,10.22,87.3
bakery,2,13.56,0,13.56,21.6
bakery,0,11.65,10,10.49,46.1
bakery,6,12.03,0,12.03,33.8
bakery,2,2.01,10,1.81,28.8
bakery,1,6.96,10,6.27,43.0
bakery,2,12.09,0,12.09,31.1
bakery,5,13.96,0,13.96,31.2
bakery,2,11.15,20,8.92,35.0
bakery,3,14.38,20,11.5,35.0
bakery,7,14.72,0,14.72,25.6
bakery,4,10.1,30,7.07,40.2
bakery,4,14.45,40,8.67,75.5
bakery,2,9.14,0,9.14,37.5
bakery,1,6.05,10,5.44,35.9
bakery,4,3.02,40,1.81,52.1
bakery,4,9.67,0,9.67,24.9
bakery,4,5.15,40,3.09,94.5
bakery,5,8.53,50,4.27,72.3
bakery,0,8.5,0,8.5,44.9
bakery,6,8.82,0,8.82,19.9
bakery,7,11.62,0,11.62,26.0
bakery,0,9.92,10,8.93,54.7
bakery,1,8.89,10,8.0,53.2
bakery,6,8.64,50,4.32,93.0
bakery,1,4.03,20,3.23,49.1
bakery,0,14.2,0,14.2,31.5
bakery,3,10.87,20,8.7,27.5
bakery,6,13.42,10,12.08,32.1
bakery,4,5.43,0,5.43,30.6
bakery,0,7.6,10,6.84,29.3
bakery,6,3.56,10,3.2,19.7
bakery,3,6.49,40,3.9,82.9
bakery,3,2.61,20,2.09,38.4
bakery,0,11.74,10,10.57,45.0
bakery,0,10.06,20,8.05,49.2
bakery,5,7.18,0,7.18,42.9
bakery,7,8.38,20,6.7,46.5
bakery,6,9.7,30,6.79,53.7
bakery,4,2.15,30,1.51,51.9
bakery,6,7.23,0,7.23,21.6
bakery,0,14.95,0,14.95,28.0
bakery,1,2.4,30,1.68,58.7
bakery,1,6.04,20,4.83,68.5
bakery,2,11.04,30,7.73,65.5
bakery,4,3.38,0,3.38,18.2
bakery,1,9.02,0,9.02,37.5
bakery,3,2.25,40,1.35,138.4
bakery,0,9.22,0,9.22,46.1
bakery,1,6.18,20,4.95,55.5
bakery,5,10.06,0,10.06,26.2
bakery,7,9.53,0,9.53,17.8
bakery,5,10.16,40,6.1,45.8
bakery,7,10.12,20,8.1,35.5
bakery,5,11.11,50,5.56,83.7
bakery,1,7.56,0,7.56,35.1
bakery,1,4.83,10,4.35,62.5
bakery,2,13.98,0,13.98,34.8
bakery,0,13.93,20,11.14,67.8
bakery,6,11.28,10,10.15,28.2
bakery,5,8.49,0,8.49,24.3
bakery,7,10.71,0,10.71,21.4
bakery,1,5.77,10,5.2,45.4
bakery,3,7.08,20,5.66,37.0
bakery,2,4.62,30,3.24,55.2
bakery,3,4.09,30,2.86,78.4
bakery,6,5.23,30,3.66,42.9
bakery,6,4.11,0,4.11,23.8
bakery,2,14.44,0,14.44,42.5
bakery,5,3.59,0,3.59,21.3
bakery,7,11.94,0,11.94,24.2
bakery,0,4.21,20,3.37,76.4
bakery,3,7.82,30,5.47,47.2
bakery,6,6.59,30,4.62,38.6
bakery,7,2.45,0,2.45,27.5
bakery,3,2.8,0,2.8,34.3
bakery,2,4.99,0,4.99,39.9
bakery,2,9.88,20,7.91,33.2
bakery,2,13.61,30,9.53,59.8
bakery,6,11.27,30,7.89,51.5
bakery,3,12.79,10,11.51,32.5
bakery,4,5.89,20,4.71,31.9
bakery,0,11.16,40,6.69,107.3
bakery,7,5.93,10,5.34,31.3
bakery,5,2.7,0,2.7,19.2
bakery,4,4.84,0,4.84,31.5
bakery,2,4.91,0,4.91,25.1
bakery,6,6.61,30,4.63,64.1
bakery,6,3.76,40,2.26,66.3
bakery,0,3.31,20,2.65,67.3
bakery,0,3.01,20,2.41,52.2
bakery,4,13.62,0,13.62,29.5
bakery,0,2.97,0,2.97,23.3
bakery,0,6.81,10,6.13,50.9
bakery,7,13.49,20,10.79,42.4
bakery,4,2.16,40,1.3,56.2
bakery,4,4.44,50,2.22,94.8
bakery,2,13.73,40,8.24,92.2
bakery,5,4.98,30,3.48,58.5
bakery,3,12.76,0,12.76,29.8
bakery,6,10.95,50,5.47,74.4
bakery,1,9.41,40,5.65,77.8
bakery,1,2.19,30,1.53,57.9
bakery,5,3.97,0,3.97,28.0
bakery,1,5.34,0,5.34,34.3
bakery,2,2.87,40,1.72,50.7
bakery,1,4.69,0,4.69,32.3
bakery,7,6.95,0,6.95,21.4
bakery,5,11.6,0,11.6,20.5
bakery,6,9.4,30,6.58,34.0
bakery,1,14.53,30,10.17,59.6
bakery,7,6.5,10,5.85,24.6
bakery,1,13.23,50,6.62,85.4
bakery,6,12.16,10,10.95,31.1
bakery,3,9.16,0,9.16,40.2
bakery,4,4.6,20,3.68,34.6
bakery,3,10.57,10,9.52,32.3
bakery,1,4.17,0,4.17,37.8
bakery,7,4.96,20,3.96,56.4
bakery,1,7.26,30,5.08,57.9
bakery,3,6.6,20,5.28,35.5
bakery,3,4.69,0,4.69,28.1
bakery,2,5.1,0,5.1,36.2
bakery,6,8.03,0,8.03,32.1
bakery,4,5.38,0,5.38,27.8
bakery,4,10.18,20,8.14,32.5
bakery,3,9.0,0,9.0,23.9
bakery,0,10.88,30,7.61,73.0
bakery,6,10.87,20,8.7,24.8
bakery,5,7.44,10,6.69,42.4
bakery,2,13.59,0,13.59,20.3
bakery,2,5.29,20,4.23,48.0
bakery,7,3.77,10,3.39,36.6
bakery,1,5.55,10,4.99,27.1
bakery,1,12.46,10,11.22,36.5
bakery,7,6.93,20,5.54,34.0
bakery,0,4.32,40,2.59,111.4
bakery,4,10.51,0,10.51,31.2
bakery,1,2.27,10,2.05,42.8
bakery,0,9.4,50,4.7,98.3
bakery,5,6.81,10,6.13,27.5
bakery,6,4.81,0,4.81,13.3
bakery,5,2.54,0,2.54,22.8
bakery,0,5.13,0,5.13,19.7
bakery,4,4.79,0,4.79,28.2
bakery,5,11.34,0,11.34,24.1
bakery,7,3.38,10,3.04,33.9
bakery,7,10.05,20,8.04,48.6
bakery,3,5.33,30,3.73,46.3
bakery,2,10.6,20,8.48,38.3
bakery,6,11.11,30,7.78,51.8
bakery,6,9.97,10,8.97,43.2
bakery,2,9.32,30,6.53,33.9
bakery,2,2.66,50,1.33,106.1
bakery,0,7.31,50,3.65,127.8
bakery,6,13.06,30,9.14,35.2
bakery,5,8.58,0,8.58,22.7
bakery,0,7.88,20,6.31,48.4
bakery,7,4.17,30,2.92,33.9
bakery,3,2.42,20,1.93,57.8
bakery,5,11.02,50,5.51,80.2
bakery,1,3.27,0,3.27,23.8
bakery,0,8.06,20,6.44,69.5
bakery,4,11.41,0,11.41,18.8
bakery,2,3.37,30,2.36,43.0
bakery,0,11.16,50,5.58,122.9
bakery,1,2.14,30,1.5,39.8
bakery,5,11.59,50,5.79,151.8
bakery,7,5.13,10,4.61,37.8
bakery,7,12.5,0,12.5,29.2
bakery,3,6.18,0,6.18,22.3
bakery,1,8.88,10,7.99,38.8
bakery,0,5.04,30,3.53,54.1
bakery,0,14.69,10,13.22,51.6
bakery,4,2.86,30,2.0,43.9
bakery,3,5.78,30,4.05,54.3
bakery,2,8.62,20,6.89,36.3
bakery,2,9.75,0,9.75,26.0
bakery,4,10.09,30,7.06,59.0
bakery,1,12.62,0,12.62,21.0
bakery,0,9.72,0,9.72,31.9
bakery,6,14.98,0,14.98,26.3
bakery,6,12.61,50,6.31,63.8
bakery,0,10.1,10,9.09,40.9
bakery,2,8.74,50,4.37,81.8
bakery,1,5.93,30,4.15,57.5
bakery,0,8.79,30,6.16,45.0
bakery,6,3.51,0,3.51,30.0
bakery,2,9.01,0,9.01,23.9
bakery,4,7.53,20,6.03,35.5
bakery,7,13.9,50,6.95,77.9
bakery,0,7.75,0,7.75,26.0
bakery,2,5.38,40,3.23,37.6
bakery,3,5.82,10,5.24,33.4
bakery,2,12.7,30,8.89,79.5
bakery,4,11.75,0,11.75,35.8
bakery,0,8.47,20,6.77,43.4
bakery,4,10.09,10,9.08,45.2
bakery,1,2.71,10,2.44,32.4
bakery,5,12.89,0,12.89,25.1
bakery,5,11.76,20,9.41,31.2
bakery,1,13.64,0,13.64,23.1
bakery,1,4.99,50,2.49,88.0
bakery,5,12.28,30,8.6,42.4
bakery,5,9.75,30,6.83,50.0
bakery,6,9.23,10,8.31,40.8
bakery,2,12.33,0,12.33,20.9
bakery,3,13.21,0,13.21,32.5
bakery,3,8.49,50,4.25,74.4
bakery,6,5.28,10,4.75,39.0
bakery,5,13.25,0,13.25,38.2
bakery,0,11.47,0,11.47,33.9
bakery,3,2.98,20,2.38,24.2
bakery,7,4.02,40,2.41,55.3
bakery,0,13.58,20,10.87,57.7
bakery,5,4.83,0,4.83,20.8
bakery,7,14.98,40,8.99,82.3
bakery,1,9.94,0,9.94,33.7
bakery,7,4.35,0,4.35,24.0
bakery,5,10.13,40,6.08,94.6
bakery,2,14.53,0,14.53,40.9
bakery,6,11.74,10,10.57,27.1
bakery,6,6.81,0,6.81,23.4
bakery,0,10.75,40,6.45,103.6
bakery,7,9.45,50,4.73,89.7
bakery,3,2.02,0,2.02,46.2
bakery,2,2.38,50,1.19,79.2
bakery,7,7.88,10,7.09,30.3
bakery,2,5.12,40,3.07,78.3
bakery,7,13.43,10,12.09,41.5
bakery,3,12.74,30,8.92,42.8
bakery,5,12.57,40,7.54,55.4
bakery,6,8.86,50,4.43,88.0
bakery,0,5.15,30,3.61,55.9
bakery,6,6.42,0,6.42,31.2
bakery,6,4.97,0,4.97,26.4
bakery,0,5.18,0,5.18,51.4
bakery,4,11.34,10,10.21,25.5
bakery,1,7.76,0,7.76,46.8
bakery,2,6.35,0,6.35,33.7
bakery,2,2.84,50,1.42,102.7
bakery,5,9.75,0,9.75,27.8
bakery,6,11.06,40,6.63,74.2
bakery,3,12.31,0,12.31,29.5
bakery,3,10.89,0,10.89,23.4
bakery,2,13.06,10,11.76,33.8
bakery,5,10.21,0,10.21,22.4
bakery,4,11.87,0,11.87,16.7
bakery,3,14.87,20,11.9,35.5
bakery,2,9.27,20,7.41,45.5
bakery,3,9.47,0,9.47,23.5
bakery,6,10.8,30,7.56,41.2
bakery,2,6.54,10,5.89,45.8
bakery,4,14.5,10,13.05,25.5
bakery,5,2.1,30,1.47,44.2
bakery,4,3.48,20,2.78,34.1
bakery,0,12.07,50,6.03,157.5
bakery,7,11.77,10,10.6,32.2
bakery,4,3.17,10,2.85,29.6
bakery,0,10.49,10,9.44,31.0
bakery,6,7.82,30,5.48,34.1
bakery,6,11.12,0,11.12,31.7
bakery,0,12.67,50,6.33,148.6
bakery,7,9.61,10,8.65,25.1
bakery,7,3.52,0,3.52,25.4
bakery,5,6.09,10,5.48,27.7
bakery,6,3.79,0,3.79,34.7
bakery,4,10.15,30,7.11,42.3
bakery,5,2.2,10,1.98,38.9
bakery,4,4.1,0,4.1,36.0
bakery,0,10.55,10,9.49,42.6
bakery,7,3.38,30,2.36,73.9
bakery,7,13.09,0,13.09,23.3
bakery,6,2.03,40,1.22,87.1
bakery,5,10.09,20,8.07,43.5
bakery,6,7.99,0,7.99,27.5
bakery,5,13.63,40,8.18,74.4
bakery,1,14.91,0,14.91,44.2
bakery,6,6.43,10,5.79,27.7
bakery,7,14.0,10,12.6,40.5
bakery,0,11.98,0,11.98,41.1
bakery,4,7.38,30,5.17,64.8
bakery,1,14.87,30,10.41,68.7
bakery,1,10.34,0,10.34,42.5
bakery,1,8.55,0,8.55,41.6
bakery,5,13.89,30,9.72,63.7
bakery,1,6.26,30,4.38,74.4
bakery,5,11.06,0,11.06,19.4
bakery,7,9.21,20,7.37,35.3
bakery,2,3.54,0,3.54,29.0
bakery,7,13.43,40,8.06,86.9
bakery,0,14.86,50,7.43,144.6
bakery,5,11.02,0,11.02,38.5
bakery,6,7.19,30,5.03,57.9
bakery,1,3.44,40,2.06,72.4
bakery,1,2.52,30,1.76,74.2
bakery,5,8.48,20,6.79,42.9
bakery,6,13.17,0,13.17,36.2
bakery,1,8.84,0,8.84,32.5
bakery,7,9.73,30,6.81,36.7
bakery,7,12.78,0,12.78,21.0
bakery,5,12.95,30,9.07,32.1
bakery,5,10.34,10,9.31,40.0
bakery,1,7.11,0,7.11,30.5
bakery,2,5.34,40,3.2,95.4
bakery,2,4.61,0,4.61,27.3
bakery,2,10.41,30,7.29,89.5
bakery,7,14.71,20,11.77,53.1
bakery,3,9.48,10,8.53,27.3
bakery,0,5.94,10,5.34,36.0
bakery,2,7.68,0,7.68,33.3
bakery,3,2.78,0,2.78,21.2
bakery,1,11.08,10,9.98,36.8
bakery,4,9.13,40,5.48,50.2
bakery,1,8.92,0,8.92,25.7
bakery,4,5.75,0,5.75,20.7
bakery,0,8.01,30,5.61,85.6
bakery,1,8.21,50,4.11,152.0
bakery,4,6.37,0,6.37,18.8
bakery,1,8.34,40,5.0,65.7
bakery,4,8.38,0,8.38,21.0
bakery,5,13.78,10,12.4,23.9
bakery,7,10.19,20,8.15,50.4
bakery,6,9.52,0,9.52,17.7
bakery,4,4.41,0,4.41,29.5
bakery,6,9.87,0,9.87,25.1
bakery,1,12.18,20,9.74,79.3
bakery,2,2.35,0,2.35,22.4
bakery,0,3.98,0,3.98,27.4
bakery,3,10.8,0,10.8,24.9
bakery,4,14.95,0,14.95,23.2
bakery,5,6.83,0,6.83,19.6
bakery,7,6.99,0,6.99,33.4
bakery,3,2.71,10,2.44,31.2
bakery,5,5.96,0,5.96,29.9
bakery,7,3.03,0,3.03,29.6
bakery,1,10.51,0,10.51,22.6
bakery,2,12.21,10,10.99,41.1
bakery,6,14.44,40,8.67,55.1
bakery,5,10.99,20,8.79,34.8
bakery,6,8.04,20,6.44,30.7
bakery,1,14.06,40,8.44,56.3
bakery,0,3.25,0,3.25,25.6
bakery,1,14.11,0,14.11,46.4
bakery,0,10.67,10,9.61,64.5
bakery,1,14.32,30,10.03,76.0
bakery,5,14.09,10,12.68,35.9
bakery,0,8.6,10,7.74,40.4
bakery,2,7.98,0,7.98,24.1
bakery,6,14.23,50,7.12,84.5
bakery,7,10.77,30,7.54,54.9
bakery,0,7.16,10,6.45,37.5
bakery,1,11.54,40,6.93,72.5
bakery,6,7.59,30,5.31,39.2
bakery,5,5.4,20,4.32,35.1
bakery,1,2.5,0,2.5,28.5
bakery,7,5.42,0,5.42,33.1
bakery,5,4.36,30,3.05,30.4
bakery,3,6.4,0,6.4,36.0
bakery,6,5.58,20,4.46,30.1
bakery,3,13.03,10,11.73,37.1
bakery,3,5.79,40,3.47,63.7
bakery,1,11.07,0,11.07,48.1
bakery,0,2.29,0,2.29,23.3
bakery,7,5.28,50,2.64,159.8
bakery,0,7.45,20,5.96,70.0
bakery,1,4.46,10,4.01,31.3
bakery,0,6.89,10,6.2,41.8
bakery,5,3.53,30,2.47,28.1
bakery,3,11.22,20,8.97,58.0
bakery,1,10.37,20,8.3,64.2
bakery,7,6.52,0,6.52,23.4
bakery,1,5.6,0,5.6,32.8
bakery,0,10.13,30,7.09,74.3
bakery,5,10.21,50,5.1,84.9
bakery,6,4.5,50,2.25,98.8
bakery,7,11.04,30,7.72,38.6
bakery,2,6.59,30,4.61,92.2
bakery,4,7.39,30,5.17,44.7
bakery,0,6.17,20,4.93,27.4
bakery,5,11.37,10,10.23,61.3
bakery,7,2.72,0,2.72,29.5
bakery,2,10.97,10,9.87,41.0
bakery,3,13.22,40,7.93,62.1
bakery,5,9.45,30,6.61,36.4
bakery,0,12.58,0,12.58,51.6
bakery,5,10.54,30,7.38,59.8
bakery,0,2.85,10,2.57,49.5
bakery,3,14.38,50,7.19,67.1
bakery,0,14.79,20,11.84,66.5
bakery,7,4.62,0,4.62,20.6
bakery,1,12.31,10,11.08,38.4
bakery,1,14.51,0,14.51,35.3
bakery,4,14.85,0,14.85,24.5
bakery,0,3.91,30,2.74,96.8
bakery,1,3.58,0,3.58,25.3
bakery,5,6.08,10,5.47,26.0
bakery,4,5.91,30,4.14,41.8
bakery,2,4.51,0,4.51,32.6
bakery,7,7.92,50,3.96,108.8
bakery,4,12.13,10,10.92,23.6
bakery,6,13.19,40,7.91,57.2
bakery,4,9.81,10,8.83,28.7
bakery,1,13.77,0,13.77,42.9
bakery,4,9.69,0,9.69,36.2
bakery,4,5.76,10,5.18,35.2
bakery,4,4.96,10,4.47,30.7
bakery,0,2.4,30,1.68,43.6
bakery,1,5.06,30,3.54,66.2
bakery,0,14.34,0,14.34,35.6
bakery,6,6.8,30,4.76,60.4
bakery,4,5.55,30,3.88,35.3
bakery,0,9.33,30,6.53,51.7
bakery,1,7.72,20,6.17,51.9
bakery,7,14.61,30,10.23,64.5
bakery,2,4.44,40,2.67,46.2
bakery,5,13.84,20,11.08,37.4
bakery,3,9.15,20,7.32,26.5
bakery,4,6.71,0,6.71,22.4
bakery,6,4.75,0,4.75,19.1
bakery,6,7.71,20,6.17,21.4
bakery,4,5.78,0,5.78,32.9
bakery,7,13.25,50,6.63,82.2
bakery,2,7.46,0,7.46,32.7
bakery,6,6.19,20,4.95,47.5
bakery,1,5.49,40,3.29,56.4
bakery,7,6.28,40,3.77,83.0
bakery,3,10.34,0,10.34,28.2
bakery,4,12.48,20,9.98,37.9
bakery,5,6.19,10,5.57,46.8
bakery,7,14.64,10,13.18,28.9
bakery,5,14.64,0,14.64,21.0
bakery,0,9.9,50,4.95,109.0
bakery,5,7.46,20,5.96,46.1
bakery,1,11.53,0,11.53,24.4
bakery,4,7.11,0,7.11,20.8
bakery,4,10.77,20,8.61,44.9
bakery,4,9.33,0,9.33,25.2
bakery,2,13.2,0,13.2,24.1
bakery,2,9.03,40,5.42,57.6
bakery,0,9.19,10,8.27,29.9
bakery,4,4.0,40,2.4,60.7
bakery,7,13.92,50,6.96,55.1
bakery,6,14.2,0,14.2,30.2
bakery,2,10.57,10,9.51,52.9
bakery,2,13.54,0,13.54,21.5
bakery,4,5.32,10,4.79,39.2
bakery,2,12.89,0,12.89,18.6
bakery,2,9.65,0,9.65,28.2
bakery,7,2.97,10,2.68,25.1
bakery,1,8.81,10,7.93,35.3
bakery,0,4.07,30,2.85,66.9
bakery,3,10.64,30,7.45,36.4
bakery,5,14.84,40,8.91,48.7
bakery,1,3.8,20,3.04,64.6
bakery,6,8.78,10,7.9,28.5
bakery,1,10.09,30,7.06,55.3
bakery,5,8.14,40,4.88,49.1
bakery,3,5.2,50,2.6,124.8
bakery,2,6.45,10,5.8,29.9
bakery,3,9.46,0,9.46,25.2
bakery,7,12.53,10,11.28,37.4
bakery,2,10.55,50,5.28,109.2
bakery,1,3.24,0,3.24,32.4
bakery,5,12.97,40,7.78,146.2
bakery,0,2.58,0,2.58,32.6
bakery,7,6.92,30,4.84,52.3
bakery,0,6.93,0,6.93,30.2
bakery,6,11.87,0,11.87,35.8
bakery,4,7.64,20,6.11,21.1
bakery,3,4.64,30,3.25,61.5
bakery,0,12.14,30,8.5,58.5
bakery,7,5.7,40,3.42,50.9
bakery,2,8.55,0,8.55,40.9
bakery,2,7.6,10,6.84,37.9
bakery,6,12.06,30,8.44,45.2
bakery,0,11.78,40,7.07,76.3
bakery,1,5.71,0,5.71,32.0
bakery,6,14.63,0,14.63,28.9
bakery,3,7.57,0,7.57,28.5
bakery,4,13.77,0,13.77,29.6
bakery,7,2.62,40,1.57,45.7
bakery,4,2.07,0,2.07,16.9
bakery,4,3.81,50,1.9,70.5
bakery,1,6.45,40,3.87,114.2
bakery,2,10.93,10,9.83,28.8
bakery,6,14.1,30,9.87,63.6
bakery,2,2.46,0,2.46,34.3
bakery,3,14.88,0,14.88,24.7
bakery,3,14.4,20,11.52,24.4
bakery,5,14.92,0,14.92,20.1
bakery,1,4.5,20,3.6,44.5
bakery,0,2.53,0,2.53,39.1
bakery,7,6.79,40,4.07,79.3
bakery,7,8.68,30,6.08,40.5
bakery,1,7.36,40,4.42,63.2
bakery,4,3.8,20,3.04,48.0
bakery,2,12.14,50,6.07,109.3
bakery,6,13.66,0,13.66,39.3
bakery,7,5.87,30,4.11,37.4
bakery,3,12.48,40,7.49,86.0
bakery,5,11.75,0,11.75,32.2
bakery,0,11.71,50,5.85,130.1
bakery,2,14.3,50,7.15,125.5
bakery,5,3.34,0,3.34,23.7
bakery,0,13.25,20,10.6,40.0
bakery,1,11.08,0,11.08,34.8
bakery,6,14.94,50,7.47,64.6
bakery,4,8.96,30,6.27,52.4
bakery,3,12.81,10,11.53,34.8
bakery,3,14.18,40,8.51,69.9
bakery,1,3.8,20,3.04,51.5
bakery,2,6.73,50,3.37,82.5
bakery,3,2.58,30,1.8,43.4
bakery,4,2.9,0,2.9,26.4
bakery,5,6.32,10,5.69,30.0
bakery,3,10.61,40,6.37,58.5
bakery,5,10.14,0,10.14,21.0
bakery,7,6.39,10,5.75,33.6
bakery,1,14.37,10,12.93,58.1
bakery,1,8.16,10,7.34,36.0
bakery,5,5.54,10,4.99,27.8
bakery,4,12.21,10,10.99,25.7
bakery,1,10.13,20,8.1,42.0
bakery,5,9.35,0,9.35,28.3
bakery,7,7.94,10,7.15,25.1
bakery,5,8.58,50,4.29,68.3
bakery,5,11.18,10,10.06,33.9
bakery,6,12.17,0,12.17,31.8
bakery,3,3.78,0,3.78,43.4
bakery,3,8.81,20,7.05,58.8
bakery,5,12.41,20,9.93,53.9
bakery,3,14.61,30,10.23,53.7
bakery,6,8.92,40,5.35,58.8
bakery,5,13.55,0,13.55,18.8
bakery,1,12.53,0,12.53,35.5
bakery,1,4.55,10,4.09,35.6
bakery,6,3.2,20,2.56,50.8
bakery,1,5.36,0,5.36,26.4
bakery,3,4.1,50,2.05,78.4
bakery,4,3.7,0,3.7,24.1
bakery,0,11.54,0,11.54,29.7
bakery,6,9.15,0,9.15,42.1
bakery,6,3.53,20,2.82,29.7
bakery,0,4.6,10,4.14,27.0
bakery,1,13.75,20,11.0,64.7
bakery,4,2.64,20,2.11,82.0
bakery,1,11.16,40,6.7,119.0
bakery,1,8.5,0,8.5,24.5
bakery,6,2.34,0,2.34,20.8
bakery,6,8.16,10,7.34,33.2
bakery,2,6.99,0,6.99,36.9
bakery,7,13.02,30,9.12,52.6
bakery,4,10.53,0,10.53,37.3
bakery,7,10.37,20,8.3,36.7
bakery,7,13.74,0,13.74,16.8
bakery,7,5.39,10,4.85,36.9
bakery,6,11.89,30,8.32,51.3
bakery,5,2.62,10,2.36,27.7
bakery,2,14.58,30,10.2,69.7
bakery,3,3.48,0,3.48,22.7
bakery,1,7.16,30,5.01,45.2
bakery,6,5.07,30,3.55,53.8
bakery,3,12.05,50,6.02,75.4
bakery,7,5.24,0,5.24,17.7
bakery,3,12.75,50,6.38,72.7
bakery,1,5.26,10,4.73,34.7
bakery,5,7.65,10,6.88,28.2
bakery,7,7.32,0,7.32,31.9
bakery,6,3.85,30,2.69,61.4
bakery,6,10.91,0,10.91,36.9
bakery,4,7.72,0,7.72,25.4
bakery,7,14.26,0,14.26,24.0
bakery,3,7.73,0,7.73,23.1
bakery,1,8.44,10,7.59,53.3
bakery,5,2.51,0,2.51,25.6
bakery,0,4.13,40,2.48,91.6
bakery,0,12.8,0,12.8,24.4
bakery,6,8.07,0,8.07,27.1
bakery,4,13.94,30,9.76,29.6
bakery,4,8.69,10,7.82,26.0
bakery,0,3.8,30,2.66,53.7
bakery,2,8.27,0,8.27,33.9
bakery,6,13.19,30,9.23,34.6
bakery,1,3.1,50,1.55,121.0
bakery,3,12.45,20,9.96,47.9
bakery,1,11.56,20,9.25,31.5
bakery,2,14.8,10,13.32,33.1
bakery,7,7.78,20,6.22,35.7
bakery,7,11.29,0,11.29,21.8
bakery,6,11.52,50,5.76,90.8
bakery,5,6.74,0,6.74,21.5
bakery,3,13.26,10,11.93,37.0
bakery,6,8.05,0,8.05,37.9
bakery,7,8.25,0,8.25,25.9
bakery,6,4.34,10,3.91,26.5
bakery,6,11.57,10,10.41,45.8
bakery,2,13.36,0,13.36,28.7
bakery,5,13.26,40,7.96,72.0
bakery,1,5.52,20,4.42,49.2
bakery,7,2.11,30,1.47,39.3
bakery,0,7.22,0,7.22,37.1
bakery,6,2.99,0,2.99,27.9
bakery,4,9.53,0,9.53,29.8
bakery,3,12.24,50,6.12,85.6
bakery,0,14.91,10,13.42,43.1
bakery,4,14.49,20,11.59,34.0
bakery,3,14.16,0,14.16,18.9
bakery,6,13.22,20,10.57,34.7
bakery,7,3.24,0,3.24,18.4
bakery,5,5.35,30,3.74,31.3
bakery,1,7.04,10,6.34,39.6
bakery,1,5.29,0,5.29,28.5
bakery,0,14.67,10,13.2,35.9
bakery,0,7.78,30,5.44,80.8
bakery,1,11.18,30,7.83,70.1
bakery,6,7.08,40,4.25,67.9
bakery,6,13.21,10,11.89,26.5
bakery,3,10.67,0,10.67,40.3
bakery,1,5.56,0,5.56,24.4
bakery,1,13.36,10,12.02,42.2
bakery,6,6.32,0,6.32,36.6
bakery,6,6.25,10,5.63,27.1
bakery,1,8.86,50,4.43,103.0
bakery,1,13.59,0,13.59,46.4
bakery,6,6.49,0,6.49,21.0
bakery,4,3.39,0,3.39,38.9
bakery,6,8.28,30,5.8,46.0
bakery,2,6.7,0,6.7,30.2
bakery,0,14.14,0,14.14,49.1
bakery,4,7.15,10,6.44,23.3
bakery,4,7.67,0,7.67,29.8
bakery,2,9.5,0,9.5,28.5
bakery,1,9.76,30,6.83,53.2
bakery,6,11.13,0,11.13,30.1
bakery,3,7.11,0,7.11,35.8
bakery,2,9.85,40,5.91,71.3
bakery,4,12.02,0,12.02,23.1
bakery,6,4.05,20,3.24,32.6
bakery,1,15.0,20,12.0,52.2
bakery,1,2.53,50,1.26,99.2
bakery,6,14.29,10,12.86,26.5
bakery,0,11.95,30,8.37,67.8
bakery,3,2.11,0,2.11,28.1
bakery,3,6.12,10,5.51,46.3
bakery,5,7.75,0,7.75,33.2
bakery,0,2.38,0,2.38,49.9
bakery,5,6.95,0,6.95,19.7
bakery,2,2.73,0,2.73,39.6
bakery,1,7.61,0,7.61,36.1
bakery,6,12.24,0,12.24,31.9
bakery,5,12.79,0,12.79,24.9
bakery,2,9.84,50,4.92,101.2
bakery,0,4.82,10,4.34,33.0
bakery,4,8.8,30,6.16,45.6
bakery,4,2.98,0,2.98,25.4
bakery,4,12.73,50,6.37,75.4
bakery,3,2.33,0,2.33,24.9
bakery,7,5.85,50,2.93,49.8
bakery,4,14.51,20,11.6,51.6
bakery,5,2.95,10,2.65,32.0
bakery,5,9.83,0,9.83,28.2
bakery,1,4.02,30,2.81,73.0
bakery,5,5.7,10,5.13,34.2
bakery,4,6.66,50,3.33,113.3
bakery,3,14.29,0,14.29,34.6
bakery,4,3.39,0,3.39,24.9
bakery,1,3.79,0,3.79,35.4
bakery,1,5.88,0,5.88,41.3
bakery,5,6.14,10,5.52,29.2
bakery,2,5.44,10,4.9,43.7
bakery,1,9.82,40,5.89,79.5
bakery,1,7.4,20,5.92,40.8
bakery,2,5.4,0,5.4,19.9
bakery,6,7.62,0,7.62,28.4
bakery,6,13.44,20,10.75,29.2
bakery,4,5.96,0,5.96,20.8
bakery,6,5.54,20,4.43,43.4
bakery,0,2.37,50,1.18,73.6
bakery,5,7.63,20,6.11,46.6
bakery,2,10.12,0,10.12,23.2
bakery,7,13.04,30,9.13,41.3
bakery,0,4.72,40,2.83,75.0
bakery,3,6.85,0,6.85,21.7
bakery,2,4.23,40,2.54,69.6
bakery,5,3.99,20,3.2,40.0
bakery,5,2.56,20,2.05,28.2
bakery,4,3.98,20,3.18,54.0
bakery,2,14.4,0,14.4,30.1
bakery,0,9.79,10,8.81,35.7
bakery,1,10.0,10,9.0,49.8
bakery,5,2.72,10,2.45,26.7
bakery,6,13.85,50,6.93,118.4
bakery,1,6.09,40,3.65,71.3
bakery,7,5.52,30,3.87,47.4
bakery,0,3.06,40,1.83,92.4
bakery,6,5.16,10,4.65,60.1
bakery,6,4.1,0,4.1,31.3
bakery,2,8.87,0,8.87,36.7
bakery,5,14.87,0,14.87,19.4
bakery,2,2.54,50,1.27,49.6
bakery,2,12.26,20,9.81,59.4
bakery,2,2.52,50,1.26,77.9
bakery,4,9.16,10,8.25,28.1
bakery,2,12.71,0,12.71,48.5
bakery,0,7.48,30,5.24,72.4
bakery,3,10.42,0,10.42,22.0
bakery,0,14.66,10,13.2,40.4
bakery,3,7.8,0,7.8,26.8
bakery,1,12.56,0,12.56,30.4
bakery,6,6.57,0,6.57,22.0
bakery,0,10.4,40,6.24,87.5
bakery,1,6.51,20,5.21,53.1
bakery,6,2.81,0,2.81,37.7
bakery,5,3.77,0,3.77,34.1
bakery,7,8.85,0,8.85,29.7
bakery,1,2.99,40,1.8,81.3
bakery,0,13.42,40,8.05,91.6
bakery,2,5.11,0,5.11,32.5
bakery,6,7.66,40,4.6,47.6
bakery,5,10.88,30,7.62,82.0
bakery,3,11.53,50,5.77,130.2
bakery,2,12.31,10,11.08,37.4
bakery,4,2.98,30,2.08,38.8
bakery,6,10.69,0,10.69,20.5
bakery,1,6.69,50,3.34,93.0
bakery,6,10.74,40,6.44,75.6
bakery,1,5.1,0,5.1,39.5
bakery,0,9.95,0,9.95,27.7
bakery,5,6.63,20,5.31,29.9
bakery,3,14.97,40,8.98,68.3
bakery,1,6.55,0,6.55,31.0
bakery,4,8.32,0,8.32,33.1
bakery,7,6.45,0,6.45,26.3
bakery,4,2.08,0,2.08,33.9
bakery,7,8.95,0,8.95,26.3
bakery,2,7.19,0,7.19,27.9
bakery,6,10.54,10,9.48,31.7
bakery,1,13.22,10,11.9,26.2
bakery,7,14.04,20,11.23,35.8
bakery,0,12.53,30,8.77,53.4
bakery,6,8.99,30,6.29,51.5
bakery,7,14.19,20,11.35,50.1
bakery,6,13.86,20,11.09,53.9
bakery,1,6.57,0,6.57,36.8
bakery,5,9.42,0,9.42,29.4
bakery,4,12.63,10,11.36,18.4
bakery,1,3.01,30,2.1,47.0
bakery,2,10.23,10,9.21,53.6
bakery,4,9.67,10,8.71,29.7
bakery,7,5.22,20,4.18,35.7
bakery,5,3.44,0,3.44,19.6
bakery,6,8.81,0,8.81,20.0
bakery,2,9.16,0,9.16,33.3
bakery,3,4.51,40,2.71,75.3
bakery,5,2.98,10,2.69,28.7
bakery,2,5.79,0,5.79,33.8
bakery,2,8.39,0,8.39,35.7
bakery,6,8.05,40,4.83,69.1
bakery,1,4.92,20,3.94,56.4
bakery,0,4.97,0,4.97,29.1
bakery,5,9.18,10,8.26,27.3
bakery,5,2.35,40,1.41,69.4
bakery,5,6.59,10,5.93,40.4
bakery,4,13.58,40,8.15,27.9
bakery,3,5.94,0,5.94,20.5
bakery,5,13.4,30,9.38,49.5
bakery,2,5.28,0,5.28,29.2
bakery,2,4.08,50,2.04,87.9
bakery,6,7.15,20,5.72,49.7
bakery,4,10.85,0,10.85,25.2
bakery,5,9.62,0,9.62,47.8
bakery,2,12.21,30,8.55,61.2
bakery,5,8.99,0,8.99,30.2
bakery,3,8.08,10,7.27,36.3
bakery,2,8.68,10,7.82,39.9
bakery,3,12.3,40,7.38,82.2
bakery,2,3.18,20,2.54,41.4
bakery,0,6.94,30,4.86,69.1
bakery,1,12.86,10,11.58,37.2
bakery,0,8.29,10,7.46,36.8
bakery,4,8.42,20,6.74,33.0
bakery,0,14.14,30,9.9,59.4
bakery,1,6.95,20,5.56,46.3
bakery,1,13.4,10,12.06,35.4
bakery,3,7.53,0,7.53,30.4
bakery,4,9.42,0,9.42,20.7
bakery,4,2.15,40,1.29,47.6
bakery,5,8.26,0,8.26,22.9
bakery,4,8.36,0,8.36,33.8
bakery,1,9.61,30,6.73,46.4
bakery,3,8.37,40,5.02,71.5
bakery,0,9.44,0,9.44,23.2
bakery,2,14.22,30,9.96,62.0
bakery,6,14.35,20,11.48,31.7
bakery,3,12.42,20,9.94,53.2
bakery,3,7.75,0,7.75,41.0
bakery,7,2.01,50,1.01,79.1
bakery,3,7.41,30,5.19,92.1
bakery,4,6.15,10,5.54,36.3
bakery,7,10.53,50,5.26,64.0
bakery,1,2.47,0,2.47,37.8
bakery,4,3.98,10,3.59,31.3
bakery,1,10.64,0,10.64,23.8
bakery,5,9.6,40,5.76,84.7
bakery,7,11.88,40,7.13,77.9
bakery,4,14.04,20,11.23,47.2
bakery,2,8.57,0,8.57,31.4
bakery,7,4.0,10,3.6,28.9
bakery,1,8.47,20,6.77,28.9
bakery,3,6.9,10,6.21,54.5
bakery,6,7.07,0,7.07,17.5
bakery,2,8.49,0,8.49,26.6
bakery,2,11.18,10,10.06,36.2
bakery,7,4.36,0,4.36,26.1
bakery,3,3.3,0,3.3,28.9
bakery,5,3.87,0,3.87,21.9
bakery,0,10.96,30,7.67,71.1
bakery,3,3.01,0,3.01,15.1
bakery,6,7.99,10,7.19,22.3
bakery,6,4.75,10,4.28,39.3
bakery,6,4.24,40,2.54,62.6
bakery,3,4.33,0,4.33,35.1
bakery,4,11.79,40,7.07,38.7
bakery,3,13.27,50,6.64,136.4
bakery,1,14.36,30,10.05,98.2
bakery,0,10.76,50,5.38,122.1
bakery,3,11.53,20,9.23,43.6
bakery,6,13.96,30,9.77,67.8
bakery,4,13.82,0,13.82,24.9
bakery,4,11.26,30,7.88,72.0
bakery,3,12.26,0,12.26,18.2
bakery,4,8.57,40,5.14,47.2
bakery,5,7.36,0,7.36,17.9
bakery,6,11.76,20,9.41,30.8
bakery,0,12.15,50,6.07,148.2
bakery,2,2.44,0,2.44,42.0
bakery,5,3.53,40,2.12,70.0
bakery,2,2.48,0,2.48,29.8
bakery,7,11.43,20,9.15,38.0
bakery,5,11.78,10,10.6,29.1
bakery,1,12.21,40,7.33,69.4
bakery,6,9.31,0,9.31,19.0
bakery,4,3.37,0,3.37,20.0
bakery,0,11.75,30,8.23,73.7
bakery,0,4.18,10,3.76,38.8
bakery,1,5.65,20,4.52,30.9
bakery,3,2.86,0,2.86,27.5
bakery,5,10.65,10,9.58,24.5
bakery,2,5.92,30,4.14,36.8
bakery,7,11.91,20,9.53,45.1
bakery,6,6.39,50,3.2,77.2
bakery,0,2.58,20,2.06,41.5
bakery,6,9.42,40,5.65,108.6
bakery,3,9.16,0,9.16,25.9
bakery,6,8.8,30,6.16,53.9
bakery,5,7.51,0,7.51,18.7
bakery,2,10.85,50,5.42,102.6
bakery,5,11.83,0,11.83,58.5
bakery,5,3.66,0,3.66,26.2
bakery,3,4.59,0,4.59,28.0
bakery,5,6.51,50,3.26,109.1
bakery,7,8.42,10,7.58,38.0
bakery,6,8.19,0,8.19,25.4
bakery,1,4.63,30,3.24,41.9
bakery,5,10.33,0,10.33,29.0
bakery,2,4.47,10,4.02,19.5
bakery,5,2.87,0,2.87,32.3
bakery,7,13.29,30,9.3,100.9
bakery,7,10.68,40,6.41,86.0
bakery,2,5.8,30,4.06,72.2
bakery,3,13.53,30,9.47,49.3
bakery,4,14.15,30,9.9,48.1
bakery,1,12.22,0,12.22,33.9
bakery,7,10.18,50,5.09,55.2
bakery,3,5.3,20,4.24,26.5
bakery,5,2.77,0,2.77,30.6
bakery,2,7.01,50,3.5,137.5
bakery,0,7.05,10,6.35,37.3
bakery,1,2.1,0,2.1,35.4
bakery,2,2.91,0,2.91,30.8
bakery,2,12.37,0,12.37,31.7
bakery,2,5.82,20,4.66,59.7
bakery,6,2.52,40,1.51,73.9
bakery,5,10.71,50,5.35,80.8
bakery,5,9.27,0,9.27,22.1
bakery,2,6.49,40,3.89,81.7
bakery,0,6.54,0,6.54,34.6
bakery,3,4.81,0,4.81,29.5
bakery,1,4.61,20,3.68,48.8
bakery,7,3.27,30,2.29,45.2
bakery,7,9.63,30,6.74,45.6
bakery,1,2.2,20,1.76,40.8
bakery,4,2.21,0,2.21,30.3
bakery,3,11.45,20,9.16,39.3
bakery,6,14.61,20,11.68,26.3
bakery,5,14.21,40,8.53,48.1
bakery,7,7.09,0,7.09,38.8
bakery,1,6.41,10,5.76,28.9
bakery,5,3.54,50,1.77,110.8
bakery,5,7.87,20,6.3,39.1
bakery,5,13.3,30,9.31,35.4
bakery,7,8.68,50,4.34,78.5
bakery,1,2.11,20,1.69,70.0
bakery,6,8.07,20,6.45,34.2
bakery,6,7.56,20,6.05,32.6
bakery,2,13.71,20,10.97,49.9
bakery,3,7.26,10,6.54,24.2
bakery,0,9.48,0,9.48,28.3
bakery,1,8.05,50,4.02,135.9
bakery,5,5.68,20,4.55,21.1
bakery,3,9.6,10,8.64,50.8
bakery,7,3.71,0,3.71,20.1
bakery,7,12.35,30,8.65,72.5
bakery,4,6.68,0,6.68,20.9
bakery,2,8.25,30,5.77,63.8
bakery,0,10.21,50,5.11,85.0
bakery,4,9.12,20,7.3,38.9
bakery,1,9.37,0,9.37,32.5
bakery,6,2.65,40,1.59,65.2
bakery,7,8.49,0,8.49,16.6
bakery,1,8.74,0,8.74,27.9
bakery,2,8.55,30,5.98,68.4
bakery,3,11.17,20,8.94,28.4
bakery,1,7.1,30,4.97,43.0
bakery,1,11.69,0,11.69,37.8
bakery,3,14.55,40,8.73,42.5
bakery,4,3.27,0,3.27,25.2
bakery,4,14.72,50,7.36,145.6
bakery,6,10.57,50,5.29,94.6
bakery,1,6.83,10,6.15,38.6
bakery,2,7.48,20,5.99,48.3
bakery,6,2.44,0,2.44,32.4
bakery,3,6.89,0,6.89,20.1
bakery,0,14.7,50,7.35,158.0
bakery,1,11.22,20,8.97,25.6
bakery,2,14.71,0,14.71,29.7
bakery,4,3.51,10,3.16,23.2
bakery,5,11.21,0,11.21,33.0
bakery,4,4.32,0,4.32,26.0
bakery,6,9.47,30,6.63,41.9
bakery,5,13.03,20,10.42,38.6
bakery,7,12.53,50,6.26,76.0
bakery,1,13.07,40,7.84,104.3
bakery,7,12.76,50,6.38,160.2
bakery,4,3.57,20,2.86,45.7
bakery,4,4.44,40,2.66,47.8
bakery,2,10.83,20,8.66,50.9
bakery,1,11.61,10,10.44,34.7
bakery,2,13.6,0,13.6,26.4
bakery,6,7.29,0,7.29,22.6
bakery,3,13.53,0,13.53,36.7
bakery,7,3.77,0,3.77,33.7
bakery,4,3.12,30,2.19,65.1
bakery,3,4.49,30,3.14,63.8
bakery,6,4.36,40,2.61,34.8
bakery,1,8.87,40,5.32,66.1
bakery,4,9.55,0,9.55,23.3
bakery,7,9.77,0,9.77,21.2
bakery,7,12.6,30,8.82,34.6
bakery,3,3.24,10,2.92,23.1
bakery,3,6.18,50,3.09,72.9
bakery,3,11.38,0,11.38,28.8
bakery,4,2.1,0,2.1,25.7
bakery,0,5.84,0,5.84,34.6
bakery,1,9.49,0,9.49,53.2
bakery,6,12.99,30,9.09,41.1
bakery,7,5.54,50,2.77,100.3
bakery,6,10.94,0,10.94,32.8
bakery,4,7.23,0,7.23,27.7
bakery,0,5.05,50,2.53,111.9
bakery,0,6.28,30,4.4,51.3
bakery,2,12.33,20,9.86,29.3
bakery,7,12.31,50,6.16,101.3
bakery,2,11.98,0,11.98,41.1
bakery,0,5.0,20,4.0,38.1
bakery,1,8.37,40,5.02,66.2
bakery,4,10.26,50,5.13,50.1
bakery,6,6.65,10,5.98,35.5
bakery,3,10.06,10,9.05,29.9
bakery,7,13.28,0,13.28,17.8
bakery,7,10.77,0,10.77,32.6
bakery,4,14.59,30,10.21,44.9
bakery,1,13.0,30,9.1,89.2
bakery,0,14.57,50,7.28,110.3
bakery,1,11.67,0,11.67,26.8
bakery,0,11.69,0,11.69,86.6
bakery,0,3.12,10,2.81,45.0
bakery,4,8.94,50,4.47,89.4
bakery,1,10.91,20,8.73,47.2
bakery,0,6.11,0,6.11,29.0
bakery,7,14.04,40,8.43,64.4
bakery,4,8.37,0,8.37,28.6
bakery,7,5.8,20,4.64,49.4
bakery,5,14.16,20,11.33,34.0
bakery,0,14.59,10,13.13,75.6
bakery,1,11.55,0,11.55,44.3
bakery,3,3.37,50,1.69,135.4
bakery,2,9.08,0,9.08,23.5
bakery,5,3.87,50,1.93,199.0
bakery,1,8.65,40,5.19,95.9
bakery,7,2.41,10,2.17,33.4
bakery,3,7.16,20,5.73,28.0
bakery,6,9.95,0,9.95,28.5
bakery,0,6.71,30,4.7,54.6
bakery,0,5.01,0,5.01,26.5
bakery,5,7.23,0,7.23,24.7
bakery,7,7.47,20,5.97,38.9
bakery,3,11.08,10,9.97,33.9
bakery,1,5.59,30,3.91,43.4
bakery,3,4.15,10,3.73,25.2
bakery,7,9.79,30,6.85,50.0
bakery,5,11.46,0,11.46,38.2
bakery,0,12.11,30,8.48,55.4
bakery,3,3.22,0,3.22,31.2
bakery,7,4.87,10,4.39,26.4
bakery,4,5.43,30,3.8,40.7
bakery,4,8.9,10,8.01,28.2
bakery,0,8.34,30,5.84,55.2
bakery,6,5.94,50,2.97,130.5
bakery,7,5.46,50,2.73,72.4
bakery,3,7.44,0,7.44,20.1
bakery,6,10.09,10,9.08,37.1
bakery,2,9.39,0,9.39,26.5
bakery,0,13.26,0,13.26,33.2
bakery,4,10.52,20,8.42,41.4
bakery,0,6.62,30,4.63,71.5
bakery,0,13.68,0,13.68,29.6
bakery,6,4.96,30,3.47,53.4
bakery,7,6.49,30,4.54,41.1
bakery,6,8.33,0,8.33,27.3
bakery,0,9.74,40,5.84,86.3
bakery,7,4.9,0,4.9,35.0
bakery,1,6.62,20,5.3,48.5
bakery,3,3.53,10,3.18,25.2
bakery,7,9.75,30,6.83,46.7
bakery,7,14.87,30,10.41,58.4
bakery,7,3.75,50,1.88,65.3
bakery,2,8.94,0,8.94,28.5
bakery,1,13.27,0,13.27,27.7
bakery,4,10.1,0,10.1,16.0
bakery,0,11.91,0,11.91,46.1
bakery,1,12.38,10,11.14,42.8
bakery,4,10.57,10,9.51,30.4
bakery,4,10.79,50,5.4,92.6
bakery,2,5.42,10,4.88,36.7
bakery,7,9.68,40,5.81,88.7
bakery,3,2.93,0,2.93,30.2
bakery,7,9.68,10,8.71,24.7
bakery,0,3.35,0,3.35,19.5
bakery,6,10.71,30,7.5,64.8
bakery,0,12.64,0,12.64,55.6
bakery,6,6.66,50,3.33,56.6
bakery,1,12.74,0,12.74,30.7
bakery,2,14.74,10,13.27,21.3
bakery,4,12.3,40,7.38,44.6
bakery,7,4.61,30,3.23,49.6
bakery,4,7.16,0,7.16,19.6
bakery,5,8.39,0,8.39,24.5
bakery,0,12.42,20,9.94,59.1
bakery,7,5.44,30,3.81,39.0
bakery,2,11.24,20,8.99,48.9
bakery,3,14.6,10,13.14,41.6
bakery,2,2.25,30,1.58,51.8
bakery,4,7.13,30,4.99,38.6
bakery,6,6.43,10,5.79,21.7
bakery,7,14.39,20,11.51,37.4
bakery,1,11.15,40,6.69,88.6
bakery,4,7.59,0,7.59,18.2
bakery,1,13.82,0,13.82,27.8
bakery,7,10.85,0,10.85,24.4
bakery,2,14.48,0,14.48,39.2
bakery,6,8.89,40,5.34,64.1
bakery,3,7.62,0,7.62,28.8
bakery,0,3.11,0,3.11,31.1
bakery,6,14.59,10,13.13,24.5
bakery,5,12.17,10,10.95,22.0
bakery,4,4.02,20,3.21,44.3
bakery,7,5.02,40,3.01,54.0
bakery,0,8.86,50,4.43,98.0
bakery,4,10.06,30,7.04,67.1
bakery,7,4.48,10,4.03,35.0
bakery,1,13.8,0,13.8,35.3
bakery,2,5.39,40,3.24,77.5
bakery,3,9.69,0,9.69,46.7
bakery,5,6.4,0,6.4,34.1
bakery,0,12.98,40,7.79,67.8
bakery,2,9.25,0,9.25,32.9
bakery,4,3.08,40,1.85,63.7
bakery,1,4.12,0,4.12,39.3
bakery,3,7.4,10,6.66,49.0
bakery,6,6.23,30,4.36,44.5
bakery,6,4.24,0,4.24,23.8
bakery,3,11.67,30,8.17,33.5
bakery,6,2.93,20,2.35,41.4
bakery,6,14.63,0,14.63,27.7
bakery,4,6.37,30,4.46,46.0
bakery,0,8.73,0,8.73,50.6
bakery,1,7.85,30,5.5,52.5
bakery,7,10.55,10,9.49,42.1
bakery,6,4.32,40,2.59,74.5
bakery,5,12.18,20,9.75,37.3
bakery,5,8.63,30,6.04,49.9
bakery,7,13.62,20,10.9,30.7
bakery,2,11.16,30,7.81,53.1
bakery,5,10.49,0,10.49,23.5
bakery,2,9.59,0,9.59,32.0
bakery,5,2.73,0,2.73,29.8
bakery,5,8.24,0,8.24,28.7
bakery,6,14.22,0,14.22,23.0
bakery,5,8.74,10,7.87,28.2
bakery,6,3.0,10,2.7,31.4
bakery,0,11.75,10,10.58,40.3
bakery,0,3.1,0,3.1,26.0
bakery,5,9.42,50,4.71,62.5
bakery,4,10.93,0,10.93,28.0
bakery,2,10.87,0,10.87,16.5
bakery,7,12.58,30,8.81,42.8
bakery,1,6.46,40,3.87,57.5
bakery,3,6.72,20,5.38,49.5
bakery,2,13.79,30,9.65,35.3
bakery,6,4.91,0,4.91,19.1
bakery,0,14.9,30,10.43,51.5
bakery,5,5.42,0,5.42,19.6
bakery,1,8.24,0,8.24,31.3
bakery,3,4.35,30,3.04,88.2
bakery,2,5.16,30,3.61,57.5
bakery,5,13.64,20,10.91,43.3
bakery,3,14.98,0,14.98,23.7
bakery,6,6.91,0,6.91,25.6
bakery,0,2.01,20,1.61,48.8
bakery,3,6.99,40,4.2,44.4
bakery,4,2.28,20,1.82,29.3
bakery,3,5.86,30,4.1,72.2
bakery,4,7.25,0,7.25,32.4
bakery,5,8.89,50,4.44,67.3
bakery,6,12.3,50,6.15,59.5
bakery,0,14.4,0,14.4,36.5
bakery,0,9.77,0,9.77,49.7
bakery,0,11.67,10,10.5,34.0
bakery,7,13.08,30,9.16,38.4
bakery,2,2.58,0,2.58,32.5
bakery,5,8.06,30,5.64,73.3
bakery,4,14.99,20,11.99,40.3
bakery,7,6.52,0,6.52,27.4
bakery,2,10.53,10,9.47,23.4
bakery,4,14.63,30,10.24,41.3
bakery,3,10.87,40,6.52,52.5
bakery,0,3.77,50,1.88,103.3
bakery,4,12.59,40,7.55,74.1
bakery,7,8.28,20,6.62,34.3
bakery,7,6.7,50,3.35,65.2
bakery,5,10.73,0,10.73,32.2
bakery,0,3.37,30,2.36,68.5
bakery,5,12.21,0,12.21,19.0
bakery,2,9.74,0,9.74,35.5
bakery,3,2.94,0,2.94,19.0
bakery,4,12.76,50,6.38,101.7
bakery,0,12.87,50,6.44,93.6
bakery,4,11.68,50,5.84,130.3
bakery,6,2.24,50,1.12,82.1
bakery,5,4.54,0,4.54,16.4
bakery,4,10.89,0,10.89,13.5
bakery,2,10.22,0,10.22,23.8
bakery,7,13.81,30,9.66,26.1
bakery,1,14.65,0,14.65,29.1
bakery,7,13.93,30,9.75,56.3
bakery,2,7.64,40,4.58,104.6
bakery,3,9.2,20,7.36,59.6
bakery,7,9.94,20,7.95,51.4
bakery,2,7.1,20,5.68,43.5
bakery,1,3.07,0,3.07,29.9
bakery,6,8.42,0,8.42,27.4
bakery,5,2.21,30,1.55,31.0
bakery,5,4.63,20,3.71,26.6
bakery,2,10.18,0,10.18,29.0
bakery,6,4.15,0,4.15,28.9
bakery,4,9.71,30,6.8,48.6
bakery,0,2.32,30,1.63,131.4
bakery,7,11.77,30,8.24,69.9
bakery,4,3.54,30,2.48,45.7
bakery,2,14.03,20,11.23,50.9
bakery,7,6.0,30,4.2,42.2
bakery,6,7.18,0,7.18,18.8
bakery,6,7.33,50,3.66,94.2
bakery,1,5.88,0,5.88,36.8
bakery,6,11.43,40,6.86,87.5
bakery,5,9.82,40,5.89,52.5
bakery,7,5.67,30,3.97,36.4
bakery,5,12.36,0,12.36,19.7
bakery,3,8.88,0,8.88,27.9
bakery,3,7.14,30,5.0,53.7
bakery,4,5.33,30,3.73,51.3
bakery,0,14.02,10,12.62,34.1
bakery,2,3.27,30,2.29,54.8
bakery,7,2.92,40,1.75,70.8
bakery,6,6.06,0,6.06,26.3
bakery,3,6.4,20,5.12,29.2
bakery,5,7.29,40,4.37,62.0
bakery,6,2.11,30,1.48,30.7
bakery,3,9.33,0,9.33,30.5
bakery,4,10.8,0,10.8,24.6
bakery,7,11.7,50,5.85,85.9
bakery,4,7.94,30,5.56,33.2
bakery,7,14.05,0,14.05,25.7
bakery,2,2.98,40,1.79,90.3
bakery,6,9.16,0,9.16,17.4
bakery,0,13.97,30,9.78,86.0
bakery,1,3.36,0,3.36,23.8
bakery,1,2.02,20,1.62,43.1
bakery,7,13.54,20,10.83,66.0
bakery,6,12.79,40,7.67,64.2
bakery,1,3.66,0,3.66,25.1
bakery,1,5.6,0,5.6,25.8
bakery,2,11.29,0,11.29,17.9
bakery,1,2.16,0,2.16,40.4
bakery,0,6.33,20,5.06,65.2
bakery,1,7.47,50,3.74,155.5
bakery,3,2.67,40,1.6,54.4
bakery,3,6.48,0,6.48,28.7
bakery,4,13.43,0,13.43,26.7
bakery,0,6.25,10,5.63,44.5
bakery,5,11.01,20,8.81,24.5
bakery,5,5.63,0,5.63,23.5
bakery,5,7.26,40,4.36,69.7
bakery,1,8.33,30,5.83,85.5
bakery,2,3.62,40,2.17,83.5
bakery,3,7.98,40,4.79,103.3
bakery,5,13.65,20,10.92,22.3
bakery,5,2.75,0,2.75,29.1
bakery,2,12.86,50,6.43,79.6
bakery,0,10.59,20,8.47,34.6
bakery,7,7.28,40,4.37,76.5
bakery,5,12.88,50,6.44,90.1
bakery,1,12.35,30,8.64,49.1
bakery,0,10.53,40,6.32,86.5
bakery,7,9.87,40,5.92,70.4
bakery,6,14.41,0,14.41,26.4
bakery,4,12.49,0,12.49,23.7
bakery,6,13.69,40,8.21,61.9
bakery,0,9.0,20,7.2,53.3
bakery,5,11.89,50,5.95,77.4
bakery,5,2.58,50,1.29,123.4
bakery,4,6.44,20,5.15,32.2
bakery,4,2.72,0,2.72,38.4
bakery,3,2.86,10,2.57,35.2
bakery,7,12.86,0,12.86,29.5
bakery,1,14.61,40,8.76,68.5
bakery,3,3.87,10,3.48,47.1
bakery,0,10.9,30,7.63,81.5
bakery,2,10.24,30,7.16,50.2
bakery,2,2.06,50,1.03,180.0
bakery,3,13.13,30,9.19,49.2
bakery,6,7.34,0,7.34,20.4
bakery,7,11.88,0,11.88,41.5
bakery,7,13.54,50,6.77,70.5
bakery,0,6.52,30,4.56,76.5
bakery,2,12.49,0,12.49,32.4
bakery,4,8.17,0,8.17,33.8
bakery,4,2.19,0,2.19,38.4
bakery,0,6.99,10,6.3,35.0
bakery,6,13.46,40,8.07,56.3
bakery,5,2.57,0,2.57,37.2
bakery,4,3.17,10,2.85,40.0
bakery,6,4.27,50,2.13,77.3
bakery,3,10.32,10,9.29,35.1
bakery,3,2.17,40,1.3,73.6
bakery,2,8.08,0,8.08,28.9
bakery,4,3.62,0,3.62,20.8
bakery,3,4.98,40,2.99,79.6
bakery,4,3.99,10,3.59,35.6
bakery,6,10.7,0,10.7,27.4
bakery,0,3.63,10,3.27,35.7
bakery,0,13.3,50,6.65,100.3
bakery,6,7.75,10,6.97,20.6
bakery,3,12.22,0,12.22,16.4
bakery,7,10.92,10,9.82,43.1
bakery,0,13.06,10,11.76,55.1
bakery,7,4.94,20,3.96,22.4
bakery,4,10.56,10,9.5,41.4
bakery,4,8.6,30,6.02,51.5
bakery,0,4.36,0,4.36,37.4
bakery,5,2.63,40,1.58,86.6
bakery,3,2.65,10,2.38,37.6
bakery,3,12.24,30,8.56,37.8
bakery,0,10.85,0,10.85,39.9
bakery,4,12.35,20,9.88,32.3
bakery,4,2.32,10,2.09,54.9
bakery,6,2.79,40,1.67,63.8
bakery,3,6.56,0,6.56,20.0
bakery,7,12.47,0,12.47,22.0
bakery,2,13.44,50,6.72,128.9
bakery,1,3.67,30,2.57,45.7
bakery,7,11.06,10,9.95,28.8
bakery,0,3.69,0,3.69,24.1
bakery,0,11.6,30,8.12,85.6
bakery,5,5.36,0,5.36,23.1
bakery,3,4.48,0,4.48,15.8
bakery,3,7.24,0,7.24,29.6
bakery,4,12.66,20,10.13,50.3
bakery,3,7.26,40,4.35,46.6
bakery,3,11.91,0,11.91,23.0
bakery,4,11.54,0,11.54,19.6
bakery,6,8.49,20,6.79,32.3
bakery,4,7.71,0,7.71,21.9
bakery,2,5.6,50,2.8,84.9
bakery,1,5.24,30,3.67,61.1
bakery,4,4.06,30,2.84,49.3
bakery,1,3.84,20,3.08,45.8
bakery,1,12.97,0,12.97,38.2
bakery,3,2.96,30,2.07,49.5
bakery,6,9.6,20,7.68,32.4
bakery,4,10.03,20,8.02,33.5
bakery,7,2.86,10,2.57,31.2
bakery,5,13.83,0,13.83,39.5
bakery,6,8.24,10,7.42,37.7
bakery,2,3.39,40,2.04,66.7
bakery,0,2.59,40,1.55,103.0
bakery,1,9.48,0,9.48,21.3
bakery,5,14.59,20,11.67,29.0
bakery,7,7.68,0,7.68,17.1
bakery,1,12.9,10,11.61,49.2
bakery,4,7.51,10,6.76,33.6
bakery,7,11.53,0,11.53,19.2
bakery,1,9.5,30,6.65,77.4
bakery,5,5.26,0,5.26,31.4
bakery,5,13.53,20,10.82,33.3
bakery,1,12.32,0,12.32,36.1
bakery,0,8.82,10,7.94,31.3
bakery,3,8.4,30,5.88,58.7
bakery,3,10.39,20,8.31,58.8
bakery,4,9.12,30,6.39,39.6
bakery,1,8.65,0,8.65,31.3
bakery,2,14.51,20,11.61,30.6
bakery,4,3.91,10,3.52,25.0
bakery,5,7.7,0,7.7,26.7
bakery,6,9.29,10,8.36,35.1
bakery,3,14.4,30,10.08,44.8
bakery,0,9.11,0,9.11,42.6
bakery,2,3.06,50,1.53,105.6
bakery,1,10.85,30,7.59,91.7
bakery,3,2.03,20,1.63,28.4
bakery,6,14.02,40,8.41,60.8
bakery,2,6.56,10,5.9,23.0
bakery,3,13.36,30,9.35,75.2
bakery,2,13.19,50,6.59,116.4
bakery,5,13.18,40,7.91,55.1
bakery,5,7.39,0,7.39,19.5
bakery,2,2.91,40,1.74,84.4
bakery,7,5.21,10,4.69,25.2
bakery,2,7.02,50,3.51,111.5
bakery,3,8.48,20,6.78,50.7
bakery,6,4.08,50,2.04,117.5
bakery,2,4.23,0,4.23,19.3
bakery,2,7.08,20,5.66,44.1
bakery,5,13.78,40,8.27,53.2
bakery,7,9.96,0,9.96,23.3
bakery,1,12.11,0,12.11,28.4
bakery,0,5.91,10,5.31,68.8
bakery,1,7.02,0,7.02,23.5
bakery,3,8.92,30,6.25,31.8
bakery,2,3.47,0,3.47,45.8
bakery,5,12.55,0,12.55,24.5
bakery,6,11.56,20,9.24,39.5
bakery,5,10.98,30,7.69,34.9
bakery,1,5.9,10,5.31,40.4
bakery,0,10.83,10,9.75,43.9
bakery,5,12.92,30,9.04,59.6
bakery,2,9.71,0,9.71,29.5
bakery,1,8.91,40,5.34,98.6
bakery,7,12.03,0,12.03,21.2
bakery,7,7.4,50,3.7,81.4
bakery,7,8.06,30,5.64,51.0
bakery,2,6.57,50,3.28,127.9
bakery,3,9.65,10,8.68,48.4
bakery,6,12.35,0,12.35,19.6
bakery,6,11.34,10,10.21,31.4
bakery,2,7.62,0,7.62,47.2
bakery,4,12.91,0,12.91,18.6
bakery,6,10.53,10,9.48,45.6
bakery,5,7.52,10,6.77,31.6
bakery,0,10.53,10,9.47,58.2
bakery,5,2.54,10,2.28,49.1
bakery,0,7.36,10,6.63,45.5
bakery,4,3.07,20,2.46,46.8
bakery,1,10.25,20,8.2,39.1
bakery,6,3.2,30,2.24,47.3
bakery,3,6.93,30,4.85,60.3
bakery,4,4.9,40,2.94,65.2
bakery,7,11.15,20,8.92,54.2
bakery,7,14.88,20,11.91,28.4
bakery,3,12.97,20,10.37,39.7
bakery,5,2.12,0,2.12,22.2
bakery,2,11.17,0,11.17,36.9
bakery,0,13.75,0,13.75,41.7
bakery,2,9.95,10,8.96,59.2
bakery,5,3.85,0,3.85,27.5
bakery,5,4.56,30,3.19,54.8
bakery,5,11.85,20,9.48,39.6
bakery,6,13.2,50,6.6,67.8
bakery,4,3.03,30,2.12,56.6
bakery,7,14.38,20,11.51,39.5
bakery,4,14.67,10,13.2,24.0
bakery,3,13.09,50,6.54,103.2
bakery,1,3.87,40,2.32,59.9
bakery,0,5.67,20,4.54,67.5
bakery,4,4.22,0,4.22,25.2
bakery,7,14.34,10,12.91,28.8
bakery,2,5.65,40,3.39,71.9
bakery,5,13.08,40,7.85,105.9
bakery,5,3.17,10,2.85,26.9
bakery,0,7.8,50,3.9,150.1
bakery,2,7.14,20,5.71,30.4
bakery,0,6.62,0,6.62,34.1
bakery,3,7.06,0,7.06,37.6
bakery,0,14.72,0,14.72,30.5
bakery,2,2.25,10,2.03,23.5
bakery,1,9.38,30,6.57,48.4
bakery,7,3.29,10,2.96,25.9
bakery,5,12.59,0,12.59,18.6
bakery,5,5.09,0,5.09,26.6
bakery,7,13.55,30,9.49,58.5
bakery,3,12.2,20,9.76,61.5
bakery,0,4.46,10,4.02,44.5
bakery,2,6.86,0,6.86,60.2
bakery,7,14.06,20,11.24,33.2
bakery,3,14.54,0,14.54,21.2
bakery,7,10.81,0,10.81,27.7
bakery,5,4.84,40,2.9,68.5
bakery,5,3.13,30,2.19,41.0
bakery,2,13.24,0,13.24,33.6
bakery,2,3.05,40,1.83,70.9
bakery,5,11.83,0,11.83,28.2
bakery,4,11.41,20,9.13,35.4
bakery,3,14.64,0,14.64,21.2
bakery,5,7.01,0,7.01,21.0
bakery,3,3.85,30,2.7,45.7
bakery,4,10.92,40,6.55,34.2
bakery,0,13.68,20,10.94,43.7
bakery,5,9.03,20,7.22,30.0
bakery,3,8.6,50,4.3,99.5
bakery,3,10.78,20,8.62,33.0
bakery,4,7.23,0,7.23,26.1
bakery,4,7.32,20,5.85,59.2
bakery,0,11.25,0,11.25,26.0
bakery,1,3.24,40,1.94,87.9
bakery,7,8.21,10,7.39,22.6
bakery,7,3.16,30,2.21,37.4
bakery,3,2.25,50,1.12,155.0
bakery,7,9.77,40,5.86,62.7
bakery,7,13.54,0,13.54,25.4
bakery,1,11.99,50,6.0,111.2
bakery,7,11.2,20,8.96,42.0
bakery,5,9.89,0,9.89,18.1
bakery,1,3.0,10,2.7,52.5
bakery,5,12.6,0,12.6,24.6
bakery,3,6.83,30,4.78,63.2
bakery,1,10.77,0,10.77,37.5
bakery,4,3.35,40,2.01,61.4
bakery,5,8.13,0,8.13,27.1
bakery,4,12.72,30,8.91,38.4
bakery,0,11.78,0,11.78,14.1
bakery,2,6.02,30,4.21,65.5
bakery,1,7.4,20,5.92,43.1
bakery,4,2.51,10,2.26,40.4
bakery,1,5.17,40,3.1,74.4
bakery,2,3.26,20,2.61,60.9
bakery,0,8.36,10,7.52,24.4
bakery,7,12.37,0,12.37,27.1
bakery,6,7.4,30,5.18,41.8
bakery,0,3.34,50,1.67,126.7
bakery,1,3.86,10,3.47,52.3
bakery,4,13.01,10,11.71,34.5
bakery,4,11.21,0,11.21,30.3
bakery,4,8.31,20,6.64,35.8
bakery,5,9.64,0,9.64,20.1
bakery,1,6.91,0,6.91,27.0
bakery,0,11.78,30,8.24,74.3
bakery,2,10.6,10,9.54,47.9
bakery,5,2.8,40,1.68,49.9
bakery,0,4.85,0,4.85,31.3
bakery,1,9.18,10,8.26,34.9
bakery,6,3.87,0,3.87,17.6
bakery,4,9.97,40,5.98,53.4
bakery,3,9.53,50,4.77,131.9
bakery,2,2.7,20,2.16,30.8
bakery,1,3.81,20,3.05,30.2
bakery,4,12.71,50,6.36,124.7
bakery,4,4.86,30,3.4,48.0
bakery,6,6.2,0,6.2,32.1
bakery,4,6.33,0,6.33,25.2
bakery,2,3.13,40,1.88,122.7
bakery,7,7.5,30,5.25,24.0
bakery,1,8.65,0,8.65,30.9
bakery,1,11.86,40,7.12,88.1
bakery,1,12.58,20,10.06,59.5
bakery,5,2.57,30,1.8,35.8
bakery,5,8.81,50,4.41,49.0
bakery,3,13.96,0,13.96,21.6
bakery,1,13.4,20,10.72,70.6
bakery,2,7.87,40,4.72,81.2
bakery,6,7.37,30,5.16,45.6
bakery,0,10.57,0,10.57,32.3
bakery,0,4.06,10,3.65,25.7
bakery,2,7.2,20,5.76,73.9
bakery,1,3.25,0,3.25,52.2
bakery,3,10.05,0,10.05,26.7
bakery,6,9.58,0,9.58,34.5
bakery,1,9.78,50,4.89,157.1
bakery,1,10.21,30,7.15,59.4
bakery,0,14.37,20,11.5,66.1
bakery,0,9.43,20,7.55,42.3
bakery,0,7.42,0,7.42,28.0
bakery,1,9.35,0,9.35,31.3
bakery,4,2.84,20,2.27,56.5
bakery,0,6.06,40,3.64,77.4
bakery,6,10.02,0,10.02,31.8
bakery,7,9.7,40,5.82,49.8
bakery,2,3.22,20,2.57,37.4
bakery,0,10.91,0,10.91,37.9
bakery,3,10.45,10,9.4,26.9
bakery,4,4.93,50,2.47,92.8
bakery,4,8.4,30,5.88,48.0
bakery,0,9.38,0,9.38,36.1
bakery,3,12.73,30,8.91,70.5
bakery,0,8.3,40,4.98,73.9
bakery,2,9.79,40,5.87,43.1
bakery,4,8.09,0,8.09,17.5
bakery,6,12.28,30,8.59,29.6
bakery,1,9.89,10,8.9,32.8
bakery,2,7.9,0,7.9,35.2
bakery,0,13.42,40,8.05,70.2
bakery,0,4.6,30,3.22,101.4
bakery,5,13.42,0,13.42,19.9
bakery,4,14.12,0,14.12,17.9
bakery,5,13.91,0,13.91,21.1
bakery,1,5.28,50,2.64,106.1
bakery,5,8.85,0,8.85,22.8
bakery,7,7.29,50,3.65,95.2
bakery,7,2.41,0,2.41,13.9
bakery,7,4.9,30,3.43,55.8
bakery,0,5.12,0,5.12,19.7
bakery,1,10.93,0,10.93,22.8
bakery,7,5.44,40,3.27,56.5
bakery,6,4.75,0,4.75,18.0
bakery,3,14.79,0,14.79,24.7
bakery,5,4.9,30,3.43,33.9
bakery,6,10.66,40,6.39,51.0
bakery,7,9.72,0,9.72,52.7
bakery,6,13.37,20,10.7,33.3
bakery,7,10.96,30,7.67,31.7
bakery,5,3.85,0,3.85,33.4
bakery,1,2.02,0,2.02,28.7
bakery,1,9.45,40,5.67,115.9
bakery,7,7.9,0,7.9,22.3
bakery,7,5.25,20,4.2,44.2
bakery,3,7.76,0,7.76,29.2
bakery,0,5.54,10,4.99,50.2
bakery,3,14.99,0,14.99,22.2
bakery,5,7.12,10,6.41,25.4
bakery,3,8.37,30,5.86,62.1
bakery,2,12.19,20,9.75,41.1
bakery,6,13.6,10,12.24,29.2
bakery,3,10.65,40,6.39,71.6
bakery,5,13.73,0,13.73,21.8
bakery,4,13.56,30,9.49,53.7
bakery,6,10.99,30,7.7,62.1
bakery,1,2.71,0,2.71,29.8
bakery,7,8.05,40,4.83,91.2
bakery,0,2.57,40,1.54,96.7
bakery,7,4.42,40,2.65,48.5
bakery,3,13.96,0,13.96,26.1
bakery,5,5.8,40,3.48,87.4
bakery,3,5.8,0,5.8,34.4
bakery,2,8.2,20,6.56,57.7
bakery,7,5.4,0,5.4,17.6
bakery,7,4.15,50,2.07,142.4
bakery,7,7.73,40,4.64,61.3
bakery,7,15.0,20,12.0,34.3
bakery,5,4.73,30,3.31,24.9
bakery,2,7.7,0,7.7,37.2
bakery,2,3.39,20,2.71,66.2
bakery,7,12.28,30,8.6,47.2
bakery,1,13.88,50,6.94,113.7
bakery,2,7.26,0,7.26,28.7
bakery,3,2.66,40,1.6,66.7
bakery,7,9.98,20,7.98,65.5
bakery,2,5.29,0,5.29,25.6
bakery,1,6.78,0,6.78,25.1
bakery,0,8.91,10,8.02,44.6
bakery,3,6.56,20,5.25,42.5
bakery,0,10.87,20,8.7,35.6
bakery,2,12.32,50,6.16,84.6
bakery,3,11.64,20,9.32,50.6
bakery,0,5.39,40,3.23,109.9
bakery,4,13.8,50,6.9,107.6
bakery,0,3.82,10,3.44,37.6
bakery,1,6.28,0,6.28,35.0
bakery,5,7.63,30,5.34,60.0
bakery,3,13.54,0,13.54,42.0
bakery,1,12.36,0,12.36,22.4
bakery,3,4.92,10,4.42,27.2
bakery,0,2.44,20,1.95,71.6
bakery,3,5.61,40,3.37,58.4
bakery,2,8.66,50,4.33,113.7
bakery,2,8.37,20,6.69,53.0
bakery,5,13.59,0,13.59,36.7
bakery,7,11.32,0,11.32,24.2
bakery,5,3.7,0,3.7,27.8
bakery,5,10.23,10,9.21,31.6
bakery,7,9.07,0,9.07,22.5
bakery,6,10.0,30,7.0,68.7
bakery,1,8.09,40,4.86,129.8
bakery,1,9.32,20,7.45,51.5
bakery,1,4.17,10,3.75,31.2
bakery,4,11.8,10,10.62,19.9
bakery,7,12.62,50,6.31,86.2
bakery,6,7.75,0,7.75,21.2
bakery,0,8.73,30,6.11,85.7
bakery,6,5.83,40,3.5,50.6
bakery,0,6.51,0,6.51,29.3
bakery,1,4.26,30,2.98,73.0
bakery,5,12.59,40,7.55,54.3
bakery,4,13.2,0,13.2,28.4
bakery,7,7.11,20,5.69,39.5
bakery,4,10.76,40,6.46,44.7
bakery,6,9.72,10,8.75,35.6
bakery,6,3.27,30,2.29,40.4
bakery,5,9.02,20,7.22,52.2
bakery,5,6.18,0,6.18,21.2
bakery,5,13.57,40,8.14,49.8
bakery,7,12.56,0,12.56,15.6
bakery,2,14.13,0,14.13,47.9
bakery,0,4.01,10,3.61,48.6
bakery,3,2.25,0,2.25,35.6
bakery,4,5.3,30,3.71,79.2
bakery,3,5.52,20,4.42,37.2
bakery,3,13.16,50,6.58,87.2
bakery,5,7.87,10,7.08,37.4
bakery,5,9.92,0,9.92,32.3
bakery,0,13.49,40,8.1,124.0
bakery,3,10.92,40,6.55,60.3
bakery,4,5.58,10,5.02,44.4
bakery,3,14.81,0,14.81,30.2
bakery,4,5.81,40,3.48,39.9
bakery,3,4.13,0,4.13,32.9
bakery,6,8.4,30,5.88,83.8
bakery,6,11.69,30,8.18,28.7
bakery,6,8.68,40,5.21,74.1
bakery,5,9.43,0,9.43,26.2
bakery,0,10.9,0,10.9,41.2
bakery,1,14.74,10,13.27,28.7
bakery,0,12.82,0,12.82,31.9
bakery,1,8.12,20,6.5,40.9
bakery,6,12.02,0,12.02,36.9
bakery,7,9.91,0,9.91,26.0
bakery,4,6.56,40,3.93,41.9
bakery,2,2.41,50,1.21,88.5
bakery,2,3.67,30,2.57,70.7
bakery,4,5.17,20,4.14,29.0
bakery,0,14.22,0,14.22,31.6
bakery,4,14.17,0,14.17,23.8
bakery,1,13.02,40,7.81,72.8
bakery,2,5.87,30,4.11,56.4
bakery,6,5.31,20,4.25,53.0
bakery,7,12.05,10,10.85,42.6
bakery,0,13.17,10,11.85,42.4
bakery,2,2.95,0,2.95,44.3
bakery,4,12.97,10,11.67,35.8
bakery,5,8.89,40,5.33,32.8
bakery,7,14.34,40,8.61,48.8
bakery,2,3.6,0,3.6,25.0
bakery,2,4.08,30,2.86,66.8
bakery,0,5.4,0,5.4,37.5
bakery,1,5.74,10,5.16,51.5
bakery,3,14.56,0,14.56,32.4
bakery,3,5.34,10,4.8,48.6
bakery,2,2.66,30,1.86,58.0
bakery,4,13.68,30,9.57,58.7
bakery,5,5.51,0,5.51,39.5
bakery,7,9.6,30,6.72,25.8
bakery,0,9.44,0,9.44,34.4
bakery,2,10.1,30,7.07,78.1
bakery,2,5.44,20,4.35,60.2
bakery,3,12.52,0,12.52,27.1
bakery,6,5.06,0,5.06,25.2
bakery,6,3.39,0,3.39,44.4
bakery,0,14.5,0,14.5,22.9
bakery,5,7.91,10,7.12,32.8
bakery,7,12.77,30,8.94,40.7
bakery,7,6.75,10,6.07,30.0
bakery,3,5.63,10,5.07,20.6
bakery,0,11.55,30,8.09,52.5
bakery,1,8.33,0,8.33,29.5
bakery,5,12.37,50,6.19,72.8
bakery,0,2.95,20,2.36,45.9
bakery,4,8.12,0,8.12,24.0
bakery,4,2.83,0,2.83,19.6
bakery,0,2.76,0,2.76,51.8
bakery,2,4.18,0,4.18,31.0
bakery,2,6.19,0,6.19,35.9
bakery,1,12.59,0,12.59,37.4
bakery,4,5.69,0,5.69,13.3
bakery,3,13.93,0,13.93,34.8
bakery,3,4.91,0,4.91,19.2
bakery,1,11.47,0,11.47,32.8
bakery,2,3.66,0,3.66,19.0
bakery,6,6.21,30,4.35,53.3
bakery,4,7.51,30,5.26,53.8
bakery,7,5.88,0,5.88,17.6
bakery,6,12.0,0,12.0,31.3
bakery,0,9.63,0,9.63,53.0
bakery,3,9.0,0,9.0,33.0
bakery,0,6.94,0,6.94,39.1
bakery,1,9.96,40,5.98,88.5
bakery,2,10.23,10,9.21,57.7
bakery,3,13.41,40,8.05,55.1
bakery,2,7.36,30,5.15,90.0
bakery,1,10.93,10,9.83,30.3
bakery,5,13.73,0,13.73,19.3
bakery,5,11.72,30,8.21,37.4
bakery,6,7.32,0,7.32,29.7
bakery,0,12.49,10,11.24,39.6
bakery,5,14.13,0,14.13,23.2
bakery,4,2.41,0,2.41,39.3
bakery,3,2.84,0,2.84,39.4
bakery,5,5.01,30,3.51,41.2
bakery,5,2.6,10,2.34,33.3
bakery,2,8.1,10,7.29,19.4
bakery,4,13.31,30,9.32,38.4
bakery,4,3.12,0,3.12,21.9
bakery,0,8.18,0,8.18,32.5
bakery,1,7.31,10,6.58,32.9
bakery,2,4.02,20,3.22,34.4
bakery,5,6.18,30,4.32,54.0
bakery,4,11.41,0,11.41,31.8
bakery,4,7.7,50,3.85,78.3
bakery,3,4.73,30,3.31,48.8
bakery,1,13.01,10,11.71,45.6
bakery,3,5.0,20,4.0,50.2
bakery,7,4.37,0,4.37,32.0
bakery,0,14.29,50,7.15,102.0
bakery,1,4.74,0,4.74,31.6
bakery,6,11.29,10,10.16,27.9
bakery,6,2.08,20,1.67,25.5
bakery,6,4.59,0,4.59,22.8
bakery,6,13.71,10,12.34,24.0
bakery,1,3.15,20,2.52,43.8
bakery,4,10.37,20,8.3,41.2
bakery,5,7.43,20,5.95,26.0
bakery,6,11.98,50,5.99,118.1
bakery,5,11.03,0,11.03,29.7
bakery,0,3.59,30,2.51,77.2
bakery,5,13.54,0,13.54,37.5
bakery,3,8.48,10,7.63,23.7
bakery,7,9.22,0,9.22,23.2
bakery,7,10.56,20,8.45,35.7
bakery,3,11.68,10,10.51,28.9
bakery,4,2.07,50,1.04,55.4
bakery,2,14.74,10,13.26,37.8
bakery,6,12.37,20,9.9,36.9
bakery,7,13.04,40,7.82,87.9
bakery,3,10.5,20,8.4,51.0
bakery,5,3.98,10,3.58,23.1
bakery,3,5.76,0,5.76,21.8
bakery,2,4.97,10,4.48,27.8
bakery,5,12.85,0,12.85,31.4
bakery,1,2.3,20,1.84,36.2
bakery,4,9.0,0,9.0,31.8
bakery,4,9.05,20,7.24,30.1
bakery,1,6.24,10,5.61,54.8
bakery,2,2.28,10,2.05,30.2
bakery,3,2.57,30,1.8,45.7
bakery,4,6.4,0,6.4,31.5
bakery,6,3.75,0,3.75,23.5
bakery,6,6.12,0,6.12,20.9
bakery,1,5.64,0,5.64,18.7
bakery,0,3.42,10,3.08,38.5
bakery,4,4.98,40,2.99,49.2
bakery,5,2.23,50,1.12,63.5
bakery,2,5.75,0,5.75,31.8
bakery,1,12.79,20,10.23,36.3
bakery,0,14.32,20,11.46,53.8
bakery,5,7.78,40,4.67,56.7
bakery,0,13.02,20,10.42,61.2
bakery,2,14.43,0,14.43,23.8
bakery,3,10.97,40,6.58,48.9
bakery,1,12.41,0,12.41,27.4
bakery,4,4.15,40,2.49,58.6
bakery,2,2.04,50,1.02,120.1
bakery,1,11.01,0,11.01,35.2
bakery,1,7.95,20,6.36,40.0
bakery,4,10.54,0,10.54,21.6
bakery,5,6.64,0,6.64,20.4
bakery,3,4.25,30,2.98,49.0
bakery,4,7.29,30,5.1,43.8
bakery,1,8.85,20,7.08,56.2
bakery,2,14.82,10,13.34,43.4
bakery,0,7.47,30,5.23,85.4
bakery,1,2.81,0,2.81,35.9
bakery,2,13.06,40,7.84,64.4
bakery,0,14.62,0,14.62,30.4
bakery,0,3.05,40,1.83,70.0
bakery,7,8.0,0,8.0,30.7
bakery,4,14.3,0,14.3,21.2
bakery,3,12.44,20,9.95,36.4
bakery,0,7.64,20,6.11,52.7
bakery,6,10.71,10,9.64,23.5
bakery,1,13.93,30,9.75,78.1
bakery,2,3.12,10,2.81,52.8
bakery,5,8.8,30,6.16,46.8
bakery,6,6.1,10,5.49,17.7
bakery,2,5.27,0,5.27,29.6
bakery,7,13.43,30,9.4,70.4
bakery,6,7.05,0,7.05,16.3
bakery,7,7.16,40,4.3,70.3
bakery,2,5.85,40,3.51,56.0
bakery,7,8.28,20,6.62,47.6
bakery,1,3.9,0,3.9,33.9
bakery,0,7.0,20,5.6,55.9
bakery,4,12.46,0,12.46,22.1
bakery,0,7.04,0,7.04,45.7
bakery,2,3.55,20,2.84,58.7
bakery,5,14.91,20,11.93,28.3
bakery,3,3.08,10,2.77,25.8
bakery,5,5.39,30,3.77,68.3
bakery,2,11.13,50,5.56,114.2
bakery,5,4.93,40,2.96,69.2
bakery,1,13.38,0,13.38,42.3
bakery,7,2.87,0,2.87,19.4
bakery,2,11.17,30,7.82,48.5
bakery,5,5.82,40,3.49,81.3
bakery,1,10.1,50,5.05,95.1
bakery,7,13.34,0,13.34,21.4
bakery,4,8.82,0,8.82,28.6
bakery,1,3.78,0,3.78,38.7
bakery,4,10.18,40,6.11,47.7
bakery,6,13.58,30,9.51,28.6
bakery,2,14.68,0,14.68,21.1
bakery,6,7.68,0,7.68,28.0
bakery,2,3.37,10,3.03,56.6
bakery,4,10.23,50,5.11,78.4
bakery,7,4.37,0,4.37,30.4
bakery,1,8.77,40,5.26,78.7
bakery,5,9.7,0,9.7,22.0
bakery,6,14.44,10,13.0,30.0
bakery,6,3.42,10,3.08,21.2
bakery,0,3.9,30,2.73,86.2
bakery,5,12.91,0,12.91,14.8
bakery,3,12.28,50,6.14,102.8
bakery,1,4.92,50,2.46,89.6
bakery,0,13.67,0,13.67,37.5
bakery,4,10.32,40,6.19,39.7
bakery,6,8.74,0,8.74,24.4
bakery,3,2.99,0,2.99,30.8
bakery,4,4.93,40,2.96,95.5
bakery,0,10.93,10,9.84,43.5
bakery,3,9.69,30,6.78,83.6
bakery,4,14.72,0,14.72,35.7
bakery,3,12.92,40,7.75,66.5
bakery,2,10.8,10,9.72,55.4
bakery,6,2.43,0,2.43,23.9
bakery,4,8.58,10,7.72,27.8
bakery,4,12.7,10,11.43,29.7
bakery,2,6.27,20,5.01,50.3
bakery,5,13.73,30,9.61,42.5
bakery,3,2.36,0,2.36,37.1
bakery,3,10.88,0,10.88,25.8
bakery,1,7.55,0,7.55,31.4
bakery,6,12.08,0,12.08,17.6
bakery,0,2.81,0,2.81,25.2
bakery,6,10.49,0,10.49,28.1
bakery,3,13.78,0,13.78,27.9
bakery,6,8.76,0,8.76,27.0
bakery,1,12.36,0,12.36,25.8
bakery,0,2.15,0,2.15,36.3
bakery,5,6.83,0,6.83,32.2
bakery,2,9.47,20,7.57,38.3
bakery,1,11.92,0,11.92,25.5
bakery,5,9.34,10,8.4,27.6
bakery,1,9.45,0,9.45,30.0
bakery,4,3.31,30,2.32,42.8
bakery,5,11.65,0,11.65,19.6
bakery,5,4.4,10,3.96,38.2
bakery,6,7.31,20,5.84,31.7
bakery,5,8.6,50,4.3,105.8
bakery,2,5.92,0,5.92,24.4
bakery,4,5.53,50,2.77,74.9
bakery,2,4.98,20,3.99,42.5
bakery,3,12.76,50,6.38,126.9
bakery,2,10.61,0,10.61,33.4
bakery,5,5.1,0,5.1,15.2
bakery,2,7.74,10,6.97,38.3
bakery,0,3.53,0,3.53,39.9
bakery,3,7.33,0,7.33,24.1
bakery,6,2.66,30,1.86,47.5
bakery,4,10.48,0,10.48,25.0
bakery,4,8.91,0,8.91,27.9
bakery,1,12.24,10,11.02,43.1
bakery,0,9.62,0,9.62,45.3
bakery,1,14.71,20,11.77,39.8
bakery,6,10.02,50,5.01,85.4
bakery,1,11.16,0,11.16,47.7
bakery,3,10.5,50,5.25,80.4
bakery,6,3.98,10,3.58,28.7
bakery,2,13.11,10,11.8,37.0
bakery,3,3.67,0,3.67,26.2
bakery,6,9.48,40,5.69,71.8
bakery,3,9.64,40,5.79,61.5
bakery,2,2.03,40,1.22,56.3
bakery,6,5.38,0,5.38,22.8
bakery,1,12.81,20,10.25,58.4
bakery,0,10.18,50,5.09,140.1
bakery,4,9.3,0,9.3,21.0
bakery,7,2.6,20,2.08,46.3
bakery,5,14.8,0,14.8,23.4
bakery,4,6.69,30,4.68,57.3
bakery,3,14.82,0,14.82,31.7
bakery,1,4.77,20,3.82,51.0
bakery,0,8.19,20,6.55,53.0
bakery,3,5.99,30,4.19,51.8
bakery,1,14.19,10,12.77,32.5
bakery,3,4.33,10,3.9,43.4
bakery,5,12.24,30,8.57,81.7
bakery,5,2.15,10,1.94,22.0
bakery,3,13.21,10,11.89,28.9
bakery,2,12.92,20,10.33,40.9
bakery,0,7.93,30,5.55,104.4
bakery,6,13.99,10,12.59,35.0
bakery,6,13.12,0,13.12,32.5
bakery,1,9.62,30,6.73,44.7
bakery,7,5.62,50,2.81,108.3
bakery,6,8.65,50,4.33,50.6
bakery,0,13.27,40,7.96,55.1
bakery,6,14.36,30,10.05,37.3
bakery,3,5.04,50,2.52,105.6
bakery,6,14.59,20,11.67,44.4
bakery,5,14.26,30,9.99,46.8
bakery,3,14.41,0,14.41,18.1
bakery,3,10.19,0,10.19,43.3
bakery,0,3.27,40,1.96,83.9
bakery,1,2.93,30,2.05,65.1
bakery,7,8.77,50,4.39,93.7
bakery,5,8.23,20,6.58,43.1
bakery,6,2.88,20,2.31,52.0
bakery,7,13.39,0,13.39,28.8
bakery,4,12.53,0,12.53,27.5
bakery,5,3.09,20,2.47,27.7
bakery,3,5.22,10,4.7,27.6
bakery,1,6.0,0,6.0,31.5
bakery,1,3.71,0,3.71,41.8
bakery,5,13.75,0,13.75,21.1
bakery,5,13.34,40,8.01,68.9
bakery,7,8.97,20,7.18,43.0
bakery,7,5.39,40,3.23,78.3
bakery,3,4.0,30,2.8,55.8
bakery,4,8.98,0,8.98,24.0
bakery,7,13.68,30,9.57,41.7
bakery,7,6.57,30,4.6,35.9
bakery,2,11.86,40,7.12,73.1
bakery,6,11.81,10,10.62,29.8
bakery,4,11.31,10,10.18,14.7
bakery,3,10.39,40,6.24,99.6
bakery,7,6.8,0,6.8,22.0
bakery,0,3.88,0,3.88,33.9
bakery,0,11.08,0,11.08,52.6
bakery,0,14.92,0,14.92,30.6
bakery,5,8.48,0,8.48,31.3
bakery,1,11.37,10,10.23,56.8
bakery,1,6.47,0,6.47,19.1
bakery,4,5.7,30,3.99,58.3
bakery,6,2.32,0,2.32,24.8
bakery,0,10.33,0,10.33,47.7
bakery,3,14.36,0,14.36,33.4
bakery,1,3.22,0,3.22,42.4
bakery,4,7.68,0,7.68,27.9
bakery,0,6.56,0,6.56,32.6
bakery,0,11.77,20,9.42,36.3
bakery,4,12.52,10,11.27,31.2
bakery,4,4.25,20,3.4,43.6
bakery,4,12.28,0,12.28,22.6
bakery,4,7.01,50,3.5,107.5
bakery,5,12.86,50,6.43,87.8
bakery,6,4.08,50,2.04,61.3
bakery,6,5.04,0,5.04,17.8
bakery,0,4.93,30,3.45,61.4
bakery,1,8.78,10,7.9,40.3
bakery,7,6.73,20,5.39,52.8
bakery,4,5.83,20,4.66,45.4
bakery,6,11.93,20,9.54,32.1
bakery,6,8.5,0,8.5,27.1
bakery,5,13.79,0,13.79,29.9
bakery,2,14.26,20,11.41,46.4
bakery,6,10.08,50,5.04,83.7
bakery,1,2.17,0,2.17,40.4
bakery,6,11.81,20,9.45,35.6
bakery,3,7.26,40,4.36,42.6
bakery,3,3.97,0,3.97,25.7
bakery,5,10.45,0,10.45,31.2
bakery,3,2.11,0,2.11,36.8
bakery,1,5.44,40,3.27,54.1
bakery,5,12.6,0,12.6,29.4
bakery,4,11.93,30,8.35,28.0
bakery,4,3.86,30,2.7,48.6
bakery,5,9.79,0,9.79,33.6
bakery,5,4.59,0,4.59,19.9
bakery,1,11.13,0,11.13,32.7
bakery,0,8.1,10,7.29,42.7
bakery,3,7.47,0,7.47,19.9
bakery,6,5.49,40,3.29,42.9
bakery,7,11.57,40,6.94,61.9
bakery,3,7.59,0,7.59,25.6
bakery,4,11.99,20,9.59,37.2
bakery,5,4.14,0,4.14,32.5
bakery,2,13.95,0,13.95,26.1
bakery,6,11.0,20,8.8,57.0
bakery,6,5.53,30,3.87,42.3
bakery,5,10.6,20,8.48,68.8
bakery,6,10.4,40,6.24,90.4
bakery,0,12.39,20,9.92,50.1
bakery,3,12.47,20,9.97,49.8
bakery,1,14.34,40,8.61,57.8
bakery,3,3.91,40,2.35,44.0
bakery,3,12.49,0,12.49,23.1
bakery,1,9.56,0,9.56,34.2
bakery,5,5.64,10,5.07,32.3
bakery,7,9.71,10,8.74,27.2
bakery,6,14.97,40,8.98,63.5
bakery,7,2.12,0,2.12,21.5
bakery,0,13.4,0,13.4,33.2
bakery,1,2.41,10,2.17,30.2
bakery,5,2.83,0,2.83,27.7
bakery,3,5.29,0,5.29,26.8
bakery,4,3.35,30,2.35,41.7
bakery,1,5.79,0,5.79,30.5
bakery,1,8.45,50,4.23,159.1
bakery,5,13.58,0,13.58,32.5
bakery,7,11.24,0,11.24,24.3
bakery,6,10.02,20,8.01,33.2
bakery,0,7.05,40,4.23,70.4
bakery,3,2.49,10,2.24,32.4
bakery,3,9.8,10,8.82,31.6
bakery,6,12.27,30,8.59,40.8
bakery,2,8.66,10,7.79,33.2
bakery,4,3.56,20,2.85,48.2
bakery,3,9.71,10,8.74,35.7
bakery,6,6.83,10,6.15,28.6
bakery,7,12.53,40,7.52,90.3
bakery,1,12.59,50,6.3,146.1
bakery,4,9.82,30,6.88,62.3
bakery,1,11.35,40,6.81,83.1
bakery,4,7.35,40,4.41,52.4
bakery,2,9.49,10,8.54,40.3
bakery,5,3.57,50,1.78,105.4
bakery,5,4.46,20,3.56,41.0
bakery,4,2.07,40,1.24,60.1
bakery,2,7.9,30,5.53,70.3
bakery,7,5.46,10,4.91,26.9
bakery,5,5.23,0,5.23,23.2
bakery,3,6.45,10,5.8,40.9
bakery,4,7.12,20,5.69,33.2
bakery,2,6.32,30,4.43,55.3
bakery,4,7.13,0,7.13,31.2
bakery,2,4.99,40,3.0,83.4
bakery,1,8.81,20,7.05,43.2
bakery,7,2.59,0,2.59,15.5
bakery,2,4.61,20,3.69,24.2
bakery,0,9.39,40,5.63,133.7
bakery,6,4.57,10,4.11,24.7
bakery,2,8.02,30,5.62,49.9
bakery,4,14.07,40,8.44,46.6
bakery,0,5.4,0,5.4,29.6
bakery,1,2.7,50,1.35,79.2
bakery,1,4.96,40,2.98,86.7
bakery,2,11.04,40,6.63,75.7
bakery,7,3.63,10,3.27,26.3
bakery,7,14.76,40,8.86,76.1
bakery,5,9.58,20,7.66,39.6
bakery,5,9.27,20,7.42,27.0
bakery,4,10.09,10,9.08,33.1
bakery,6,6.6,20,5.28,44.1
bakery,1,11.97,50,5.99,115.2
bakery,2,10.61,0,10.61,45.2
bakery,2,13.4,30,9.38,43.5
bakery,0,4.55,20,3.64,44.9
bakery,1,3.3,0,3.3,37.3
bakery,4,7.15,20,5.72,36.5
bakery,4,2.9,40,1.74,100.3
bakery,4,3.66,20,2.93,31.5
bakery,6,12.01,10,10.81,31.2
bakery,3,7.01,50,3.5,74.8
bakery,0,10.23,30,7.16,72.9
bakery,7,3.79,10,3.41,22.6
bakery,0,13.32,40,7.99,96.2
bakery,3,14.79,30,10.35,91.0
bakery,4,9.0,50,4.5,67.8
bakery,7,5.47,20,4.37,38.5
bakery,6,2.67,0,2.67,51.0
bakery,2,10.44,20,8.36,33.7
bakery,6,11.65,20,9.32,32.4
bakery,5,3.43,30,2.4,34.9
bakery,2,11.43,40,6.86,94.2
bakery,0,3.44,50,1.72,99.2
bakery,2,6.42,20,5.14,50.4
bakery,2,14.16,10,12.74,53.5
bakery,6,10.58,0,10.58,23.9
bakery,1,7.75,20,6.2,62.1
bakery,0,6.07,0,6.07,30.2
bakery,0,6.54,0,6.54,34.8
bakery,4,10.62,0,10.62,34.8
bakery,6,4.15,0,4.15,22.0
bakery,4,10.25,30,7.17,39.2
bakery,1,2.86,10,2.57,49.2
bakery,5,7.15,10,6.44,31.5
bakery,0,3.36,40,2.02,108.0
bakery,5,12.36,0,12.36,21.3
bakery,2,6.29,50,3.14,79.0
bakery,3,2.7,0,2.7,28.7
bakery,2,7.5,30,5.25,56.3
bakery,7,5.52,20,4.42,41.5
bakery,0,12.23,50,6.11,166.5
bakery,7,12.97,0,12.97,23.5
bakery,1,14.89,50,7.45,119.1
bakery,0,2.12,0,2.12,44.7
bakery,4,4.08,0,4.08,27.1
bakery,0,13.26,10,11.93,50.6
bakery,1,13.1,0,13.1,31.7
bakery,7,4.74,10,4.27,38.9
bakery,2,9.38,10,8.44,33.5
bakery,2,13.24,10,11.92,36.2
bakery,7,3.64,10,3.28,30.9
bakery,6,9.01,20,7.21,32.9
bakery,1,14.07,0,14.07,38.4
bakery,1,11.22,0,11.22,32.7
bakery,0,13.95,0,13.95,32.5
bakery,3,2.06,50,1.03,113.9
bakery,5,2.25,30,1.58,49.1
bakery,1,13.72,40,8.23,97.8
bakery,3,12.42,30,8.69,52.8
bakery,7,2.35,10,2.12,31.6
bakery,4,5.09,0,5.09,35.7
bakery,2,5.57,50,2.79,62.9
bakery,5,11.96,50,5.98,87.6
bakery,2,13.75,30,9.63,35.2
bakery,6,11.37,50,5.68,105.5
bakery,1,7.87,0,7.87,30.9
bakery,0,2.43,50,1.21,183.1
bakery,0,4.42,0,4.42,29.3
bakery,7,8.44,50,4.22,83.1
bakery,6,8.82,0,8.82,25.6
bakery,2,13.85,10,12.46,38.7
bakery,4,7.69,0,7.69,23.5
bakery,6,8.05,0,8.05,29.2
bakery,1,11.07,0,11.07,29.2
bakery,7,7.11,0,7.11,25.5
bakery,1,13.37,20,10.7,73.0
bakery,7,7.4,0,7.4,11.2
bakery,2,2.69,0,2.69,27.5
bakery,3,3.55,40,2.13,62.3
bakery,0,5.43,0,5.43,37.5
bakery,3,8.55,0,8.55,27.2
bakery,0,7.62,0,7.62,54.0
bakery,6,10.37,30,7.26,54.5
bakery,4,5.09,0,5.09,33.2
bakery,0,8.63,0,8.63,44.1
bakery,2,8.03,0,8.03,36.7
bakery,4,8.45,0,8.45,26.7
bakery,0,6.43,40,3.86,131.1
bakery,5,6.88,40,4.13,90.1
bakery,2,9.96,0,9.96,24.4
bakery,4,7.7,20,6.16,32.0
bakery,4,11.52,0,11.52,36.7
bakery,0,8.71,40,5.23,99.0
bakery,2,12.84,50,6.42,91.5
bakery,2,14.9,0,14.9,24.3
bakery,2,4.39,30,3.07,52.9
bakery,5,5.07,20,4.06,27.2
bakery,3,12.65,0,12.65,23.5
bakery,5,10.16,40,6.1,64.5
bakery,5,6.32,30,4.42,41.5
bakery,4,5.39,20,4.31,43.1
bakery,4,5.15,0,5.15,24.1
bakery,3,2.58,0,2.58,30.1
bakery,1,11.89,40,7.14,104.6
bakery,2,3.05,50,1.53,72.5
bakery,1,8.44,0,8.44,44.4
bakery,2,7.04,0,7.04,20.3
bakery,7,5.95,40,3.57,45.0
bakery,3,2.03,0,2.03,36.2
bakery,5,8.13,40,4.88,48.9
bakery,0,13.32,20,10.66,65.0
bakery,5,10.78,10,9.71,21.6
bakery,4,6.18,0,6.18,29.8
bakery,4,7.16,0,7.16,25.8
bakery,1,6.69,10,6.02,30.1
bakery,6,10.87,30,7.61,33.8
bakery,3,12.33,0,12.33,20.5
bakery,1,7.02,30,4.92,98.1
bakery,1,8.6,10,7.74,39.6
bakery,0,8.45,50,4.22,138.7
bakery,3,8.74,40,5.24,76.1
bakery,0,4.76,0,4.76,32.5
bakery,3,3.82,20,3.05,33.2
bakery,4,6.19,20,4.95,30.4
bakery,4,14.37,50,7.18,89.7
bakery,5,8.17,0,8.17,22.9
bakery,6,9.44,0,9.44,19.2
bakery,7,5.78,10,5.2,38.7
bakery,1,6.54,20,5.23,37.5
bakery,2,3.69,40,2.22,72.8
bakery,2,4.16,10,3.75,32.0
bakery,1,2.47,20,1.98,53.6
bakery,0,14.79,0,14.79,54.8
bakery,3,8.45,20,6.76,41.0
bakery,4,10.42,0,10.42,25.3
bakery,6,9.58,30,6.71,60.9
bakery,5,13.12,50,6.56,71.1
bakery,0,5.21,40,3.12,87.3
bakery,2,14.69,0,14.69,17.3
bakery,7,5.82,10,5.24,30.7
bakery,2,10.44,30,7.31,57.3
bakery,6,9.8,30,6.86,61.9
bakery,6,8.67,50,4.33,83.5
bakery,5,12.35,20,9.88,32.5
bakery,2,7.67,50,3.84,149.8
bakery,1,12.29,20,9.83,43.5
bakery,6,12.55,0,12.55,30.0
bakery,5,5.15,0,5.15,29.2
bakery,1,4.58,50,2.29,104.9
bakery,6,12.32,0,12.32,30.3
bakery,2,3.93,0,3.93,42.0
bakery,6,13.96,0,13.96,31.9
bakery,7,5.74,10,5.16,24.3
bakery,5,13.58,50,6.79,56.5
bakery,5,2.44,30,1.71,37.7
bakery,2,8.34,0,8.34,29.6
bakery,1,8.05,30,5.63,88.8
bakery,5,5.34,50,2.67,103.9
bakery,7,2.66,50,1.33,112.6
bakery,1,5.26,40,3.15,119.4
bakery,7,3.49,10,3.14,31.8
bakery,5,12.71,0,12.71,24.0
bakery,0,12.09,40,7.25,83.6
bakery,1,4.17,0,4.17,34.0
bakery,4,8.08,40,4.85,37.9
bakery,3,6.89,30,4.83,46.5
bakery,3,11.28,0,11.28,37.1
bakery,2,7.44,30,5.21,52.3
bakery,2,2.25,40,1.35,75.6
bakery,4,10.44,0,10.44,25.6
bakery,0,2.59,0,2.59,32.5
bakery,6,9.41,0,9.41,28.5
bakery,3,3.7,50,1.85,122.6
bakery,2,10.77,0,10.77,33.5
bakery,2,13.42,20,10.73,35.6
bakery,5,13.19,0,13.19,18.5
bakery,4,10.54,0,10.54,22.7
bakery,7,3.65,20,2.92,53.4
bakery,5,7.77,10,7.0,20.6
bakery,4,13.41,50,6.7,58.7
bakery,1,10.9,10,9.81,29.5
bakery,4,5.99,20,4.79,42.9
bakery,2,7.4,10,6.66,33.8
bakery,7,2.67,20,2.14,32.4
bakery,3,8.41,0,8.41,29.4
bakery,4,5.65,20,4.52,51.1
bakery,7,10.64,20,8.51,31.1
bakery,6,4.44,30,3.11,58.9
bakery,3,8.49,20,6.79,35.8
bakery,3,14.32,0,14.32,46.0
bakery,1,10.69,10,9.62,36.8
bakery,5,4.27,40,2.56,56.5
bakery,2,12.57,40,7.54,83.1
bakery,0,9.14,10,8.23,33.3
bakery,0,7.44,50,3.72,106.8
bakery,6,8.04,20,6.43,29.9
bakery,0,2.55,0,2.55,25.8
bakery,6,4.97,30,3.48,57.9
bakery,3,5.68,20,4.54,34.5
bakery,5,8.66,10,7.79,28.1
bakery,1,6.88,40,4.13,55.3
bakery,3,5.51,50,2.76,133.1
bakery,5,9.44,0,9.44,28.8
bakery,0,8.86,20,7.09,54.3
bakery,1,7.91,20,6.33,34.6
bakery,7,6.11,10,5.5,26.4
bakery,0,6.17,10,5.56,46.6
bakery,4,11.68,10,10.51,27.0
bakery,3,8.73,0,8.73,21.7
bakery,7,9.51,10,8.56,24.7
bakery,3,14.65,50,7.32,109.0
bakery,1,5.83,0,5.83,26.1
bakery,3,9.32,50,4.66,122.9
bakery,7,5.87,0,5.87,15.1
bakery,2,5.38,30,3.76,28.4
bakery,6,11.81,20,9.45,19.9
bakery,1,4.39,40,2.64,110.8
bakery,2,12.45,10,11.2,44.4
bakery,6,7.71,20,6.17,20.9
bakery,2,7.74,50,3.87,86.7
bakery,0,9.17,0,9.17,44.1
bakery,5,11.19,0,11.19,31.5
bakery,2,8.78,10,7.9,35.8
bakery,1,7.24,30,5.07,55.0
bakery,7,4.55,20,3.64,30.6
bakery,7,14.05,20,11.24,26.9
bakery,0,5.04,50,2.52,128.2
bakery,2,13.94,40,8.36,77.6
bakery,5,14.91,50,7.46,58.1
bakery,4,6.92,50,3.46,103.5
bakery,4,11.68,20,9.34,49.0
bakery,7,10.76,0,10.76,16.7
bakery,6,8.1,10,7.29,33.4
bakery,3,2.83,50,1.41,104.9
bakery,6,11.06,0,11.06,25.1
bakery,4,12.88,0,12.88,20.6
bakery,5,10.42,0,10.42,27.6
bakery,5,7.35,10,6.61,19.5
bakery,3,2.61,20,2.09,27.7
bakery,0,2.34,20,1.87,92.1
bakery,6,4.49,30,3.14,42.3
bakery,0,11.62,50,5.81,89.8
bakery,4,12.2,0,12.2,28.0
bakery,0,8.01,40,4.8,64.8
bakery,4,5.74,10,5.16,30.7
bakery,7,6.94,0,6.94,24.3
bakery,0,10.13,0,10.13,35.6
bakery,7,2.07,30,1.45,37.9
bakery,1,10.58,10,9.52,37.0
bakery,3,2.66,10,2.4,27.8
bakery,7,2.32,40,1.39,69.3
bakery,1,2.81,30,1.96,65.5
bakery,6,14.64,30,10.25,50.8
bakery,4,12.37,0,12.37,30.3
bakery,4,2.99,10,2.69,31.0
bakery,7,2.31,0,2.31,25.2
bakery,3,6.63,20,5.31,30.6
bakery,6,11.8,30,8.26,47.3
bakery,2,12.63,0,12.63,22.6
bakery,7,3.7,0,3.7,21.1
bakery,2,6.34,20,5.07,28.9
bakery,0,6.75,0,6.75,25.7
bakery,5,11.55,30,8.09,63.6
bakery,3,7.33,0,7.33,31.1
bakery,5,4.23,30,2.96,52.6
bakery,6,2.64,10,2.37,24.5
bakery,2,14.96,20,11.97,49.2
bakery,2,6.09,40,3.65,81.1
bakery,7,14.47,0,14.47,19.9
bakery,1,11.3,0,11.3,30.1
bakery,2,5.33,0,5.33,30.2
bakery,1,11.68,0,11.68,43.2
bakery,1,6.1,20,4.88,54.1
bakery,4,9.85,50,4.92,83.2
bakery,1,14.35,30,10.04,55.0
bakery,6,13.81,10,12.42,36.8
bakery,1,10.75,30,7.52,40.4
bakery,7,7.64,0,7.64,21.8
bakery,2,14.05,40,8.43,89.4
bakery,5,13.68,0,13.68,22.7
bakery,6,10.7,40,6.42,83.1
bakery,5,9.47,40,5.68,66.1
bakery,6,3.25,50,1.63,85.3
bakery,5,7.93,20,6.35,40.4
bakery,2,12.24,50,6.12,68.7
bakery,1,10.47,50,5.23,70.4
bakery,5,11.32,20,9.06,20.1
bakery,7,9.35,10,8.41,37.9
bakery,5,14.51,40,8.7,44.4
bakery,3,3.86,0,3.86,31.4
bakery,1,5.73,20,4.58,46.6
bakery,5,7.15,0,7.15,26.4
bakery,1,6.78,0,6.78,33.8
bakery,6,9.84,30,6.89,45.2
bakery,5,7.04,20,5.63,29.0
bakery,4,10.58,0,10.58,25.6
bakery,3,12.43,0,12.43,24.9
bakery,6,13.97,0,13.97,23.1
bakery,0,11.57,30,8.1,96.6
bakery,7,2.31,0,2.31,22.1
bakery,4,9.75,40,5.85,57.0
bakery,7,6.23,0,6.23,35.2
bakery,7,14.05,0,14.05,19.0
bakery,4,9.92,10,8.92,31.7
bakery,3,2.47,10,2.22,26.3
bakery,3,7.8,10,7.02,42.6
bakery,2,13.2,0,13.2,41.2
bakery,2,13.47,0,13.47,25.3
bakery,1,6.04,0,6.04,23.2
bakery,7,9.5,20,7.6,48.2
bakery,0,4.88,0,4.88,41.4
bakery,0,5.66,30,3.96,69.5
bakery,6,12.81,0,12.81,34.5
bakery,0,13.57,0,13.57,30.0
bakery,3,3.09,0,3.09,34.2
bakery,1,10.58,0,10.58,61.5
bakery,1,14.1,50,7.05,189.5
bakery,3,5.1,0,5.1,24.4
bakery,4,4.81,30,3.37,46.7
bakery,1,10.3,50,5.15,116.4
bakery,0,14.51,20,11.61,37.9
bakery,5,13.75,10,12.37,20.1
bakery,0,6.87,20,5.5,33.5
bakery,5,13.45,10,12.11,30.0
bakery,1,12.0,30,8.4,54.4
bakery,7,2.22,40,1.33,74.5
bakery,2,10.15,30,7.11,38.6
bakery,1,2.49,0,2.49,42.4
bakery,2,5.67,10,5.1,30.1
bakery,3,14.85,30,10.4,47.2
bakery,6,2.92,0,2.92,22.5
bakery,4,5.13,0,5.13,28.6
bakery,4,3.43,20,2.74,37.2
bakery,4,2.54,0,2.54,24.3
bakery,0,10.68,0,10.68,23.9
bakery,7,14.19,0,14.19,24.1
bakery,2,5.15,0,5.15,48.0
bakery,0,12.64,10,11.38,54.3
bakery,1,6.11,0,6.11,31.5
bakery,5,2.71,40,1.63,72.2
bakery,0,10.07,30,7.05,40.6
bakery,4,8.45,30,5.92,78.6
bakery,6,7.58,20,6.06,58.1
bakery,7,12.37,0,12.37,29.9
bakery,0,5.61,0,5.61,28.8
bakery,7,10.69,30,7.48,35.6
bakery,7,11.39,0,11.39,21.7
bakery,6,4.2,30,2.94,50.6
bakery,5,5.97,0,5.97,23.0
bakery,3,9.31,30,6.51,62.0
bakery,5,9.42,0,9.42,31.3
bakery,1,7.18,50,3.59,80.7
bakery,2,11.02,0,11.02,25.1
bakery,4,4.66,10,4.19,29.2
bakery,3,2.42,40,1.45,93.7
bakery,4,9.43,40,5.66,90.7
bakery,6,13.01,10,11.71,25.9
bakery,1,2.79,0,2.79,23.4
bakery,6,9.74,0,9.74,21.8
bakery,4,14.86,40,8.92,77.6
bakery,0,7.96,0,7.96,43.1
bakery,5,9.98,0,9.98,22.9
bakery,0,13.0,0,13.0,27.7
bakery,1,8.77,0,8.77,39.3
bakery,7,8.54,0,8.54,25.9
bakery,4,13.82,0,13.82,21.1
bakery,1,6.59,0,6.59,36.5
bakery,6,11.66,0,11.66,19.7
bakery,7,5.12,10,4.61,27.0
bakery,2,9.68,0,9.68,19.6
bakery,2,10.39,50,5.2,146.7
bakery,6,8.33,10,7.5,33.7
bakery,7,13.08,30,9.16,48.9
bakery,7,6.38,30,4.47,39.5
bakery,6,3.89,30,2.73,48.3
bakery,5,4.82,30,3.37,34.2
bakery,6,11.29,30,7.9,47.0
bakery,2,14.17,30,9.92,82.2
bakery,2,8.0,20,6.4,48.9
bakery,1,4.29,0,4.29,30.8
bakery,7,6.58,0,6.58,30.4
bakery,0,6.53,10,5.88,46.7
bakery,6,10.66,30,7.46,42.7
bakery,0,9.13,0,9.13,34.8
bakery,0,6.05,0,6.05,35.6
bakery,4,10.6,30,7.42,39.2
bakery,3,14.07,0,14.07,28.4
bakery,1,10.5,50,5.25,121.0
bakery,3,12.62,40,7.57,53.7
bakery,1,14.67,0,14.67,23.0
bakery,0,6.71,10,6.04,35.7
bakery,1,9.08,0,9.08,34.6
bakery,5,7.19,20,5.75,26.2
bakery,7,11.44,0,11.44,25.9
bakery,3,4.53,10,4.08,38.4
bakery,0,2.76,30,1.93,103.4
bakery,7,8.45,0,8.45,23.3
bakery,5,14.66,40,8.8,41.5
bakery,0,3.67,50,1.84,141.0
bakery,3,4.97,10,4.47,38.7
bakery,7,14.47,10,13.02,17.7
bakery,7,14.83,30,10.38,62.5
bakery,2,9.43,10,8.48,24.2
bakery,3,4.34,10,3.91,35.4
bakery,6,8.09,30,5.66,42.5
bakery,4,3.19,30,2.23,43.6
bakery,6,10.6,10,9.54,23.6
bakery,6,5.13,50,2.57,79.5
bakery,6,4.47,0,4.47,24.8
bakery,7,12.4,0,12.4,23.6
bakery,1,14.11,0,14.11,32.3
bakery,6,5.24,0,5.24,21.0
bakery,1,5.93,20,4.74,51.1
bakery,0,10.15,40,6.09,126.2
bakery,7,13.06,10,11.75,27.3
bakery,2,7.67,30,5.37,49.5
bakery,2,8.51,20,6.81,43.0
bakery,0,13.5,0,13.5,38.3
bakery,7,11.33,10,10.2,20.4
bakery,6,11.87,20,9.49,31.9
bakery,5,4.36,30,3.05,42.8
bakery,6,4.44,10,3.99,41.7
bakery,4,4.36,40,2.62,76.4
bakery,1,5.75,0,5.75,28.8
bakery,4,14.88,0,14.88,27.3
bakery,2,4.86,50,2.43,121.7
bakery,6,9.0,10,8.1,33.4
bakery,0,2.84,50,1.42,160.8
bakery,0,14.98,20,11.98,38.4
bakery,1,7.26,0,7.26,27.7
bakery,3,9.12,30,6.38,51.6
bakery,1,4.02,0,4.02,34.5
bakery,0,6.9,0,6.9,42.9
bakery,4,9.56,40,5.74,39.8
bakery,3,6.7,40,4.02,99.2
bakery,3,10.45,20,8.36,34.2
bakery,7,14.51,0,14.51,28.7
bakery,6,14.15,0,14.15,25.7
bakery,1,10.4,0,10.4,38.0
bakery,5,2.21,10,1.99,36.4
bakery,0,3.85,20,3.08,84.8
bakery,3,8.86,10,7.97,42.5
bakery,4,3.71,0,3.71,26.3
bakery,4,9.89,50,4.94,187.1
bakery,1,2.5,0,2.5,31.6
bakery,5,11.27,10,10.15,24.3
bakery,0,7.69,0,7.69,50.9
bakery,3,2.51,0,2.51,13.7
bakery,5,5.16,50,2.58,122.0
bakery,5,11.3,0,11.3,27.3
bakery,0,5.93,50,2.97,131.7
bakery,1,2.84,0,2.84,24.8
bakery,3,12.5,50,6.25,111.4
bakery,7,3.96,40,2.37,42.3
bakery,1,6.32,10,5.69,33.7
bakery,0,5.13,0,5.13,26.4
bakery,4,5.9,20,4.72,33.9
bakery,5,11.36,10,10.23,32.5
bakery,1,10.11,30,7.08,68.4
bakery,1,7.89,0,7.89,21.4
bakery,6,9.49,10,8.54,31.1
bakery,6,11.95,0,11.95,16.3
bakery,5,11.29,50,5.64,82.2
bakery,3,9.46,50,4.73,102.9
bakery,5,2.2,40,1.32,45.8
bakery,3,4.23,10,3.81,43.5
bakery,6,4.78,0,4.78,27.4
bakery,5,13.77,0,13.77,25.2
bakery,2,11.41,10,10.27,50.1
bakery,4,4.39,20,3.51,26.8
bakery,4,5.45,20,4.36,42.1
bakery,4,4.22,30,2.95,42.5
bakery,6,10.61,20,8.49,53.8
bakery,7,8.77,30,6.14,58.0
bakery,3,13.42,0,13.42,39.4
bakery,2,10.01,0,10.01,23.6
bakery,1,4.75,0,4.75,38.5
bakery,4,13.37,40,8.02,60.7
bakery,7,3.5,10,3.15,37.7
bakery,6,6.88,20,5.5,37.9
bakery,5,9.84,10,8.86,52.4
bakery,4,9.61,10,8.65,37.1
bakery,2,7.31,0,7.31,27.3
bakery,4,13.36,50,6.68,78.4
bakery,0,8.0,0,8.0,28.5
bakery,3,4.27,50,2.13,133.6
bakery,6,6.81,10,6.13,25.0
bakery,4,10.56,30,7.39,60.6
bakery,2,10.3,10,9.27,26.7
bakery,7,9.64,0,9.64,20.6
bakery,1,12.34,30,8.64,65.9
bakery,4,4.41,50,2.2,89.6
bakery,2,4.19,20,3.35,40.0
bakery,4,7.72,50,3.86,161.0
bakery,5,10.25,20,8.2,40.3
bakery,6,14.98,20,11.99,43.2
bakery,4,11.5,30,8.05,88.4
bakery,0,9.51,20,7.61,57.9
bakery,1,12.38,0,12.38,23.2
bakery,3,13.6,0,13.6,36.8
bakery,6,10.72,0,10.72,23.4
bakery,6,10.81,50,5.4,152.7
bakery,6,5.99,50,2.99,106.6
bakery,5,2.03,0,2.03,37.5
bakery,6,4.55,30,3.18,54.6
bakery,1,4.86,0,4.86,22.0
bakery,3,7.49,0,7.49,37.4
bakery,3,6.38,0,6.38,23.6
bakery,6,8.45,0,8.45,32.7
bakery,1,4.45,10,4.01,27.9
bakery,2,10.57,10,9.52,32.7
bakery,7,13.98,30,9.78,50.7
bakery,3,2.35,0,2.35,22.6
bakery,3,5.33,0,5.33,22.2
bakery,3,13.46,10,12.11,31.6
bakery,5,14.5,30,10.15,56.0
bakery,6,5.13,30,3.59,65.3
bakery,0,14.17,0,14.17,31.7
bakery,2,2.49,40,1.49,62.5
bakery,4,6.81,0,6.81,21.4
bakery,7,12.75,0,12.75,31.1
bakery,1,14.66,20,11.73,71.0
bakery,5,12.56,0,12.56,24.2
bakery,4,8.73,30,6.11,40.3
bakery,6,7.16,0,7.16,17.3
bakery,6,10.27,0,10.27,27.1
bakery,0,3.34,50,1.67,150.8
bakery,1,8.03,0,8.03,38.2
bakery,6,12.45,50,6.23,80.1
bakery,4,13.85,10,12.47,21.8
bakery,6,5.5,20,4.4,25.4
bakery,4,10.71,10,9.64,31.2
bakery,5,14.96,0,14.96,25.5
bakery,7,13.96,20,11.17,29.7
bakery,7,4.07,50,2.03,79.9
bakery,5,4.44,0,4.44,27.8
bakery,5,14.81,20,11.85,55.9
bakery,0,6.6,0,6.6,32.0
bakery,5,14.75,0,14.75,23.3
bakery,7,6.98,0,6.98,29.9
bakery,7,5.44,50,2.72,74.1
bakery,5,13.32,20,10.65,34.5
bakery,2,8.9,30,6.23,61.3
bakery,0,10.01,30,7.01,49.1
bakery,1,4.21,50,2.11,103.3
bakery,3,14.73,10,13.26,34.9
bakery,3,2.92,50,1.46,66.3
bakery,3,9.63,0,9.63,21.9
bakery,5,4.03,0,4.03,22.7
bakery,2,6.97,0,6.97,38.5
bakery,7,12.67,0,12.67,20.6
bakery,2,6.33,0,6.33,43.7
bakery,3,2.16,0,2.16,17.5
bakery,1,7.54,30,5.28,42.4
bakery,3,14.34,30,10.04,54.1
bakery,3,5.51,0,5.51,31.8
bakery,4,14.99,0,14.99,23.3
bakery,0,13.89,30,9.72,66.0
bakery,4,11.53,40,6.92,53.7
bakery,2,12.52,20,10.02,36.5
bakery,7,7.81,0,7.81,25.4
bakery,5,11.66,0,11.66,24.1
bakery,4,13.15,40,7.89,41.1
bakery,2,9.0,0,9.0,33.1
bakery,1,12.08,30,8.46,80.1
bakery,7,12.38,20,9.9,43.7
bakery,1,2.4,0,2.4,31.5
bakery,0,11.04,0,11.04,25.9
bakery,2,8.21,30,5.75,77.2
bakery,5,10.61,0,10.61,23.6
bakery,6,10.88,30,7.62,36.2
bakery,2,12.42,0,12.42,22.0
bakery,3,6.11,30,4.28,49.2
bakery,6,11.22,20,8.98,24.2
bakery,1,7.24,20,5.79,86.1
bakery,6,13.78,40,8.27,79.0
bakery,2,9.99,30,6.99,77.3
bakery,4,5.14,20,4.11,47.2
bakery,7,6.09,0,6.09,26.8
bakery,0,3.34,40,2.0,96.7
bakery,0,13.39,0,13.39,34.8
bakery,3,6.42,0,6.42,21.3
bakery,5,13.69,0,13.69,18.8
bakery,0,14.74,50,7.37,134.1
bakery,5,7.71,0,7.71,35.6
bakery,5,13.31,50,6.66,43.8
bakery,4,9.42,20,7.54,37.6
bakery,5,14.63,30,10.24,54.8
bakery,6,3.04,0,3.04,23.0
bakery,7,12.63,0,12.63,29.5
bakery,7,13.75,50,6.87,77.5
bakery,7,10.83,40,6.5,66.3
bakery,1,12.98,0,12.98,44.1
bakery,6,11.1,0,11.1,23.9
bakery,7,12.7,10,11.43,44.4
bakery,0,4.9,10,4.41,47.9
bakery,3,5.31,0,5.31,30.6
bakery,4,8.7,20,6.96,44.0
bakery,0,3.08,0,3.08,28.1
bakery,6,10.14,30,7.1,41.4
bakery,7,14.78,0,14.78,19.0
bakery,7,9.35,0,9.35,20.2
bakery,6,9.28,20,7.43,24.2
bakery,4,12.07,0,12.07,29.0
bakery,5,7.43,0,7.43,27.0
bakery,5,6.18,30,4.32,37.9
bakery,1,12.69,50,6.35,102.2
bakery,0,9.35,10,8.41,26.6
bakery,7,10.32,50,5.16,90.7
bakery,7,10.06,30,7.04,43.4
bakery,4,12.73,50,6.36,64.6
bakery,6,13.47,20,10.77,39.6
bakery,7,3.86,0,3.86,34.6
bakery,6,10.8,0,10.8,40.0
bakery,0,8.35,50,4.17,109.6
bakery,3,13.14,30,9.2,44.9
bakery,4,12.94,30,9.06,43.8
bakery,5,10.18,20,8.15,34.3
bakery,0,13.31,20,10.65,41.0
bakery,7,3.43,0,3.43,30.9
bakery,0,14.02,30,9.81,75.9
bakery,1,6.77,20,5.42,67.9
bakery,5,8.23,0,8.23,19.4
bakery,1,9.82,0,9.82,30.5
bakery,4,12.7,10,11.43,24.8
bakery,5,5.43,30,3.8,42.9
bakery,3,13.66,0,13.66,26.7
bakery,6,13.47,0,13.47,20.7
bakery,0,5.68,40,3.41,116.9
bakery,7,12.28,30,8.6,53.6
bakery,0,2.28,40,1.37,91.7
bakery,3,12.07,0,12.07,30.4
bakery,7,6.95,50,3.47,88.4
bakery,4,9.93,0,9.93,21.4
bakery,0,2.47,40,1.48,86.8
bakery,2,7.02,20,5.62,42.7
bakery,0,14.84,40,8.9,86.1
bakery,6,9.34,20,7.47,34.6
bakery,5,9.02,30,6.31,34.2
bakery,2,7.9,0,7.9,27.1
bakery,6,10.28,50,5.14,120.1
bakery,6,12.23,20,9.78,43.1
bakery,7,9.74,20,7.79,28.8
bakery,7,5.63,20,4.5,36.7
bakery,6,2.06,10,1.85,30.9
bakery,3,7.1,20,5.68,42.1
bakery,3,3.7,0,3.7,25.6
bakery,2,7.25,0,7.25,24.6
bakery,5,6.03,10,5.43,27.3
bakery,6,13.73,0,13.73,27.2
bakery,2,2.57,10,2.31,54.4
bakery,4,8.32,40,4.99,50.7
bakery,2,11.04,10,9.94,38.9
bakery,6,10.95,30,7.66,68.0
bakery,0,7.4,30,5.18,45.8
bakery,3,5.9,30,4.13,37.3
bakery,4,6.53,20,5.23,52.5
bakery,0,10.87,20,8.7,47.5
bakery,1,10.97,20,8.78,54.1
bakery,0,11.35,30,7.95,53.5
bakery,1,11.19,0,11.19,35.7
bakery,4,11.33,20,9.07,26.9
bakery,1,2.46,40,1.48,57.0
bakery,6,11.17,20,8.93,29.3
bakery,4,10.79,20,8.63,51.4
bakery,4,9.74,0,9.74,18.6
bakery,4,3.11,0,3.11,21.1
bakery,4,5.69,0,5.69,30.0
bakery,6,9.31,50,4.65,97.5
bakery,5,4.29,10,3.86,27.3
bakery,3,10.07,10,9.06,23.4
bakery,5,5.16,0,5.16,18.5
bakery,6,3.5,0,3.5,20.0
bakery,0,13.63,40,8.18,104.9
bakery,1,8.75,10,7.88,34.6
bakery,4,4.41,30,3.08,42.6
bakery,4,14.52,50,7.26,105.9
bakery,7,14.6,50,7.3,99.3
bakery,3,7.14,20,5.71,45.1
bakery,5,5.45,40,3.27,73.4
bakery,5,2.9,0,2.9,14.3
bakery,0,13.28,20,10.62,37.9
bakery,4,10.42,10,9.38,22.8
bakery,3,4.34,10,3.91,45.5
bakery,5,10.72,30,7.5,40.7
bakery,6,13.71,0,13.71,38.2
bakery,7,8.9,20,7.12,30.5
bakery,5,4.44,40,2.66,51.0
bakery,0,10.81,10,9.73,33.8
bakery,5,9.32,30,6.53,40.9
bakery,4,5.5,0,5.5,22.1
bakery,4,11.44,20,9.15,35.7
bakery,5,4.89,40,2.94,81.3
bakery,0,5.66,20,4.53,38.5
bakery,5,4.4,20,3.52,25.3
bakery,4,2.21,0,2.21,34.6
bakery,4,9.8,0,9.8,31.2
bakery,3,10.54,10,9.48,23.8
bakery,1,7.39,30,5.17,67.2
bakery,6,13.69,0,13.69,39.9
bakery,1,2.57,0,2.57,32.2
bakery,2,4.65,0,4.65,25.7
bakery,3,3.93,0,3.93,29.0
bakery,5,2.17,40,1.3,56.2
bakery,4,9.8,10,8.82,40.1
bakery,7,14.87,0,14.87,18.8
bakery,4,12.38,0,12.38,25.1
bakery,5,10.12,20,8.1,37.1
bakery,1,14.87,10,13.38,26.2
bakery,3,11.57,0,11.57,17.4
bakery,1,4.21,40,2.53,64.4
bakery,6,8.99,0,8.99,21.6
bakery,5,4.59,0,4.59,23.6
bakery,0,8.17,10,7.35,37.9
bakery,0,9.66,30,6.76,48.2
bakery,7,2.28,0,2.28,28.3
bakery,5,5.95,20,4.76,33.4
bakery,6,10.3,10,9.27,48.1
bakery,7,6.11,40,3.67,54.3
bakery,7,14.26,0,14.26,18.4
bakery,4,11.68,10,10.51,32.8
bakery,2,6.42,30,4.49,53.6
bakery,0,6.28,0,6.28,23.1
bakery,1,12.08,0,12.08,30.3
bakery,4,10.47,0,10.47,26.8
bakery,3,6.3,0,6.3,36.1
bakery,2,9.47,10,8.52,37.7
bakery,2,14.44,0,14.44,25.2
bakery,3,7.61,30,5.33,53.7
bakery,3,4.58,50,2.29,114.5
bakery,2,8.19,0,8.19,26.5
bakery,3,14.7,0,14.7,55.6
bakery,5,4.66,30,3.26,53.0
bakery,7,6.24,0,6.24,16.4
bakery,0,12.64,0,12.64,35.3
bakery,3,5.54,30,3.88,42.4
bakery,1,6.85,10,6.16,30.7
bakery,5,11.54,0,11.54,19.5
bakery,1,9.24,0,9.24,29.1
bakery,5,6.7,10,6.03,35.2
bakery,1,8.08,40,4.85,53.3
bakery,7,4.23,30,2.96,56.3
bakery,6,6.67,40,4.0,85.7
bakery,5,10.41,40,6.25,47.0
bakery,5,14.13,20,11.31,29.5
bakery,0,14.75,30,10.33,83.2
bakery,7,4.58,0,4.58,38.4
bakery,5,6.16,0,6.16,20.2
bakery,3,8.14,10,7.33,27.3
bakery,3,10.33,10,9.3,31.1
bakery,4,12.34,20,9.87,33.6
bakery,1,7.77,30,5.44,73.7
bakery,6,14.81,0,14.81,31.8
bakery,5,9.35,0,9.35,33.1
bakery,2,13.22,10,11.9,29.8
bakery,7,2.87,40,1.72,58.8
bakery,3,3.79,0,3.79,36.4
bakery,4,13.1,0,13.1,28.7
bakery,7,13.99,0,13.99,27.8
bakery,1,6.81,30,4.77,55.1
bakery,7,4.4,0,4.4,20.3
bakery,3,10.86,0,10.86,19.5
bakery,5,3.87,20,3.1,30.1
bakery,1,5.88,0,5.88,30.4
bakery,2,8.03,50,4.02,142.0
bakery,4,7.86,10,7.08,41.2
bakery,0,11.18,40,6.71,196.7
bakery,7,5.19,0,5.19,24.7
bakery,5,4.57,20,3.65,48.8
bakery,3,9.84,50,4.92,71.1
bakery,4,5.94,30,4.16,64.5
bakery,3,12.59,0,12.59,33.3
bakery,4,6.18,10,5.56,31.6
bakery,0,11.49,30,8.04,69.1
bakery,2,3.11,20,2.49,64.0
bakery,3,14.44,30,10.11,77.0
bakery,3,12.26,40,7.36,54.7
bakery,4,7.08,10,6.37,32.7
bakery,6,6.32,20,5.05,33.1
bakery,3,11.8,20,9.44,53.9
bakery,6,3.18,30,2.22,50.2
bakery,3,4.44,10,4.0,31.1
bakery,2,5.21,0,5.21,22.7
bakery,7,11.36,0,11.36,34.7
bakery,2,2.82,40,1.69,70.6
bakery,6,4.12,0,4.12,29.1
bakery,2,9.71,0,9.71,38.0
bakery,2,11.35,30,7.94,69.8
bakery,0,8.36,20,6.69,57.7
bakery,1,13.97,20,11.17,40.7
bakery,7,13.47,40,8.08,72.1
bakery,0,7.96,0,7.96,31.2
bakery,6,7.23,20,5.79,32.9
bakery,6,4.79,50,2.39,98.7
bakery,7,10.17,10,9.15,32.2
bakery,3,7.22,0,7.22,25.4
bakery,3,8.99,0,8.99,26.5
bakery,0,2.12,0,2.12,29.4
bakery,2,10.59,30,7.42,46.8
bakery,6,8.1,30,5.67,52.5
bakery,2,7.0,0,7.0,25.9
bakery,3,13.04,10,11.74,34.7
bakery,4,7.19,20,5.75,43.4
bakery,7,4.14,0,4.14,34.6
bakery,3,8.51,30,5.96,66.0
bakery,3,11.24,20,8.99,29.9
bakery,2,3.08,0,3.08,28.1
bakery,4,13.64,0,13.64,33.0
bakery,6,2.27,0,2.27,25.1
bakery,7,7.22,0,7.22,16.6
bakery,0,12.25,40,7.35,63.2
bakery,2,11.42,0,11.42,36.3
bakery,2,11.77,50,5.88,110.6
bakery,6,4.24,20,3.39,41.7
bakery,4,14.16,0,14.16,28.9
bakery,7,11.38,0,11.38,21.3
bakery,6,3.19,0,3.19,24.8
bakery,7,3.21,0,3.21,18.0
bakery,0,11.65,0,11.65,33.5
bakery,2,6.13,20,4.91,44.3
bakery,7,6.72,30,4.7,35.5
bakery,5,4.96,20,3.97,31.1
bakery,1,11.0,0,11.0,20.4
bakery,6,14.4,40,8.64,63.7
bakery,0,7.53,0,7.53,29.9
bakery,7,10.84,0,10.84,23.8
bakery,0,2.19,0,2.19,31.4
bakery,1,9.93,0,9.93,30.3
bakery,6,10.22,30,7.15,59.0
bakery,6,10.49,30,7.34,38.1
bakery,7,9.42,30,6.59,71.6
bakery,5,8.1,0,8.1,29.1
bakery,5,5.89,30,4.12,41.0
bakery,1,5.45,0,5.45,33.3
bakery,7,9.67,0,9.67,36.7
bakery,5,8.37,40,5.02,76.4
bakery,6,2.73,20,2.18,34.7
bakery,6,5.67,0,5.67,35.9
bakery,2,12.12,0,12.12,34.1
bakery,0,7.3,40,4.38,64.4
bakery,0,13.73,40,8.24,63.9
bakery,7,14.63,20,11.71,33.0
bakery,3,12.16,20,9.73,29.7
bakery,0,14.4,30,10.08,69.2
bakery,0,7.57,0,7.57,42.5
bakery,0,5.35,30,3.74,56.6
bakery,4,12.4,50,6.2,90.1
bakery,7,5.95,0,5.95,29.9
bakery,4,7.02,30,4.91,58.0
bakery,0,8.41,10,7.57,40.5
bakery,1,12.61,50,6.3,112.8
bakery,1,2.91,10,2.62,43.8
bakery,0,6.75,0,6.75,29.1
bakery,6,9.08,0,9.08,23.1
bakery,3,8.36,0,8.36,27.0
bakery,5,2.75,10,2.47,25.9
bakery,0,10.88,10,9.79,35.6
bakery,6,7.55,30,5.29,65.0
bakery,2,11.15,30,7.8,32.1
bakery,3,11.91,30,8.34,29.5
bakery,2,13.69,20,10.95,46.4
bakery,4,3.7,30,2.59,61.7
bakery,4,5.7,50,2.85,76.0
bakery,5,10.21,10,9.19,29.6
bakery,6,5.34,10,4.81,45.7
bakery,5,11.31,0,11.31,14.9
bakery,6,5.56,20,4.45,45.7
bakery,4,2.8,30,1.96,33.2
bakery,7,11.27,10,10.14,31.2
bakery,1,9.58,0,9.58,24.9
bakery,5,3.95,20,3.16,42.4
bakery,2,11.41,40,6.85,62.3
bakery,5,9.73,50,4.86,127.6
bakery,7,10.53,0,10.53,33.9
bakery,4,5.27,50,2.64,84.4
bakery,6,9.4,0,9.4,12.7
bakery,5,10.25,30,7.17,53.6
bakery,1,12.24,30,8.57,44.4
bakery,1,6.32,10,5.68,34.7
bakery,4,7.87,30,5.51,60.6
bakery,0,8.83,0,8.83,25.3
bakery,5,5.03,20,4.02,21.5
bakery,3,5.73,30,4.01,37.2
bakery,2,10.86,0,10.86,32.6
bakery,1,13.05,10,11.75,32.1
bakery,6,8.83,0,8.83,18.3
bakery,0,14.56,40,8.74,99.5
bakery,6,12.5,10,11.25,31.1
bakery,5,2.72,0,2.72,27.5
bakery,1,7.3,0,7.3,30.9
bakery,3,5.63,0,5.63,41.8
bakery,1,12.14,0,12.14,36.6
bakery,6,2.84,0,2.84,28.7
bakery,5,14.89,0,14.89,21.8
bakery,3,14.37,10,12.93,30.5
bakery,1,13.33,20,10.67,44.8
bakery,7,11.25,50,5.62,146.8
bakery,7,11.06,50,5.53,70.0
bakery,2,7.24,10,6.52,38.0
bakery,7,13.08,10,11.77,25.0
bakery,1,14.9,0,14.9,21.5
bakery,4,10.74,20,8.59,27.6
bakery,3,6.27,50,3.14,78.5
bakery,7,13.21,10,11.89,20.2
bakery,2,3.79,50,1.89,81.6
bakery,6,2.46,0,2.46,27.2
bakery,3,11.44,50,5.72,115.7
bakery,2,5.97,0,5.97,32.7
bakery,3,10.81,0,10.81,31.1
bakery,5,13.56,20,10.85,46.6
bakery,6,4.42,10,3.98,44.6
bakery,6,3.68,0,3.68,25.7
bakery,6,3.66,10,3.3,37.2
bakery,2,11.77,0,11.77,32.9
bakery,0,6.14,0,6.14,36.4
bakery,2,10.63,20,8.5,32.9
bakery,5,13.8,10,12.42,24.0
bakery,6,10.78,0,10.78,25.0
bakery,4,4.15,30,2.91,57.6
bakery,1,10.58,0,10.58,28.9
bakery,6,10.34,40,6.2,83.6
bakery,5,3.51,20,2.81,47.4
bakery,5,10.19,40,6.12,74.7
bakery,7,7.65,30,5.35,66.1
bakery,4,7.76,30,5.43,38.6
bakery,3,4.13,0,4.13,27.6
bakery,1,2.57,40,1.54,60.3
bakery,7,8.55,50,4.27,115.2
bakery,2,3.52,0,3.52,45.1
bakery,4,3.61,50,1.8,78.7
bakery,0,3.67,40,2.2,105.7
bakery,5,9.17,10,8.26,52.4
bakery,1,7.09,10,6.38,38.6
bakery,0,5.65,0,5.65,54.0
bakery,0,2.01,10,1.81,37.0
bakery,1,14.74,50,7.37,134.3
bakery,2,7.06,40,4.23,108.6
bakery,1,11.52,0,11.52,36.1
bakery,3,10.73,30,7.51,45.0
bakery,6,10.9,40,6.54,67.6
bakery,0,11.21,40,6.73,140.5
bakery,1,14.63,0,14.63,22.1
bakery,7,12.26,0,12.26,26.3
bakery,1,8.06,10,7.26,53.7
bakery,0,9.13,0,9.13,28.0
bakery,2,14.59,30,10.22,50.5
bakery,0,9.16,20,7.33,35.9
bakery,4,2.48,50,1.24,83.0
bakery,7,9.22,0,9.22,29.6
bakery,7,10.59,30,7.41,49.9
bakery,7,14.01,20,11.21,32.2
bakery,0,14.95,50,7.47,98.1
bakery,4,6.56,0,6.56,28.0
bakery,7,9.39,30,6.57,56.7
bakery,7,5.91,0,5.91,16.1
bakery,4,12.33,0,12.33,22.5
bakery,4,8.52,30,5.97,39.8
bakery,0,4.0,30,2.8,42.9
bakery,5,3.78,0,3.78,32.5
bakery,0,4.18,30,2.93,62.7
bakery,7,7.88,40,4.73,66.1
bakery,4,7.2,30,5.04,52.5
bakery,0,2.64,20,2.12,45.8
bakery,6,5.15,40,3.09,73.1
bakery,3,9.85,0,9.85,21.1
bakery,7,4.13,30,2.89,37.1
bakery,4,10.52,20,8.42,43.0
bakery,3,5.93,30,4.15,52.6
bakery,3,14.64,10,13.17,30.7
bakery,5,4.56,0,4.56,29.2
bakery,7,3.04,10,2.73,27.4
bakery,3,6.4,40,3.84,72.0
bakery,7,13.11,40,7.87,51.7
bakery,2,8.33,0,8.33,34.3
bakery,3,4.01,10,3.61,34.6
bakery,0,10.63,40,6.38,67.7
bakery,0,5.09,40,3.05,83.9
bakery,7,12.57,0,12.57,25.3
bakery,6,14.39,50,7.19,180.9
bakery,6,4.74,50,2.37,82.0
bakery,5,8.57,30,6.0,54.5
bakery,7,4.7,30,3.29,47.4
bakery,4,4.37,10,3.94,33.1
bakery,6,7.07,0,7.07,24.2
bakery,7,13.33,0,13.33,15.0
bakery,2,11.0,10,9.9,36.7
bakery,0,10.41,20,8.33,56.0
bakery,3,10.81,10,9.73,29.4
bakery,1,13.47,0,13.47,27.3
bakery,0,4.23,20,3.39,63.9
bakery,1,8.51,40,5.11,62.6
bakery,6,10.75,0,10.75,20.8
bakery,7,4.26,20,3.41,31.0
bakery,2,8.01,40,4.81,63.1
bakery,7,13.81,50,6.9,165.8
bakery,2,4.76,20,3.81,43.7
bakery,6,7.87,10,7.08,29.4
bakery,6,14.05,30,9.83,45.7
bakery,3,4.48,10,4.03,26.1
bakery,0,10.15,20,8.12,63.6
bakery,3,9.38,20,7.51,38.0
bakery,3,7.49,0,7.49,25.1
bakery,6,7.57,0,7.57,16.2
bakery,4,6.23,20,4.99,29.6
bakery,7,10.05,50,5.03,100.6
bakery,6,2.67,50,1.33,113.4
bakery,3,13.56,50,6.78,140.9
bakery,1,13.18,0,13.18,40.8
bakery,7,6.13,40,3.68,67.5
bakery,6,2.86,30,2.0,40.1
bakery,7,11.53,30,8.07,54.2
bakery,0,8.69,0,8.69,26.9
bakery,3,8.13,0,8.13,27.8
bakery,2,8.82,50,4.41,253.1
bakery,6,3.41,20,2.73,27.6
bakery,7,8.26,30,5.78,42.1
bakery,7,6.22,20,4.98,31.9
bakery,5,14.58,50,7.29,95.6
bakery,5,6.21,10,5.59,34.5
bakery,3,12.17,30,8.52,51.7
bakery,4,3.88,20,3.1,35.9
bakery,0,12.24,50,6.12,138.8
bakery,0,5.24,0,5.24,33.5
bakery,7,11.24,0,11.24,29.8
bakery,3,11.08,10,9.98,30.6
bakery,5,9.74,20,7.79,33.1
bakery,1,10.45,0,10.45,35.6
bakery,6,14.84,50,7.42,82.5
bakery,1,2.77,0,2.77,32.4
bakery,4,2.41,10,2.17,21.3
bakery,4,9.54,10,8.58,41.7
bakery,4,8.57,50,4.28,77.7
bakery,1,13.07,40,7.84,76.2
bakery,5,12.55,20,10.04,36.3
bakery,0,13.54,0,13.54,37.5
bakery,4,4.86,0,4.86,25.7
bakery,4,14.05,20,11.24,34.1
bakery,6,13.09,50,6.55,163.0
bakery,5,13.42,0,13.42,32.7
bakery,1,10.98,0,10.98,28.9
bakery,7,9.22,50,4.61,129.7
bakery,7,13.04,10,11.73,24.6
bakery,3,13.98,30,9.79,43.4
bakery,6,11.31,40,6.79,67.4
bakery,4,13.49,30,9.45,36.5
bakery,6,7.27,0,7.27,14.0
bakery,7,6.73,20,5.38,32.7
bakery,4,12.02,30,8.41,41.2
bakery,5,7.55,10,6.8,25.3
bakery,7,6.5,0,6.5,23.0
bakery,3,2.34,10,2.11,37.0
bakery,0,2.11,20,1.68,68.4
bakery,2,8.62,40,5.17,49.0
bakery,5,13.5,40,8.1,81.6
bakery,6,8.7,40,5.22,72.8
bakery,7,4.03,30,2.82,63.9
bakery,0,9.65,20,7.72,39.4
bakery,2,4.85,30,3.4,50.1
bakery,0,13.98,20,11.19,86.6
bakery,3,5.89,30,4.12,61.4
bakery,0,14.3,10,12.87,29.8
bakery,7,3.74,0,3.74,31.4
bakery,5,10.17,0,10.17,31.5
bakery,2,11.94,40,7.17,73.7
bakery,1,7.98,20,6.39,57.1
bakery,3,8.14,10,7.32,30.7
bakery,2,8.06,50,4.03,86.7
bakery,4,9.28,40,5.57,45.4
bakery,1,6.8,20,5.44,74.6
bakery,2,10.79,40,6.47,92.3
bakery,0,2.18,20,1.74,84.6
bakery,1,2.12,40,1.27,45.2
bakery,7,7.55,50,3.78,43.2
bakery,4,12.93,50,6.46,80.5
bakery,1,9.13,20,7.31,37.0
bakery,4,12.91,0,12.91,42.9
bakery,0,14.41,0,14.41,46.4
bakery,3,9.19,30,6.44,32.9
bakery,3,4.9,50,2.45,90.1
bakery,2,3.17,10,2.86,23.9
bakery,6,8.24,20,6.59,28.4
bakery,7,11.43,10,10.29,34.9
bakery,4,10.7,20,8.56,33.0
bakery,1,8.5,0,8.5,37.5
bakery,5,11.49,0,11.49,32.6
bakery,0,11.85,20,9.48,61.3
bakery,3,9.7,50,4.85,95.9
bakery,1,7.47,30,5.23,62.0
bakery,5,5.25,0,5.25,19.3
bakery,6,4.35,0,4.35,24.1
bakery,5,11.97,50,5.99,118.2
bakery,3,7.55,20,6.04,44.5
bakery,0,13.89,30,9.72,56.8
bakery,4,7.21,50,3.61,78.7
bakery,5,6.67,40,4.0,46.2
bakery,3,13.06,50,6.53,108.4
bakery,0,8.01,10,7.21,44.5
bakery,6,11.14,40,6.68,46.2
bakery,0,10.18,0,10.18,49.3
bakery,7,5.94,20,4.75,35.0
bakery,6,9.7,10,8.73,20.4
bakery,2,4.74,10,4.27,29.0
bakery,2,11.24,10,10.12,42.3
bakery,7,4.52,20,3.61,31.7
bakery,2,2.9,30,2.03,70.9
bakery,4,12.71,40,7.63,91.1
bakery,4,8.16,0,8.16,36.0
bakery,5,10.82,10,9.74,42.4
bakery,4,7.9,0,7.9,17.7
bakery,2,4.99,20,3.99,62.7
bakery,7,14.39,0,14.39,36.5
bakery,2,12.73,20,10.19,68.7
bakery,0,12.04,10,10.84,37.9
bakery,2,10.34,40,6.2,59.5
bakery,0,9.83,0,9.83,31.1
bakery,5,14.2,0,14.2,22.8
bakery,6,9.43,0,9.43,24.3
bakery,5,12.38,0,12.38,20.4
bakery,7,3.95,0,3.95,18.8
bakery,7,11.54,0,11.54,22.0
bakery,2,7.88,0,7.88,21.7
bakery,7,7.81,0,7.81,29.1
bakery,3,7.13,20,5.7,69.1
bakery,0,11.85,0,11.85,28.0
bakery,2,2.55,0,2.55,28.5
bakery,5,13.11,10,11.8,41.0
bakery,0,13.56,40,8.14,75.7
bakery,5,7.81,0,7.81,25.2
bakery,6,13.51,20,10.81,34.1
bakery,7,12.96,0,12.96,32.3
bakery,4,7.39,10,6.65,31.1
bakery,2,10.02,0,10.02,29.4
bakery,0,4.48,10,4.03,32.8
bakery,2,8.48,0,8.48,33.8
bakery,7,6.8,10,6.12,19.8
bakery,5,12.46,40,7.48,82.3
bakery,5,13.43,0,13.43,22.4
bakery,2,8.69,30,6.08,37.7
bakery,6,5.6,0,5.6,23.9
bakery,0,10.25,0,10.25,32.9
bakery,3,14.46,20,11.57,38.8
bakery,7,11.0,40,6.6,61.0
bakery,4,8.55,30,5.99,49.8
bakery,1,12.81,50,6.4,175.3
bakery,3,4.02,30,2.82,47.5
bakery,5,11.91,0,11.91,31.0
bakery,6,13.88,0,13.88,19.1
bakery,7,6.86,0,6.86,13.5
bakery,3,5.05,0,5.05,28.2
bakery,1,10.45,30,7.31,81.1
bakery,6,3.66,50,1.83,86.3
bakery,2,3.72,10,3.35,21.5
bakery,2,3.73,30,2.61,62.9
bakery,0,6.96,20,5.57,36.4
bakery,7,11.43,40,6.86,79.8
bakery,0,8.59,30,6.01,82.8
bakery,1,12.92,0,12.92,33.9
bakery,1,8.19,10,7.37,28.2
bakery,3,7.85,30,5.5,39.7
bakery,3,9.11,40,5.47,72.2
bakery,1,10.39,40,6.24,57.5
bakery,2,9.81,10,8.83,33.1
bakery,4,7.08,30,4.96,37.7
bakery,1,4.49,40,2.69,120.5
bakery,5,7.88,0,7.88,20.4
bakery,2,8.43,0,8.43,31.7
bakery,5,13.54,0,13.54,23.5
bakery,6,11.47,0,11.47,27.6
bakery,5,8.39,20,6.71,34.3
bakery,4,11.53,10,10.38,49.1
bakery,6,11.95,0,11.95,33.4
bakery,3,12.66,20,10.13,44.5
bakery,3,8.95,40,5.37,74.3
bakery,5,14.6,10,13.14,35.2
bakery,5,14.43,0,14.43,27.5
bakery,6,5.4,30,3.78,40.3
bakery,4,10.65,20,8.52,46.8
bakery,6,9.04,0,9.04,25.6
bakery,5,8.29,0,8.29,16.8
bakery,0,10.35,20,8.28,52.3
bakery,1,13.1,0,13.1,32.0
bakery,3,14.07,0,14.07,22.3
bakery,3,2.44,0,2.44,37.9
bakery,4,14.13,20,11.3,53.0
bakery,7,12.62,0,12.62,22.9
bakery,6,9.7,20,7.76,40.6
bakery,3,6.8,0,6.8,43.4
bakery,5,10.15,0,10.15,33.9
bakery,3,5.81,30,4.07,45.0
bakery,5,9.61,0,9.61,35.0
bakery,6,6.36,0,6.36,29.1
bakery,4,4.54,20,3.64,36.5
bakery,7,10.63,0,10.63,36.6
bakery,6,14.87,20,11.9,44.9
bakery,7,11.29,0,11.29,15.9
bakery,2,10.09,10,9.08,28.7
bakery,1,13.5,0,13.5,29.8
bakery,7,7.54,20,6.03,38.4
bakery,1,13.67,40,8.2,80.9
bakery,5,11.43,30,8.0,46.7
bakery,5,3.86,20,3.09,45.6
bakery,2,9.04,50,4.52,194.6
bakery,3,11.01,0,11.01,34.8
bakery,1,14.54,30,10.18,42.8
bakery,3,11.94,40,7.16,50.9
bakery,7,2.21,50,1.1,86.0
bakery,4,7.93,0,7.93,27.6
bakery,4,12.04,50,6.02,66.4
bakery,1,14.97,0,14.97,27.8
bakery,2,12.77,0,12.77,36.5
bakery,3,8.73,10,7.86,68.4
bakery,7,8.99,0,8.99,20.3
bakery,0,6.39,40,3.83,112.2
bakery,5,6.98,20,5.59,29.1
bakery,3,11.01,30,7.71,56.4
bakery,0,14.82,20,11.85,55.1
bakery,0,8.65,0,8.65,27.2
bakery,2,6.6,0,6.6,35.0
bakery,1,14.46,40,8.68,82.4
bakery,4,9.74,20,7.79,39.0
bakery,3,10.6,50,5.3,99.5
bakery,4,3.1,10,2.79,36.4
bakery,0,13.54,0,13.54,28.6
bakery,1,6.22,30,4.35,81.4
bakery,1,11.44,0,11.44,30.8
bakery,0,9.22,20,7.38,67.2
bakery,7,10.86,20,8.69,28.0
bakery,1,9.51,40,5.71,68.5
bakery,5,2.24,30,1.57,54.1
bakery,6,12.02,50,6.01,70.2
bakery,1,14.91,50,7.46,74.4
bakery,0,12.57,0,12.57,42.1
bakery,3,2.01,0,2.01,28.7
bakery,2,10.9,30,7.63,32.0
bakery,6,11.84,20,9.47,41.2
bakery,6,6.88,10,6.19,27.1
bakery,4,11.77,0,11.77,21.3
bakery,5,2.69,20,2.15,29.4
bakery,1,12.52,10,11.27,40.7
bakery,2,8.39,50,4.2,223.1
bakery,6,10.77,20,8.62,51.2
bakery,5,5.0,40,3.0,68.5
bakery,3,5.2,0,5.2,20.7
bakery,6,2.52,30,1.76,34.3
bakery,6,9.92,40,5.95,72.3
bakery,3,11.12,20,8.9,37.6
bakery,6,7.41,10,6.67,24.1
bakery,0,14.37,20,11.49,97.8
bakery,1,4.05,30,2.83,70.7
bakery,6,7.91,20,6.33,30.5
bakery,4,13.77,40,8.26,54.0
bakery,5,14.94,30,10.46,49.0
bakery,3,11.78,0,11.78,23.8
bakery,6,8.98,20,7.19,49.0
bakery,5,7.83,0,7.83,25.8
bakery,3,10.5,30,7.35,52.2
bakery,3,10.47,30,7.33,87.0
bakery,6,6.39,30,4.47,37.0
bakery,2,2.07,10,1.86,36.8
bakery,3,12.12,20,9.69,55.6
bakery,4,10.28,0,10.28,26.9
bakery,4,7.03,0,7.03,32.7
bakery,5,11.47,30,8.03,57.5
bakery,6,5.33,10,4.8,37.5
bakery,0,13.11,50,6.56,136.7
bakery,1,14.01,0,14.01,29.5
bakery,2,3.1,0,3.1,23.8
bakery,2,5.03,20,4.02,39.8
bakery,2,6.85,0,6.85,35.0
bakery,0,9.57,30,6.7,112.1
bakery,7,2.79,10,2.51,33.3
bakery,7,13.63,20,10.9,32.9
bakery,6,13.66,10,12.29,29.0
bakery,5,10.35,40,6.21,48.1
bakery,7,4.42,40,2.65,58.0
bakery,0,8.43,30,5.9,78.1
bakery,5,13.81,40,8.28,56.6
bakery,4,11.62,0,11.62,25.4
bakery,0,14.3,0,14.3,24.6
bakery,6,11.18,0,11.18,33.4
bakery,1,11.01,20,8.81,46.3
bakery,2,3.34,30,2.34,69.9
bakery,2,11.62,10,10.46,46.4
bakery,1,5.32,30,3.72,92.1
bakery,5,14.5,50,7.25,91.6
bakery,3,4.72,30,3.31,34.2
bakery,6,8.62,0,8.62,24.7
bakery,3,11.4,50,5.7,76.1
bakery,1,10.83,0,10.83,20.1
bakery,3,6.49,50,3.24,128.1
bakery,7,11.71,30,8.2,39.7
bakery,0,9.82,0,9.82,39.0
bakery,0,10.5,0,10.5,35.3
bakery,4,7.71,40,4.63,62.5
bakery,2,3.96,0,3.96,21.4
bakery,3,8.29,20,6.63,24.7
bakery,7,3.17,0,3.17,36.5
bakery,1,2.23,50,1.11,90.7
bakery,5,10.67,10,9.6,25.7
bakery,5,13.77,40,8.26,77.2
bakery,1,13.59,30,9.51,58.7
bakery,7,2.48,40,1.49,72.1
bakery,5,13.61,10,12.25,20.5
bakery,7,11.92,0,11.92,23.5
bakery,4,12.74,10,11.46,41.4
bakery,3,13.88,0,13.88,23.6
bakery,2,5.12,10,4.61,36.7
bakery,0,9.83,40,5.9,99.6
bakery,2,10.72,0,10.72,27.0
bakery,2,12.06,10,10.85,33.2
bakery,6,14.14,30,9.9,47.5
bakery,7,6.44,40,3.87,78.4
bakery,7,10.01,10,9.01,27.6
bakery,5,5.68,0,5.68,26.8
bakery,2,3.3,0,3.3,34.4
bakery,7,10.15,0,10.15,20.9
bakery,7,4.94,20,3.95,80.2
bakery,3,13.97,30,9.78,52.9
bakery,7,11.08,40,6.65,69.3
bakery,3,8.79,20,7.03,20.1
bakery,0,13.17,0,13.17,31.2
bakery,7,12.4,30,8.68,31.3
bakery,4,10.02,50,5.01,71.1
bakery,3,12.43,20,9.94,36.1
bakery,6,12.08,10,10.87,25.9
bakery,7,9.98,20,7.99,42.1
bakery,0,13.55,30,9.48,52.0
bakery,3,14.41,30,10.09,41.9
bakery,5,6.19,20,4.96,43.9
bakery,7,11.06,20,8.85,37.8
bakery,2,2.36,0,2.36,28.8
bakery,4,13.42,20,10.74,40.9
bakery,7,12.25,10,11.02,36.2
bakery,1,3.87,50,1.94,99.3
bakery,6,13.68,50,6.84,57.2
bakery,1,10.77,50,5.39,112.0
bakery,4,13.98,40,8.39,74.2
bakery,0,4.37,20,3.49,60.8
bakery,3,8.98,0,8.98,34.6
bakery,4,11.59,0,11.59,25.2
bakery,4,10.72,30,7.51,42.2
bakery,4,5.69,10,5.12,34.6
bakery,1,11.94,20,9.55,41.3
bakery,7,9.26,0,9.26,25.1
bakery,5,7.73,20,6.18,30.8
bakery,3,9.11,0,9.11,26.2
bakery,4,14.48,10,13.03,36.1
bakery,1,7.4,30,5.18,57.9
bakery,6,9.36,0,9.36,21.6
bakery,0,12.95,20,10.36,59.3
bakery,5,3.14,10,2.82,35.0
bakery,1,12.42,0,12.42,40.5
bakery,0,14.69,50,7.35,86.4
bakery,6,8.33,50,4.16,86.2
bakery,2,6.83,0,6.83,29.1
bakery,6,9.92,0,9.92,34.7
bakery,2,14.48,30,10.13,39.7
bakery,4,6.11,20,4.89,59.8
bakery,0,8.1,30,5.67,91.7
bakery,6,6.03,0,6.03,21.3
bakery,3,5.59,10,5.03,33.5
bakery,2,11.86,10,10.67,50.8
bakery,6,10.14,0,10.14,26.2
bakery,0,13.85,50,6.93,106.7
bakery,2,11.37,50,5.69,57.3
bakery,0,11.16,30,7.82,66.0
bakery,0,14.6,50,7.3,94.0
bakery,0,9.49,10,8.55,31.5
bakery,0,10.42,0,10.42,41.4
bakery,5,3.9,10,3.51,35.0
bakery,5,11.96,40,7.18,74.4
bakery,4,8.68,40,5.21,86.4
bakery,3,13.18,20,10.55,56.6
bakery,1,4.97,0,4.97,33.3
bakery,7,13.3,50,6.65,85.9
bakery,6,11.07,0,11.07,19.1
bakery,3,2.28,0,2.28,24.6
bakery,3,3.58,0,3.58,15.2
bakery,0,12.19,0,12.19,20.1
bakery,4,12.83,0,12.83,19.5
bakery,4,3.02,0,3.02,23.0
bakery,3,7.54,20,6.03,40.9
bakery,1,2.21,0,2.21,34.3
bakery,3,5.38,0,5.38,35.1
bakery,0,12.69,40,7.62,101.3
bakery,1,9.12,0,9.12,24.4
bakery,0,9.28,40,5.57,69.7
bakery,2,9.0,0,9.0,26.9
bakery,1,2.22,0,2.22,19.0
bakery,1,14.65,0,14.65,29.9
bakery,2,14.39,0,14.39,31.5
bakery,2,8.85,40,5.31,57.7
bakery,7,5.02,0,5.02,38.6
bakery,7,9.17,0,9.17,34.5
bakery,6,6.47,0,6.47,21.1
bakery,2,9.03,20,7.22,37.4
produce,1,3.54,0,3.54,60.2
produce,0,8.85,20,7.08,178.7
produce,4,5.08,0,5.08,86.5
produce,5,14.1,0,14.1,72.3
produce,7,4.38,0,4.38,58.4
produce,1,13.52,0,13.52,74.7
produce,5,12.43,10,11.19,77.7
produce,7,11.85,10,10.67,48.8
produce,3,11.99,0,11.99,55.5
produce,1,12.61,0,12.61,67.2
produce,1,14.5,0,14.5,73.5
produce,1,8.33,10,7.5,95.4
produce,6,3.21,10,2.89,82.8
produce,0,5.58,0,5.58,132.7
produce,7,9.19,30,6.44,121.6
produce,4,11.08,10,9.97,75.7
produce,5,6.16,20,4.93,138.4
produce,2,12.87,0,12.87,80.6
produce,3,8.6,20,6.88,178.4
produce,2,12.23,30,8.56,210.4
produce,6,11.22,40,6.73,296.3
produce,4,11.1,50,5.55,239.1
produce,1,6.3,50,3.15,398.2
produce,5,6.02,50,3.01,452.3
produce,2,3.23,50,1.61,432.6
produce,2,2.64,0,2.64,58.8
produce,1,8.31,10,7.48,91.4
produce,6,9.03,0,9.03,55.8
produce,2,8.4,20,6.72,93.5
produce,5,14.52,50,7.26,296.7
produce,1,11.17,30,7.82,227.9
produce,0,13.3,0,13.3,46.6
produce,3,8.83,10,7.95,98.5
produce,4,11.85,10,10.66,86.2
produce,5,7.71,0,7.71,94.2
produce,6,13.86,20,11.08,130.6
produce,7,4.6,0,4.6,62.7
produce,4,4.89,30,3.42,128.0
produce,6,7.7,0,7.7,56.6
produce,0,13.37,30,9.36,175.8
produce,2,13.61,50,6.81,339.8
produce,5,7.63,30,5.34,130.4
produce,6,14.75,40,8.85,213.2
produce,5,5.78,20,4.62,87.6
produce,3,13.82,0,13.82,46.1
produce,7,7.48,0,7.48,54.0
produce,5,10.08,30,7.06,193.9
produce,7,9.58,0,9.58,97.1
produce,1,3.68,40,2.21,345.2
produce,3,7.76,20,6.21,78.2
produce,5,6.76,20,5.41,159.9
produce,3,6.52,0,6.52,55.0
produce,5,5.13,10,4.61,67.0
produce,5,13.03,10,11.73,95.5
produce,0,5.87,0,5.87,63.7
produce,6,3.52,40,2.11,257.6
produce,7,12.64,0,12.64,98.4
produce,3,10.95,10,9.86,98.3
produce,7,11.55,10,10.4,81.9
produce,7,6.29,30,4.41,182.9
produce,6,7.72,0,7.72,49.9
produce,4,5.81,30,4.06,136.9
produce,6,3.98,10,3.58,50.3
produce,6,12.18,10,10.96,61.8
produce,3,2.69,30,1.88,112.4
produce,5,7.51,30,5.25,115.7
produce,3,3.36,0,3.36,97.0
produce,7,12.07,0,12.07,54.9
produce,4,12.37,20,9.89,95.8
produce,4,5.76,50,2.88,289.6
produce,5,13.11,30,9.18,135.8
produce,3,7.87,0,7.87,60.7
produce,6,8.08,30,5.65,95.8
produce,4,12.26,40,7.35,147.0
produce,3,12.76,0,12.76,72.5
produce,3,8.45,0,8.45,84.3
produce,5,10.11,20,8.09,109.1
produce,0,10.07,30,7.05,126.3
produce,3,4.34,20,3.47,72.1
produce,6,8.51,10,7.66,119.5
produce,7,10.01,0,10.01,79.8
produce,7,13.4,20,10.72,95.7
produce,2,3.75,0,3.75,104.0
produce,6,8.53,0,8.53,65.5
produce,4,12.5,20,10.0,99.1
produce,3,2.95,0,2.95,64.9
produce,5,13.44,0,13.44,36.1
produce,4,7.64,0,7.64,71.6
produce,3,14.61,0,14.61,67.0
produce,0,8.08,50,4.04,445.2
produce,4,13.13,20,10.51,89.3
produce,6,10.17,10,9.16,78.8
produce,6,8.03,0,8.03,50.2
produce,5,7.85,0,7.85,32.0
produce,4,6.79,0,6.79,77.3
produce,2,4.07,50,2.03,215.9
produce,7,4.73,0,4.73,45.9
produce,0,4.02,40,2.41,179.0
produce,4,8.59,20,6.88,62.9
produce,2,11.56,30,8.09,129.9
produce,0,10.66,0,10.66,67.2
produce,4,2.6,20,2.08,145.9
produce,2,14.28,0,14.28,114.4
produce,1,2.09,50,1.04,437.4
produce,4,6.07,30,4.25,162.4
produce,7,10.76,50,5.38,326.7
produce,5,13.98,30,9.78,95.6
produce,7,6.31,40,3.79,223.9
produce,4,11.23,50,5.61,267.6
produce,6,5.91,40,3.55,263.2
produce,7,10.5,0,10.5,71.3
produce,6,14.3,20,11.44,102.9
produce,5,4.19,50,2.1,357.4
produce,7,11.32,40,6.79,211.1
produce,2,14.79,40,8.88,207.0
produce,0,5.32,20,4.25,121.7
produce,4,12.77,0,12.77,65.7
produce,6,13.37,0,13.37,94.0
produce,2,3.21,30,2.25,116.7
produce,1,2.17,0,2.17,62.5
produce,2,9.55,0,9.55,105.3
produce,5,3.22,0,3.22,70.8
produce,4,9.51,50,4.76,420.4
produce,3,2.79,0,2.79,82.8
produce,6,12.16,0,12.16,96.5
produce,5,11.56,40,6.93,257.6
produce,5,3.81,0,3.81,59.6
produce,1,2.51,20,2.01,148.5
produce,6,5.54,50,2.77,269.8
produce,6,4.25,40,2.55,207.7
produce,2,3.19,20,2.55,175.4
produce,4,12.89,10,11.6,70.3
produce,1,11.2,0,11.2,64.3
produce,2,8.84,0,8.84,60.7
produce,3,12.06,0,12.06,49.0
produce,2,14.0,0,14.0,52.4
produce,6,13.51,40,8.11,218.4
produce,0,8.24,0,8.24,122.0
produce,3,4.29,30,3.0,194.9
produce,6,4.01,20,3.21,99.6
produce,7,9.12,10,8.21,103.0
produce,3,7.94,0,7.94,53.2
produce,0,3.7,0,3.7,80.5
produce,6,8.62,0,8.62,58.5
produce,7,13.34,0,13.34,53.5
produce,2,6.35,30,4.45,184.2
produce,4,9.98,50,4.99,191.5
produce,4,8.17,40,4.9,116.0
produce,3,8.93,30,6.25,192.6
produce,3,9.42,20,7.54,72.8
produce,5,7.03,0,7.03,40.1
produce,5,10.82,10,9.74,76.3
produce,1,9.43,20,7.54,132.3
produce,3,9.51,0,9.51,82.3
produce,0,13.3,10,11.97,85.9
produce,5,3.82,0,3.82,73.5
produce,0,5.78,0,5.78,102.7
produce,1,11.74,30,8.22,100.8
produce,1,7.13,40,4.28,191.5
produce,1,11.82,0,11.82,70.9
produce,5,2.77,0,2.77,66.2
produce,5,10.37,20,8.3,115.7
produce,1,2.95,0,2.95,94.5
produce,2,2.79,40,1.67,327.4
produce,3,12.12,0,12.12,54.4
produce,4,7.78,0,7.78,59.8
produce,0,7.69,50,3.85,334.3
produce,4,13.38,30,9.37,124.9
produce,5,6.44,20,5.15,88.3
produce,4,4.73,10,4.25,71.1
produce,6,8.76,30,6.13,108.7
produce,3,12.21,50,6.1,301.3
produce,4,8.9,20,7.12,74.1
produce,6,12.75,10,11.47,58.2
produce,2,12.44,20,9.95,154.3
produce,3,2.67,40,1.6,141.9
produce,3,14.7,30,10.29,161.6
produce,7,9.02,10,8.11,59.8
produce,0,7.08,40,4.25,188.7
produce,7,8.0,0,8.0,42.0
produce,5,6.13,30,4.29,124.6
produce,5,3.24,20,2.59,122.2
produce,4,13.9,20,11.12,89.3
produce,2,6.59,0,6.59,138.0
produce,1,4.07,10,3.66,107.6
produce,2,8.92,20,7.14,115.7
produce,1,5.57,40,3.34,231.1
produce,7,4.5,20,3.6,79.8
produce,2,3.17,50,1.59,281.9
produce,3,5.85,10,5.27,112.8
produce,2,12.42,0,12.42,115.4
produce,6,5.73,30,4.01,94.2
produce,0,7.28,40,4.37,183.9
produce,5,8.08,0,8.08,78.7
produce,2,9.28,0,9.28,88.7
produce,5,13.97,0,13.97,53.1
produce,0,10.51,0,10.51,84.0
produce,6,7.99,10,7.19,62.4
produce,3,13.78,50,6.89,388.5
produce,5,13.72,50,6.86,462.5
produce,3,12.86,20,10.29,129.0
produce,2,8.26,0,8.26,93.4
produce,4,8.78,0,8.78,53.1
produce,3,11.88,40,7.13,223.4
produce,4,14.16,10,12.74,58.3
produce,2,9.64,30,6.75,129.1
produce,6,4.86,0,4.86,70.8
produce,5,2.79,40,1.67,134.1
produce,6,3.13,30,2.19,134.3
produce,6,7.83,0,7.83,68.7
produce,4,9.02,30,6.31,70.2
produce,5,6.71,30,4.7,86.3
produce,3,14.39,40,8.63,125.5
produce,1,12.15,30,8.5,223.1
produce,5,11.8,50,5.9,321.6
produce,7,14.11,50,7.05,244.7
produce,6,4.98,0,4.98,71.9
produce,7,10.15,20,8.12,67.9
produce,4,7.34,20,5.87,69.1
produce,0,9.85,10,8.87,108.3
produce,5,3.51,20,2.8,82.3
produce,5,6.34,20,5.07,121.1
produce,2,14.55,0,14.55,87.2
produce,7,10.14,0,10.14,56.2
produce,5,13.67,0,13.67,46.9
produce,0,9.23,0,9.23,113.3
produce,1,9.29,0,9.29,69.2
produce,7,7.81,50,3.91,222.0
produce,3,13.41,30,9.38,97.3
produce,4,9.8,0,9.8,45.7
produce,5,13.56,0,13.56,87.3
produce,3,9.0,0,9.0,46.6
produce,5,3.77,0,3.77,67.4
produce,2,13.19,20,10.55,61.2
produce,4,12.98,20,10.38,105.3
produce,6,14.77,30,10.34,141.7
produce,6,2.98,0,2.98,61.1
produce,5,12.39,0,12.39,47.2
produce,0,4.23,10,3.81,90.8
produce,6,11.34,20,9.07,119.5
produce,2,12.29,10,11.06,84.1
produce,0,6.07,0,6.07,65.7
produce,0,8.94,50,4.47,511.2
produce,7,11.12,0,11.12,49.4
produce,7,7.34,30,5.14,118.3
produce,5,12.43,0,12.43,47.2
produce,7,13.4,40,8.04,147.1
produce,2,9.47,0,9.47,97.8
produce,1,14.29,30,10.01,140.0
produce,7,14.24,50,7.12,165.7
produce,6,12.24,30,8.57,90.3
produce,3,14.33,0,14.33,63.3
produce,4,3.84,30,2.69,239.1
produce,0,2.4,20,1.92,108.7
produce,7,12.52,10,11.27,63.7
produce,4,5.53,10,4.97,67.8
produce,3,9.4,0,9.4,65.3
produce,0,10.44,0,10.44,58.7
produce,2,11.02,10,9.92,66.8
produce,7,12.53,50,6.27,301.5
produce,7,14.66,0,14.66,64.9
produce,2,13.25,0,13.25,42.6
produce,2,4.27,0,4.27,80.0
produce,0,13.61,20,10.88,108.2
produce,5,4.99,30,3.49,193.5
produce,1,7.14,40,4.29,303.7
produce,3,11.05,0,11.05,55.8
produce,4,14.57,20,11.66,94.3
produce,6,10.24,0,10.24,45.1
produce,2,7.55,30,5.29,130.2
produce,3,11.62,0,11.62,53.8
produce,5,2.29,0,2.29,82.6
produce,4,12.46,20,9.97,96.7
produce,2,3.88,0,3.88,87.6
produce,4,6.27,0,6.27,64.4
produce,3,2.09,10,1.88,96.9
produce,6,6.25,30,4.37,169.4
produce,0,4.91,10,4.41,85.1
produce,1,10.81,20,8.65,154.0
produce,4,11.1,40,6.66,194.5
produce,4,9.78,10,8.8,125.7
produce,7,8.92,30,6.25,182.4
produce,5,14.32,30,10.02,144.9
produce,2,10.86,30,7.6,142.3
produce,5,13.98,50,6.99,259.1
produce,1,5.39,30,3.77,174.3
produce,0,12.6,50,6.3,483.9
produce,6,2.37,50,1.18,218.6
produce,7,9.56,40,5.74,104.2
produce,6,11.05,0,11.05,69.9
produce,6,11.88,30,8.32,100.9
produce,1,11.02,10,9.92,96.0
produce,2,4.8,0,4.8,68.9
produce,3,7.85,0,7.85,97.3
produce,2,11.0,0,11.0,78.6
produce,2,10.56,30,7.4,162.5
produce,5,13.81,50,6.9,270.7
produce,4,5.16,20,4.13,87.6
produce,2,8.71,30,6.1,156.6
produce,4,10.71,0,10.71,107.9
produce,4,7.2,40,4.32,146.4
produce,6,12.66,0,12.66,61.6
produce,2,2.01,30,1.41,203.0
produce,7,11.2,30,7.84,123.6
produce,5,13.12,20,10.5,123.3
produce,0,4.08,40,2.45,232.4
produce,1,6.3,10,5.67,116.1
produce,7,6.69,0,6.69,78.2
produce,2,7.74,30,5.42,166.7
produce,6,13.75,20,11.0,93.0
produce,6,3.26,10,2.93,85.3
produce,5,13.37,40,8.02,143.1
produce,4,9.89,10,8.9,62.0
produce,1,12.06,30,8.44,316.9
produce,7,7.78,10,7.0,71.9
produce,6,11.68,50,5.84,164.2
produce,7,11.59,20,9.27,75.7
produce,6,10.4,0,10.4,66.5
produce,1,3.35,40,2.01,185.8
produce,0,13.84,10,12.46,116.0
produce,2,12.89,0,12.89,94.7
produce,1,14.08,0,14.08,101.5
produce,5,3.33,0,3.33,68.6
produce,4,7.92,40,4.75,233.2
produce,1,7.41,50,3.71,240.3
produce,0,8.91,0,8.91,90.9
produce,5,10.4,30,7.28,142.5
produce,0,14.9,20,11.92,85.1
produce,0,5.13,0,5.13,85.4
produce,3,10.81,20,8.65,92.4
produce,6,11.76,20,9.41,135.0
produce,4,9.1,20,7.28,108.5
produce,2,11.52,0,11.52,81.4
produce,1,11.69,0,11.69,62.5
produce,4,12.68,30,8.88,119.9
produce,4,10.67,20,8.53,80.4
produce,2,5.64,0,5.64,65.8
produce,7,5.52,20,4.42,103.8
produce,4,3.58,50,1.79,202.3
produce,7,11.95,0,11.95,55.7
produce,4,4.2,30,2.94,169.4
produce,3,8.06,0,8.06,76.6
produce,5,7.05,30,4.94,146.7
produce,2,8.76,20,7.01,114.1
produce,7,14.95,10,13.45,60.3
produce,1,4.26,0,4.26,67.8
produce,0,12.7,40,7.62,302.5
produce,3,4.81,0,4.81,66.2
produce,5,11.86,10,10.67,80.1
produce,7,8.43,40,5.06,198.0
produce,0,10.89,50,5.44,491.1
produce,6,8.34,0,8.34,66.1
produce,0,3.66,40,2.19,223.5
produce,5,4.45,0,4.45,85.4
produce,1,7.75,20,6.2,107.3
produce,5,3.7,0,3.7,66.1
produce,6,3.43,10,3.09,67.9
produce,0,14.1,20,11.28,114.0
produce,6,8.62,0,8.62,62.5
produce,6,8.35,10,7.51,79.6
produce,1,3.01,50,1.5,443.8
produce,7,11.3,0,11.3,94.0
produce,6,9.67,30,6.77,181.6
produce,2,2.27,0,2.27,57.5
produce,5,3.05,0,3.05,58.4
produce,3,14.18,0,14.18,124.4
produce,5,7.0,10,6.3,90.8
produce,3,5.72,0,5.72,113.7
produce,0,4.5,50,2.25,452.5
produce,7,7.41,0,7.41,61.9
produce,3,7.75,20,6.2,104.2
produce,7,5.8,0,5.8,53.6
produce,0,3.76,30,2.63,135.3
produce,0,2.85,30,1.99,286.3
produce,6,14.61,20,11.69,131.8
produce,4,12.75,40,7.65,167.3
produce,4,4.31,30,3.02,125.4
produce,5,14.12,10,12.7,86.9
produce,3,3.17,10,2.85,89.1
produce,6,13.83,40,8.3,130.9
produce,3,4.13,20,3.3,101.6
produce,2,8.43,40,5.06,236.8
produce,0,7.94,10,7.15,82.3
produce,7,13.92,30,9.75,141.1
produce,2,10.78,10,9.71,119.6
produce,5,5.83,0,5.83,54.9
produce,4,7.26,20,5.81,112.6
produce,7,4.82,20,3.86,86.6
produce,2,2.62,0,2.62,54.2
produce,4,4.41,0,4.41,42.6
produce,3,8.42,30,5.89,171.3
produce,5,2.67,10,2.4,68.5
produce,2,3.85,10,3.47,73.9
produce,2,4.14,0,4.14,62.5
produce,1,5.5,30,3.85,165.7
produce,1,12.59,50,6.3,539.9
produce,7,6.7,0,6.7,79.8
produce,4,8.19,40,4.92,170.5
produce,6,8.18,0,8.18,54.3
produce,1,10.69,30,7.48,132.7
produce,0,3.98,40,2.39,191.1
produce,0,4.15,0,4.15,98.7
produce,2,3.53,0,3.53,73.7
produce,5,13.64,0,13.64,74.0
produce,3,9.16,10,8.25,106.9
produce,6,13.4,0,13.4,50.8
produce,5,2.36,10,2.12,61.9
produce,0,13.89,10,12.51,112.7
produce,6,11.84,20,9.47,128.1
produce,0,2.2,0,2.2,71.9
produce,2,8.57,10,7.72,69.1
produce,4,5.32,30,3.72,131.7
produce,0,9.97,0,9.97,83.5
produce,0,14.11,0,14.11,85.5
produce,3,10.49,0,10.49,100.4
produce,7,11.29,30,7.9,94.3
produce,0,5.98,0,5.98,66.3
produce,6,5.66,0,5.66,56.3
produce,0,14.46,40,8.68,321.4
produce,2,11.05,30,7.74,147.6
produce,6,9.31,0,9.31,90.6
produce,5,14.83,10,13.35,74.2
produce,1,10.48,0,10.48,55.7
produce,0,12.83,0,12.83,80.7
produce,4,11.89,50,5.95,411.9
produce,6,10.2,0,10.2,81.4
produce,6,10.54,0,10.54,77.5
produce,1,3.38,20,2.7,92.4
produce,7,4.31,50,2.16,252.0
produce,2,9.14,0,9.14,83.6
produce,3,14.0,0,14.0,57.2
produce,5,7.53,30,5.27,116.0
produce,2,13.1,30,9.17,87.0
produce,7,7.8,20,6.24,101.7
produce,0,9.93,0,9.93,82.7
produce,3,2.49,20,1.99,70.7
produce,1,8.65,50,4.33,307.5
produce,0,12.51,40,7.5,240.9
produce,3,8.71,0,8.71,60.4
produce,1,14.99,20,11.99,123.7
produce,0,9.59,0,9.59,66.0
produce,3,13.17,30,9.22,258.5
produce,4,11.0,0,11.0,73.0
produce,6,11.26,0,11.26,74.9
produce,5,11.2,40,6.72,136.9
produce,3,6.0,0,6.0,65.4
produce,6,4.01,30,2.81,94.8
produce,2,5.35,30,3.75,241.7
produce,2,3.26,0,3.26,101.9
produce,3,6.3,10,5.67,56.5
produce,2,3.48,20,2.78,111.2
produce,1,6.25,10,5.63,91.7
produce,1,9.24,0,9.24,64.6
produce,4,2.56,30,1.79,69.4
produce,7,12.48,30,8.73,136.7
produce,0,5.65,30,3.95,144.1
produce,0,7.29,20,5.84,111.2
produce,2,8.62,40,5.17,332.4
produce,3,9.67,10,8.71,58.2
produce,0,12.07,50,6.04,346.4
produce,4,14.53,0,14.53,60.9
produce,2,10.97,10,9.87,73.9
produce,0,11.4,40,6.84,263.5
produce,4,11.14,40,6.68,302.5
produce,4,13.34,10,12.01,60.7
produce,2,3.44,30,2.41,171.9
produce,3,9.22,0,9.22,88.0
produce,0,11.0,0,11.0,70.1
produce,7,3.58,0,3.58,66.5
produce,4,10.74,40,6.44,199.1
produce,5,11.45,40,6.87,158.9
produce,4,9.45,30,6.62,114.5
produce,3,11.2,20,8.96,78.5
produce,2,10.71,50,5.35,257.3
produce,6,6.4,30,4.48,183.4
produce,6,9.15,40,5.49,217.7
produce,6,6.29,30,4.41,130.0
produce,7,13.47,0,13.47,67.2
produce,2,11.86,20,9.49,141.9
produce,4,6.65,10,5.99,62.3
produce,2,2.65,20,2.12,104.7
produce,1,12.92,0,12.92,51.6
produce,5,12.74,0,12.74,44.4
produce,5,4.44,40,2.67,157.0
produce,0,6.0,0,6.0,113.7
produce,2,11.72,0,11.72,67.5
produce,4,9.89,10,8.9,90.8
produce,3,11.21,0,11.21,64.4
produce,4,11.24,50,5.62,344.1
produce,2,7.7,20,6.16,97.7
produce,4,7.93,0,7.93,51.7
produce,5,5.12,10,4.61,58.7
produce,4,11.04,40,6.62,187.9
produce,0,7.12,30,4.98,149.9
produce,6,4.64,10,4.17,79.5
produce,1,10.94,0,10.94,67.0
produce,4,8.07,0,8.07,56.1
produce,3,6.55,0,6.55,28.0
produce,5,6.27,0,6.27,84.0
produce,0,8.37,0,8.37,108.9
produce,1,13.81,30,9.67,176.7
produce,6,6.75,0,6.75,45.6
produce,1,10.39,50,5.2,236.6
produce,3,11.51,30,8.06,108.9
produce,3,13.09,0,13.09,50.8
produce,7,13.5,30,9.45,160.5
produce,1,5.21,10,4.69,108.5
produce,6,3.02,0,3.02,71.6
produce,5,12.16,10,10.94,46.2
produce,0,9.9,0,9.9,104.2
produce,3,2.5,40,1.5,161.8
produce,7,11.01,0,11.01,49.6
produce,0,7.29,0,7.29,95.7
produce,7,4.43,50,2.21,244.7
produce,0,8.25,10,7.42,77.2
produce,1,11.76,0,11.76,126.7
produce,0,11.06,20,8.85,81.4
produce,2,8.29,40,4.97,149.5
produce,1,5.57,0,5.57,114.8
produce,4,4.72,40,2.83,164.1
produce,7,2.74,0,2.74,47.4
produce,3,8.88,10,7.99,69.2
produce,3,6.61,50,3.3,237.4
produce,6,6.46,0,6.46,85.4
produce,3,9.09,30,6.36,114.7
produce,3,3.06,30,2.14,134.4
produce,3,3.51,30,2.45,99.4
produce,4,8.3,0,8.3,65.8
produce,3,7.89,40,4.73,181.1
produce,3,2.09,0,2.09,80.0
produce,4,7.03,10,6.33,69.7
produce,4,13.18,20,10.54,88.2
produce,2,10.78,20,8.63,113.5
produce,1,12.76,30,8.93,143.3
produce,3,10.57,30,7.4,212.6
produce,0,5.54,0,5.54,104.6
produce,7,3.6,50,1.8,286.3
produce,2,7.01,50,3.5,333.5
produce,1,5.62,40,3.37,283.1
produce,3,2.25,0,2.25,114.3
produce,7,4.61,0,4.61,49.9
produce,0,8.57,0,8.57,104.6
produce,0,6.24,20,4.99,134.3
produce,3,3.85,20,3.08,67.7
produce,1,3.69,0,3.69,116.2
produce,7,9.27,0,9.27,38.9
produce,0,11.91,0,11.91,96.3
produce,1,14.95,20,11.96,166.3
produce,6,13.05,30,9.14,311.2
produce,0,3.14,30,2.19,195.9
produce,5,7.76,10,6.98,81.8
produce,6,7.25,0,7.25,77.7
produce,0,14.29,10,12.86,135.6
produce,4,9.54,20,7.63,86.8
produce,4,8.14,30,5.7,92.0
produce,0,12.16,40,7.29,237.6
produce,4,9.6,30,6.72,207.8
produce,7,4.9,0,4.9,51.2
produce,0,3.87,40,2.32,313.5
produce,0,2.87,20,2.3,114.4
produce,1,11.33,30,7.93,105.7
produce,1,8.27,10,7.44,91.3
produce,5,4.96,0,4.96,52.0
produce,1,8.81,10,7.93,113.2
produce,2,12.59,0,12.59,76.8
produce,6,4.86,30,3.4,142.3
produce,0,5.99,0,5.99,45.6
produce,2,10.44,0,10.44,52.7
produce,6,9.56,0,9.56,51.5
produce,6,11.9,30,8.33,136.1
produce,7,2.67,30,1.87,144.2
produce,6,5.66,0,5.66,86.6
produce,7,12.17,0,12.17,57.2
produce,6,13.2,30,9.24,124.6
produce,5,3.84,0,3.84,100.2
produce,5,14.99,0,14.99,88.7
produce,2,4.44,0,4.44,65.9
produce,7,13.33,0,13.33,41.4
produce,2,6.91,0,6.91,53.5
produce,4,8.03,10,7.23,81.5
produce,0,14.42,40,8.65,208.7
produce,7,13.92,20,11.13,54.1
produce,7,8.29,10,7.46,68.5
produce,3,12.31,30,8.62,111.2
produce,6,10.92,0,10.92,42.4
produce,3,2.01,0,2.01,53.3
produce,0,5.4,20,4.32,149.8
produce,6,4.13,0,4.13,74.0
produce,3,4.6,0,4.6,48.6
produce,3,10.85,20,8.68,124.7
produce,4,7.74,20,6.19,116.2
produce,6,5.83,50,2.92,251.1
produce,1,8.93,0,8.93,50.5
produce,0,5.52,30,3.86,198.3
produce,2,14.38,0,14.38,96.4
produce,1,14.47,20,11.58,181.7
produce,6,5.49,0,5.49,66.8
produce,7,6.74,40,4.04,168.0
produce,2,9.2,10,8.28,135.0
produce,1,5.12,30,3.58,179.1
produce,4,9.12,0,9.12,48.1
produce,5,8.65,20,6.92,106.3
produce,2,14.35,10,12.92,94.3
produce,6,6.74,50,3.37,344.9
produce,7,6.7,30,4.69,142.1
produce,3,3.11,30,2.18,167.8
produce,6,9.64,10,8.68,86.2
produce,7,9.8,0,9.8,44.6
produce,3,2.87,10,2.58,97.9
produce,7,12.99,0,12.99,49.2
produce,6,10.96,40,6.58,192.9
produce,3,10.81,50,5.41,361.9
produce,7,8.27,0,8.27,49.5
produce,4,4.13,0,4.13,53.2
produce,1,7.93,10,7.14,71.1
produce,0,4.78,0,4.78,134.6
produce,0,10.27,0,10.27,77.3
produce,6,7.7,50,3.85,293.4
produce,5,2.59,50,1.3,322.0
produce,3,6.37,0,6.37,74.8
produce,5,7.53,10,6.77,76.1
produce,0,2.73,50,1.36,178.5
produce,1,6.37,40,3.82,216.7
produce,2,5.79,30,4.06,185.4
produce,3,8.65,50,4.33,217.6
produce,1,2.52,0,2.52,115.1
produce,3,2.88,0,2.88,49.7
produce,1,11.36,50,5.68,331.1
produce,2,11.22,0,11.22,54.5
produce,3,9.03,0,9.03,53.7
produce,1,7.11,50,3.55,331.1
produce,1,9.75,0,9.75,80.4
produce,0,12.43,0,12.43,153.7
produce,5,12.9,0,12.9,72.6
produce,2,7.27,30,5.09,182.6
produce,3,9.69,40,5.81,234.3
produce,5,11.73,30,8.21,125.3
produce,7,8.48,0,8.48,56.3
produce,4,11.17,20,8.93,106.6
produce,0,9.14,10,8.23,140.9
produce,1,6.16,0,6.16,56.9
produce,0,4.5,10,4.05,70.6
produce,7,4.31,40,2.59,129.2
produce,0,14.79,10,13.31,107.5
produce,6,4.75,0,4.75,82.3
produce,1,4.26,40,2.56,181.0
produce,7,12.45,20,9.96,112.5
produce,1,10.64,50,5.32,445.1
produce,3,10.03,10,9.03,135.4
produce,1,13.56,10,12.21,121.3
produce,1,6.27,30,4.39,215.5
produce,4,3.12,30,2.19,194.7
produce,1,5.5,0,5.5,64.0
produce,4,7.59,0,7.59,70.3
produce,2,9.79,20,7.83,107.5
produce,1,6.87,30,4.81,165.6
produce,3,2.24,0,2.24,71.6
produce,2,9.43,20,7.54,87.8
produce,2,10.25,0,10.25,50.1
produce,7,8.8,20,7.04,111.6
produce,1,3.64,10,3.28,110.1
produce,1,4.53,10,4.08,77.6
produce,4,8.23,10,7.4,63.1
produce,4,4.88,50,2.44,276.1
produce,5,2.76,0,2.76,82.8
produce,2,12.14,10,10.93,107.2
produce,0,9.62,0,9.62,77.0
produce,5,12.43,0,12.43,52.6
produce,1,5.52,10,4.97,90.4
produce,7,7.2,20,5.76,57.5
produce,1,4.37,30,3.06,196.4
produce,0,4.79,0,4.79,92.4
produce,7,13.11,20,10.49,108.4
produce,0,3.99,50,2.0,258.4
produce,2,9.91,40,5.95,196.1
produce,0,6.85,0,6.85,62.7
produce,3,14.02,40,8.41,251.9
produce,6,7.15,30,5.01,110.2
produce,2,11.17,40,6.7,356.4
produce,6,14.86,30,10.41,180.5
produce,1,10.68,30,7.48,169.2
produce,2,12.05,50,6.03,368.5
produce,5,13.09,0,13.09,45.3
produce,4,12.73,10,11.45,58.1
produce,4,12.05,0,12.05,58.9
produce,5,3.2,0,3.2,65.5
produce,1,6.79,50,3.39,172.6
produce,7,12.68,0,12.68,82.0
produce,4,2.86,0,2.86,95.0
produce,0,13.66,0,13.66,141.3
produce,4,13.19,20,10.55,82.9
produce,4,2.17,20,1.74,89.3
produce,6,7.11,30,4.98,119.1
produce,3,4.32,0,4.32,58.1
produce,7,3.6,20,2.88,82.2
produce,4,11.76,0,11.76,76.7
produce,5,14.52,40,8.71,125.2
produce,5,7.53,20,6.02,104.1
produce,1,11.64,0,11.64,81.3
produce,5,13.51,30,9.46,104.8
produce,6,8.18,30,5.73,82.1
produce,0,14.94,30,10.46,123.9
produce,1,8.11,20,6.49,197.0
produce,5,9.02,20,7.21,81.2
produce,0,7.3,20,5.84,144.7
produce,5,14.47,0,14.47,43.7
produce,0,7.18,40,4.31,287.6
produce,5,9.82,10,8.84,27.5
produce,5,7.42,0,7.42,66.6
produce,5,14.07,30,9.85,79.6
produce,2,12.15,30,8.5,89.8
produce,6,2.21,40,1.32,215.3
produce,7,8.56,0,8.56,80.9
produce,4,6.97,30,4.88,128.0
produce,4,3.12,0,3.12,71.7
produce,4,12.12,10,10.91,82.8
produce,3,7.84,40,4.71,147.4
produce,4,4.58,30,3.2,175.7
produce,1,11.74,0,11.74,60.5
produce,5,3.17,0,3.17,62.0
produce,2,5.16,10,4.65,78.0
produce,3,8.61,20,6.88,110.9
produce,6,4.03,0,4.03,78.3
produce,7,7.3,0,7.3,68.8
produce,7,7.29,0,7.29,52.0
produce,6,7.33,30,5.13,108.8
produce,6,4.07,0,4.07,53.9
produce,2,2.12,50,1.06,348.4
produce,4,7.25,0,7.25,52.8
produce,1,6.1,0,6.1,57.8
produce,0,4.03,30,2.82,180.5
produce,0,2.17,20,1.73,98.8
produce,5,5.97,10,5.37,76.7
produce,7,13.4,50,6.7,224.6
produce,3,14.72,0,14.72,88.4
produce,5,6.73,0,6.73,77.4
produce,7,11.98,20,9.58,82.5
produce,5,13.47,20,10.77,98.5
produce,3,4.89,0,4.89,52.6
produce,1,3.16,0,3.16,71.3
produce,0,12.64,0,12.64,102.2
produce,2,13.35,0,13.35,43.9
produce,2,10.12,40,6.07,216.2
produce,6,10.59,30,7.42,168.3
produce,0,12.66,30,8.86,293.9
produce,4,13.09,30,9.16,108.9
produce,2,14.01,10,12.61,75.1
produce,1,9.69,20,7.75,122.3
produce,1,7.02,50,3.51,295.0
produce,6,11.98,0,11.98,55.8
produce,0,4.19,30,2.94,122.2
produce,2,8.29,40,4.97,150.2
produce,3,2.36,30,1.65,131.6
produce,1,9.68,0,9.68,93.0
produce,6,2.38,20,1.9,78.3
produce,1,3.98,20,3.18,151.3
produce,3,2.51,50,1.26,172.0
produce,6,4.58,0,4.58,48.4
produce,1,14.36,30,10.05,244.9
produce,5,8.67,30,6.07,129.1
produce,7,9.69,10,8.72,66.1
produce,3,7.35,30,5.14,205.5
produce,0,6.72,0,6.72,66.0
produce,3,6.88,20,5.5,116.1
produce,1,13.64,10,12.28,111.4
produce,6,13.64,20,10.92,93.5
produce,3,6.95,0,6.95,75.3
produce,0,5.39,10,4.85,79.6
produce,2,14.62,30,10.23,138.6
produce,3,10.15,30,7.11,172.3
produce,0,8.91,0,8.91,56.5
produce,6,13.2,0,13.2,61.2
produce,0,11.39,20,9.11,142.1
produce,4,6.91,0,6.91,111.6
produce,0,9.91,30,6.94,193.4
produce,7,12.17,30,8.52,122.8
produce,5,2.78,10,2.5,68.6
produce,4,14.77,40,8.86,197.6
produce,2,3.97,30,2.78,197.3
produce,6,10.53,0,10.53,104.0
produce,3,5.51,40,3.31,150.5
produce,3,3.96,0,3.96,61.7
produce,2,10.89,10,9.8,49.5
produce,6,2.11,20,1.69,87.4
produce,6,10.24,10,9.22,89.3
produce,7,13.93,0,13.93,70.0
produce,0,5.02,30,3.51,253.4
produce,0,4.29,50,2.15,521.7
produce,3,3.92,30,2.74,228.0
produce,2,3.03,10,2.73,88.5
produce,3,9.05,0,9.05,38.7
produce,6,11.02,10,9.92,50.8
produce,5,14.38,30,10.07,164.5
produce,1,12.54,50,6.27,526.2
produce,3,3.39,40,2.04,230.2
produce,7,14.84,0,14.84,62.8
produce,3,5.14,50,2.57,334.3
produce,1,3.09,0,3.09,84.4
produce,6,3.56,0,3.56,49.6
produce,6,5.1,0,5.1,63.1
produce,7,10.56,40,6.33,175.7
produce,7,10.44,0,10.44,58.5
produce,1,6.89,0,6.89,71.8
produce,6,8.1,0,8.1,62.8
produce,7,5.93,0,5.93,69.6
produce,2,4.56,40,2.74,209.9
produce,5,2.47,50,1.24,229.2
produce,7,5.94,0,5.94,74.2
produce,3,14.55,30,10.18,102.2
produce,3,9.49,20,7.59,132.0
produce,7,8.33,0,8.33,63.1
produce,0,9.86,40,5.92,344.2
produce,6,14.3,50,7.15,287.9
produce,3,3.46,0,3.46,49.7
produce,0,8.8,0,8.8,68.3
produce,1,5.72,30,4.0,160.5
produce,5,2.34,0,2.34,68.2
produce,4,3.18,0,3.18,62.5
produce,7,2.7,20,2.16,133.9
produce,5,13.15,0,13.15,53.3
produce,5,13.04,0,13.04,62.0
produce,2,12.53,40,7.52,226.9
produce,2,7.32,0,7.32,66.1
produce,1,3.88,0,3.88,76.2
produce,2,5.71,20,4.57,92.4
produce,4,13.41,0,13.41,54.6
produce,5,7.39,0,7.39,69.6
produce,4,6.03,20,4.82,93.6
produce,1,8.32,40,4.99,296.2
produce,4,2.99,0,2.99,80.7
produce,2,5.78,0,5.78,63.6
produce,0,2.17,20,1.74,83.2
produce,0,9.96,50,4.98,277.8
produce,3,4.9,50,2.45,375.8
produce,3,9.03,40,5.42,271.5
produce,2,5.62,0,5.62,73.1
produce,4,4.31,0,4.31,56.2
produce,0,6.86,0,6.86,67.3
produce,7,4.78,20,3.83,105.1
produce,0,9.68,0,9.68,86.1
produce,5,5.24,0,5.24,53.0
produce,0,13.45,10,12.11,81.6
produce,3,13.64,0,13.64,89.0
produce,5,2.06,20,1.65,137.9
produce,3,13.23,50,6.61,311.2
produce,1,4.76,20,3.81,108.9
produce,2,2.96,0,2.96,158.5
produce,6,2.0,10,1.8,36.6
produce,0,7.15,20,5.72,138.4
produce,3,14.03,30,9.82,137.2
produce,6,12.28,20,9.82,86.4
produce,5,3.3,10,2.97,118.8
produce,4,2.63,0,2.63,41.9
produce,6,3.71,50,1.86,295.5
produce,1,11.42,40,6.85,345.5
produce,2,10.84,0,10.84,97.2
produce,3,8.04,30,5.63,210.0
produce,4,8.36,0,8.36,61.1
produce,1,13.25,30,9.27,172.4
produce,7,9.57,20,7.65,83.9
produce,0,14.95,20,11.96,163.0
produce,3,14.08,0,14.08,68.6
produce,3,2.46,50,1.23,349.8
produce,2,11.75,50,5.88,264.5
produce,0,9.74,30,6.81,224.5
produce,4,12.18,20,9.74,94.4
produce,5,12.75,50,6.37,333.1
produce,4,14.47,20,11.58,101.9
produce,6,7.69,20,6.15,58.8
produce,4,14.77,20,11.82,102.2
produce,0,10.76,10,9.69,103.8
produce,1,7.02,40,4.21,188.2
produce,4,11.03,20,8.82,97.6
produce,6,12.54,0,12.54,79.5
produce,7,7.83,0,7.83,50.6
produce,1,5.48,10,4.93,120.0
produce,5,2.88,0,2.88,68.4
produce,1,13.15,0,13.15,85.8
produce,4,7.16,30,5.01,164.3
produce,0,6.2,10,5.58,110.0
produce,1,12.21,50,6.11,664.1
produce,2,9.51,30,6.66,166.5
produce,5,4.48,0,4.48,96.7
produce,4,12.43,50,6.22,198.5
produce,4,12.17,40,7.3,207.5
produce,6,6.05,10,5.45,77.7
produce,7,11.06,40,6.64,200.9
produce,3,4.22,20,3.38,68.7
produce,3,6.19,10,5.57,59.7
produce,3,9.69,0,9.69,58.6
produce,0,9.04,0,9.04,95.0
produce,7,7.75,0,7.75,40.0
produce,5,12.36,0,12.36,55.7
produce,1,6.13,0,6.13,52.1
produce,6,10.75,0,10.75,64.6
produce,6,7.12,30,4.98,159.0
produce,1,2.94,0,2.94,83.1
produce,0,3.41,0,3.41,91.1
produce,1,11.5,10,10.35,100.6
produce,4,6.4,30,4.48,184.2
produce,4,12.19,10,10.97,47.4
produce,0,5.43,20,4.34,135.2
produce,2,8.7,0,8.7,90.5
produce,0,10.37,10,9.34,110.2
produce,4,11.52,30,8.07,92.6
produce,0,13.21,40,7.93,246.1
produce,2,6.06,10,5.45,96.3
produce,1,2.78,50,1.39,271.4
produce,1,8.37,30,5.86,227.4
produce,2,8.64,0,8.64,80.3
produce,2,13.87,0,13.87,73.6
produce,2,8.11,0,8.11,89.8
produce,3,6.71,20,5.37,92.7
produce,5,10.11,40,6.06,200.7
produce,5,12.85,0,12.85,50.0
produce,0,10.31,20,8.25,138.9
produce,4,14.72,50,7.36,243.9
produce,2,8.85,0,8.85,81.4
produce,1,8.29,50,4.15,291.3
produce,4,8.1,0,8.1,74.6
produce,7,5.87,0,5.87,70.1
produce,6,11.56,0,11.56,76.8
produce,2,4.86,30,3.4,163.8
produce,4,3.26,30,2.28,90.0
produce,4,13.07,40,7.84,169.9
produce,4,4.55,10,4.09,89.1
produce,6,8.13,20,6.5,80.1
produce,7,11.38,0,11.38,46.9
produce,3,12.21,20,9.76,104.6
produce,5,5.67,10,5.1,70.6
produce,5,12.42,30,8.69,181.4
produce,3,7.62,20,6.09,95.6
produce,7,2.24,0,2.24,42.5
produce,6,8.95,0,8.95,72.8
produce,0,10.7,0,10.7,89.0
produce,7,13.11,30,9.17,167.7
produce,6,13.47,10,12.12,81.6
produce,7,11.96,50,5.98,469.1
produce,7,10.22,0,10.22,75.5
produce,0,10.4,10,9.36,95.4
produce,6,2.43,20,1.94,66.3
produce,1,13.08,0,13.08,62.2
produce,2,6.22,10,5.6,104.9
produce,0,5.46,0,5.46,66.4
produce,7,4.58,20,3.67,86.7
produce,2,5.17,10,4.65,146.1
produce,3,6.96,10,6.26,72.0
produce,1,2.91,10,2.62,87.9
produce,3,6.41,30,4.49,184.4
produce,4,2.73,20,2.18,96.9
produce,3,12.28,0,12.28,63.8
produce,6,13.37,0,13.37,59.7
produce,7,3.29,30,2.3,101.7
produce,6,3.51,10,3.16,116.2
produce,4,8.53,0,8.53,53.3
produce,3,12.15,0,12.15,61.3
produce,0,9.07,0,9.07,97.5
produce,0,3.09,30,2.16,247.9
produce,5,13.85,40,8.31,224.4
produce,3,3.8,0,3.8,71.7
produce,4,2.88,10,2.59,107.9
produce,5,8.24,20,6.59,89.4
produce,5,6.68,0,6.68,69.3
produce,3,12.32,30,8.62,149.4
produce,7,10.68,0,10.68,51.6
produce,7,10.24,20,8.19,164.1
produce,4,2.18,30,1.52,130.0
produce,1,13.76,40,8.26,334.8
produce,6,2.49,20,1.99,97.7
produce,3,9.98,10,8.98,84.0
produce,4,13.92,0,13.92,45.9
produce,7,3.66,10,3.29,67.8
produce,5,13.81,30,9.66,120.3
produce,3,4.7,10,4.23,81.6
produce,2,5.88,40,3.53,246.3
produce,4,3.39,20,2.72,63.7
produce,0,8.87,0,8.87,80.1
produce,0,2.72,0,2.72,80.3
produce,0,14.73,10,13.26,115.2
produce,0,8.36,0,8.36,51.0
produce,5,11.23,40,6.74,195.6
produce,5,4.99,30,3.49,129.6
produce,4,4.95,20,3.96,96.1
produce,4,4.84,40,2.9,190.3
produce,4,10.42,20,8.33,89.1
produce,5,9.18,20,7.35,130.5
produce,6,3.9,0,3.9,64.2
produce,1,8.18,30,5.73,134.9
produce,3,9.01,0,9.01,60.5
produce,3,7.46,40,4.48,251.2
produce,1,2.98,0,2.98,92.3
produce,6,4.83,0,4.83,58.9
produce,6,9.92,40,5.95,179.3
produce,0,13.35,0,13.35,77.2
produce,7,8.66,30,6.06,146.6
produce,1,7.03,20,5.63,95.3
produce,4,2.83,0,2.83,54.6
produce,0,3.19,30,2.23,162.8
produce,1,14.91,30,10.44,190.4
produce,7,14.13,30,9.89,127.7
produce,4,8.37,0,8.37,48.1
produce,5,13.41,0,13.41,58.7
produce,5,2.16,20,1.73,84.2
produce,5,2.2,40,1.32,138.4
produce,4,3.84,0,3.84,35.3
produce,6,5.31,0,5.31,69.1
produce,7,6.37,30,4.46,121.5
produce,5,2.57,10,2.31,56.2
produce,6,10.34,20,8.28,112.4
produce,2,13.64,0,13.64,56.0
produce,7,12.73,0,12.73,90.2
produce,5,6.05,0,6.05,55.2
produce,7,3.05,0,3.05,75.9
produce,2,9.74,0,9.74,70.3
produce,7,12.36,30,8.65,108.6
produce,1,12.33,50,6.16,346.4
produce,7,4.68,50,2.34,358.3
produce,3,6.08,20,4.86,89.3
produce,0,4.3,0,4.3,78.4
produce,6,6.96,40,4.17,199.0
produce,3,4.22,0,4.22,82.7
produce,6,6.71,20,5.37,89.0
produce,7,3.32,0,3.32,45.8
produce,6,5.01,10,4.51,66.7
produce,2,11.24,10,10.12,69.4
produce,0,5.15,10,4.63,74.8
produce,0,10.49,0,10.49,79.6
produce,7,13.88,30,9.72,101.5
produce,1,12.05,20,9.64,130.5
produce,4,2.98,40,1.79,227.8
produce,3,3.04,20,2.44,104.4
produce,5,14.2,0,14.2,59.3
produce,6,3.51,20,2.81,133.5
produce,2,3.83,40,2.3,155.8
produce,6,12.75,20,10.2,86.4
produce,3,13.86,0,13.86,70.0
produce,1,2.45,20,1.96,101.2
produce,4,11.98,50,5.99,428.4
produce,0,7.1,50,3.55,327.5
produce,0,12.52,40,7.51,307.8
produce,5,13.16,50,6.58,201.6
produce,1,13.94,0,13.94,84.2
produce,7,7.84,50,3.92,249.5
produce,6,5.34,10,4.81,77.2
produce,6,7.72,40,4.63,173.2
produce,6,12.76,30,8.93,190.8
produce,3,4.59,0,4.59,45.6
produce,0,4.35,0,4.35,92.9
produce,7,5.91,50,2.95,464.2
produce,6,7.69,0,7.69,62.3
produce,7,7.69,10,6.92,75.9
produce,5,12.21,0,12.21,81.1
produce,2,2.32,0,2.32,84.1
produce,3,13.71,40,8.23,258.7
produce,4,8.42,0,8.42,58.0
produce,5,2.7,40,1.62,228.3
produce,1,11.19,10,10.07,82.4
produce,0,2.96,50,1.48,284.3
produce,6,4.72,0,4.72,91.8
produce,6,11.02,30,7.72,135.2
produce,5,7.39,40,4.43,212.6
produce,7,14.5,0,14.5,53.9
produce,6,3.2,0,3.2,61.5
produce,0,9.98,10,8.98,111.3
produce,0,6.16,20,4.93,89.8
produce,0,11.17,0,11.17,81.1
produce,0,11.12,30,7.79,166.5
produce,4,11.52,0,11.52,80.0
produce,3,2.83,0,2.83,45.6
produce,2,3.61,20,2.89,78.6
produce,7,4.91,10,4.42,61.4
produce,6,6.51,30,4.56,100.5
produce,4,13.79,30,9.65,99.5
produce,5,14.76,10,13.29,93.7
produce,4,7.1,50,3.55,344.3
produce,5,4.8,40,2.88,132.3
produce,4,14.87,20,11.9,83.2
produce,0,13.78,10,12.4,121.9
produce,7,5.26,40,3.15,166.5
produce,4,11.03,20,8.82,108.2
produce,3,8.68,10,7.81,71.7
produce,2,3.1,0,3.1,92.1
produce,0,12.2,50,6.1,339.1
produce,1,3.57,20,2.86,150.6
produce,3,5.71,10,5.14,111.5
produce,3,14.19,0,14.19,41.8
produce,7,12.97,30,9.08,84.2
produce,1,2.39,0,2.39,109.7
produce,1,11.44,0,11.44,63.5
produce,4,5.49,10,4.94,79.3
produce,3,7.05,30,4.94,108.3
produce,1,4.73,20,3.78,136.1
produce,5,2.82,0,2.82,91.6
produce,4,9.1,0,9.1,49.2
produce,1,2.77,10,2.49,82.9
produce,6,11.39,0,11.39,47.6
produce,7,10.04,0,10.04,56.9
produce,4,8.49,0,8.49,57.2
produce,7,9.25,30,6.48,128.9
produce,5,9.6,30,6.72,119.1
produce,6,6.86,40,4.11,149.8
produce,5,11.35,30,7.94,125.9
produce,4,12.23,40,7.34,458.7
produce,6,11.3,40,6.78,140.6
produce,3,3.51,10,3.16,66.9
produce,2,5.44,0,5.44,71.7
produce,3,10.28,40,6.17,281.7
produce,1,8.93,0,8.93,54.6
produce,2,10.4,20,8.32,106.0
produce,7,5.22,50,2.61,224.9
produce,3,14.05,20,11.24,190.2
produce,7,2.29,0,2.29,33.9
produce,3,13.61,0,13.61,111.1
produce,0,5.29,30,3.7,191.3
produce,5,10.12,30,7.09,108.5
produce,6,10.67,30,7.47,117.0
produce,7,7.84,40,4.7,247.8
produce,0,7.94,20,6.36,126.0
produce,5,12.47,0,12.47,49.0
produce,0,11.5,20,9.2,195.8
produce,3,7.61,30,5.33,141.5
produce,0,2.5,10,2.25,139.7
produce,0,6.31,0,6.31,101.4
produce,4,8.16,0,8.16,76.3
produce,4,10.52,40,6.31,206.7
produce,0,8.52,40,5.11,237.9
produce,7,14.44,0,14.44,62.4
produce,3,9.41,0,9.41,95.5
produce,1,14.53,0,14.53,86.0
produce,0,7.74,0,7.74,83.9
produce,6,3.9,20,3.12,118.2
produce,1,4.89,40,2.93,216.0
produce,7,5.28,30,3.69,154.1
produce,2,14.16,40,8.49,284.2
produce,5,6.51,10,5.86,71.8
produce,1,13.12,0,13.12,55.5
produce,4,7.79,40,4.67,172.1
produce,0,4.86,50,2.43,371.6
produce,4,11.91,30,8.33,143.2
produce,1,8.31,20,6.65,98.3
produce,1,3.58,0,3.58,64.9
produce,1,10.54,10,9.48,90.7
produce,0,7.31,30,5.12,126.2
produce,1,5.08,20,4.07,170.9
produce,1,14.52,10,13.06,103.7
produce,0,2.98,0,2.98,75.5
produce,6,7.07,50,3.54,191.6
produce,4,10.9,30,7.63,119.2
produce,6,10.37,30,7.26,178.9
produce,6,14.94,30,10.46,143.7
produce,5,13.76,0,13.76,69.1
produce,0,4.37,0,4.37,80.6
produce,1,12.61,10,11.35,98.0
produce,6,7.94,10,7.15,49.2
produce,4,6.86,40,4.11,298.2
produce,6,12.94,0,12.94,71.0
produce,4,7.22,0,7.22,54.8
produce,0,9.1,0,9.1,73.6
produce,2,7.02,10,6.32,82.9
produce,0,11.4,10,10.26,104.4
produce,6,10.48,30,7.33,133.4
produce,6,3.98,20,3.18,108.6
produce,4,5.5,10,4.95,75.8
produce,4,10.6,0,10.6,57.4
produce,3,8.86,0,8.86,80.9
produce,1,14.08,0,14.08,91.0
produce,3,6.2,0,6.2,48.4
produce,5,7.15,0,7.15,65.1
produce,2,4.05,50,2.03,389.4
produce,1,5.11,40,3.06,249.4
produce,4,4.86,10,4.38,73.7
produce,2,2.48,20,1.99,124.8
produce,2,2.84,20,2.27,127.6
produce,3,12.8,50,6.4,255.2
produce,7,10.25,20,8.2,155.6
produce,0,14.82,10,13.34,122.3
produce,4,3.55,40,2.13,148.5
produce,0,8.18,10,7.36,108.4
produce,6,11.56,0,11.56,76.3
produce,2,7.06,30,4.94,262.3
produce,7,8.15,0,8.15,82.3
produce,7,3.03,10,2.73,82.2
produce,4,14.65,50,7.33,298.3
produce,0,3.47,40,2.08,326.5
produce,1,11.26,0,11.26,115.2
produce,1,6.55,40,3.93,147.9
produce,7,8.47,20,6.77,89.0
produce,6,4.19,30,2.93,155.8
produce,7,12.98,20,10.38,117.1
produce,4,6.19,20,4.96,132.4
produce,3,2.71,0,2.71,53.3
produce,2,12.68,10,11.41,125.3
produce,3,2.13,20,1.7,114.1
produce,0,14.49,0,14.49,174.1
produce,0,11.05,50,5.53,479.3
produce,6,4.77,40,2.86,190.8
produce,1,9.77,30,6.84,307.2
produce,6,14.48,0,14.48,84.5
produce,4,12.87,10,11.58,102.1
produce,5,12.35,20,9.88,111.2
produce,5,10.07,20,8.06,99.2
produce,6,6.08,0,6.08,54.9
produce,7,11.73,0,11.73,49.4
produce,6,2.72,0,2.72,64.4
produce,3,13.77,40,8.26,360.9
produce,1,10.18,10,9.16,110.6
produce,6,8.05,30,5.64,168.2
produce,3,13.85,0,13.85,77.7
produce,4,6.98,30,4.89,198.7
produce,3,7.75,0,7.75,57.9
produce,1,6.43,0,6.43,69.7
produce,1,11.36,0,11.36,74.2
produce,7,14.37,0,14.37,35.9
produce,3,6.2,30,4.34,157.0
produce,4,13.91,10,12.52,117.5
produce,1,3.77,30,2.64,139.3
produce,0,10.08,0,10.08,98.7
produce,6,13.75,20,11.0,84.9
produce,4,3.59,10,3.23,81.9
produce,5,2.5,20,2.0,78.3
produce,0,10.06,10,9.05,113.0
produce,2,2.8,0,2.8,77.1
produce,6,4.06,0,4.06,63.9
produce,7,7.56,50,3.78,250.2
produce,5,14.13,30,9.89,162.2
produce,5,4.67,20,3.73,115.4
produce,4,9.24,30,6.47,127.3
produce,0,14.41,50,7.2,419.0
produce,0,9.68,20,7.75,124.4
produce,7,8.24,0,8.24,67.0
produce,7,11.93,0,11.93,56.9
produce,3,3.82,10,3.44,93.1
produce,6,5.0,10,4.5,68.3
produce,6,11.57,50,5.79,313.6
produce,3,10.19,0,10.19,66.5
produce,0,10.31,50,5.15,279.1
produce,3,2.17,10,1.95,81.5
produce,1,9.75,10,8.78,60.8
produce,7,4.1,20,3.28,148.9
produce,2,6.23,50,3.12,406.3
produce,0,7.96,0,7.96,67.9
produce,5,11.8,20,9.44,82.1
produce,7,4.1,20,3.28,82.2
produce,5,6.0,30,4.2,158.1
produce,5,7.43,10,6.69,73.1
produce,7,8.28,20,6.62,69.6
produce,5,6.53,0,6.53,60.2
produce,3,8.96,40,5.37,168.6
produce,4,7.1,30,4.97,127.4
produce,6,9.97,20,7.97,94.1
produce,1,3.39,20,2.72,93.2
produce,0,11.9,10,10.71,75.4
produce,6,11.87,0,11.87,47.4
produce,5,10.33,20,8.27,127.7
produce,6,8.42,30,5.89,126.2
produce,5,12.5,0,12.5,55.0
produce,0,5.32,20,4.26,135.3
produce,7,3.55,30,2.48,129.2
produce,4,13.79,20,11.04,81.6
produce,1,11.18,0,11.18,43.7
produce,0,13.11,0,13.11,90.3
produce,0,4.02,30,2.82,136.7
produce,5,2.85,20,2.28,84.8
produce,6,11.33,0,11.33,44.5
produce,1,7.84,40,4.7,253.3
produce,5,10.01,20,8.01,87.5
produce,2,3.12,0,3.12,92.6
produce,6,14.03,50,7.01,337.0
produce,7,10.73,0,10.73,77.6
produce,3,14.8,20,11.84,124.8
produce,7,6.1,0,6.1,53.1
produce,5,8.73,30,6.11,99.7
produce,3,11.82,30,8.28,121.0
produce,3,6.56,20,5.25,66.8
produce,2,5.87,0,5.87,51.1
produce,1,13.97,0,13.97,60.1
produce,7,11.69,20,9.35,154.4
produce,5,5.48,40,3.29,203.9
produce,4,11.05,30,7.74,163.1
produce,3,12.65,10,11.38,116.0
produce,4,6.44,0,6.44,67.2
produce,2,9.97,40,5.98,191.7
produce,6,8.04,0,8.04,58.8
produce,3,9.55,40,5.73,200.8
produce,3,7.27,50,3.63,288.4
produce,0,13.35,0,13.35,82.1
produce,2,13.82,0,13.82,68.5
produce,7,6.95,0,6.95,54.5
produce,7,11.68,0,11.68,71.6
produce,0,12.41,20,9.93,104.3
produce,3,13.68,0,13.68,76.7
produce,6,2.78,40,1.67,232.6
produce,7,8.42,30,5.9,78.3
produce,4,10.83,30,7.58,145.5
produce,6,7.69,0,7.69,43.5
produce,5,11.54,0,11.54,68.4
produce,2,4.94,0,4.94,90.6
produce,4,5.12,0,5.12,61.3
produce,1,11.07,0,11.07,109.9
produce,5,8.55,0,8.55,58.3
produce,0,5.94,40,3.56,172.0
produce,7,4.13,0,4.13,61.2
produce,1,12.42,30,8.7,136.9
produce,1,2.0,40,1.2,311.5
produce,6,8.98,20,7.19,92.4
produce,4,2.66,20,2.13,89.0
produce,1,11.65,30,8.16,194.1
produce,7,2.98,50,1.49,263.7
produce,4,8.98,30,6.29,183.8
produce,6,9.65,0,9.65,56.8
produce,3,3.99,20,3.19,66.6
produce,1,2.74,30,1.92,98.6
produce,1,2.92,40,1.75,198.8
produce,5,6.18,0,6.18,72.7
produce,4,10.92,20,8.74,84.3
produce,3,4.93,20,3.94,74.9
produce,5,8.53,20,6.82,100.4
produce,4,9.67,0,9.67,56.8
produce,0,8.03,30,5.62,160.0
produce,1,2.51,10,2.26,75.8
produce,4,13.69,20,10.95,83.6
produce,0,14.24,10,12.82,101.8
produce,1,4.19,0,4.19,77.8
produce,5,10.81,20,8.65,72.8
produce,4,12.23,20,9.78,103.9
produce,3,2.12,0,2.12,61.9
produce,4,3.19,20,2.55,70.1
produce,7,10.39,0,10.39,36.9
produce,0,2.29,20,1.83,146.8
produce,3,2.83,10,2.55,77.3
produce,2,4.87,40,2.92,209.9
produce,7,14.81,10,13.33,82.2
produce,2,11.39,0,11.39,56.7
produce,7,8.18,10,7.36,52.0
produce,3,14.53,30,10.17,90.6
produce,1,6.93,0,6.93,84.4
produce,2,6.33,0,6.33,54.6
produce,5,11.34,20,9.07,108.4
produce,4,13.21,0,13.21,51.6
produce,1,14.7,30,10.29,136.8
produce,3,7.97,20,6.38,111.1
produce,7,2.52,20,2.02,83.9
produce,0,5.88,30,4.12,128.8
produce,6,9.95,10,8.96,72.1
produce,6,2.34,30,1.64,146.9
produce,0,8.83,20,7.06,187.5
produce,7,12.97,40,7.78,251.2
produce,7,7.17,30,5.02,142.6
produce,7,9.47,10,8.52,48.7
produce,2,6.58,0,6.58,77.3
produce,4,4.32,30,3.02,124.6
produce,2,14.5,20,11.6,119.4
produce,5,6.86,0,6.86,84.0
produce,6,9.48,10,8.54,71.8
produce,1,10.24,10,9.22,77.7
produce,4,14.93,50,7.47,296.4
produce,1,5.24,0,5.24,95.4
produce,3,6.39,10,5.75,82.5
produce,2,2.05,0,2.05,64.1
produce,2,4.53,0,4.53,126.9
produce,2,13.96,50,6.98,370.2
produce,4,11.6,10,10.44,67.8
produce,3,9.96,50,4.98,224.4
produce,6,5.07,10,4.57,83.9
produce,2,13.46,0,13.46,71.3
produce,4,8.95,40,5.37,284.9
produce,4,6.65,20,5.32,79.8
produce,0,4.77,40,2.86,241.8
produce,5,13.72,0,13.72,73.2
produce,2,8.22,0,8.22,81.6
produce,7,14.5,20,11.6,116.0
produce,3,9.76,40,5.86,209.8
produce,0,5.2,0,5.2,78.4
produce,6,13.1,0,13.1,47.4
produce,0,8.98,10,8.08,124.5
produce,0,8.22,30,5.76,161.3
produce,1,11.82,50,5.91,372.7
produce,7,14.74,30,10.32,133.6
produce,4,7.65,40,4.59,197.6
produce,3,11.54,0,11.54,66.8
produce,5,12.84,50,6.42,423.2
produce,0,6.23,10,5.61,157.3
produce,1,11.95,0,11.95,58.9
produce,4,11.63,10,10.46,68.2
produce,6,6.64,10,5.98,42.2
produce,2,6.04,30,4.23,116.2
produce,6,9.33,20,7.46,124.9
produce,5,5.86,0,5.86,88.4
produce,0,4.99,20,3.99,140.3
produce,3,9.65,50,4.83,367.6
produce,0,10.05,20,8.04,123.3
produce,5,3.78,0,3.78,65.7
produce,7,11.61,20,9.29,112.7
produce,3,10.31,10,9.28,61.0
produce,4,13.6,30,9.52,112.3
produce,4,13.37,10,12.03,71.9
produce,5,6.86,30,4.8,115.4
produce,3,4.97,50,2.49,226.9
produce,4,3.28,0,3.28,54.3
produce,1,9.27,0,9.27,95.4
produce,2,7.11,40,4.27,157.7
produce,1,11.45,20,9.16,169.4
produce,6,5.19,30,3.63,162.9
produce,5,11.48,40,6.89,176.4
produce,2,4.8,20,3.84,97.3
produce,1,5.26,0,5.26,90.7
produce,0,7.25,30,5.08,144.6
produce,2,6.72,0,6.72,88.6
produce,0,3.95,0,3.95,78.9
produce,6,6.66,0,6.66,76.8
produce,2,14.49,0,14.49,54.2
produce,1,3.29,50,1.64,362.6
produce,5,5.2,30,3.64,181.1
produce,6,8.3,0,8.3,69.8
produce,6,6.41,20,5.13,114.2
produce,6,12.86,0,12.86,77.0
produce,7,3.85,30,2.69,226.5
produce,7,11.93,10,10.74,155.5
produce,0,11.07,30,7.75,190.9
produce,0,8.88,40,5.33,191.7
produce,1,6.84,0,6.84,79.0
produce,1,13.86,10,12.48,93.8
produce,1,8.56,10,7.7,101.0
produce,2,13.39,50,6.69,141.7
produce,0,6.4,20,5.12,110.2
produce,5,6.16,0,6.16,82.0
produce,0,6.26,10,5.63,112.8
produce,2,4.96,20,3.97,146.8
produce,5,7.94,20,6.35,125.0
produce,1,3.01,20,2.41,132.4
produce,1,7.43,50,3.72,404.4
produce,7,5.93,0,5.93,64.1
produce,5,8.32,30,5.82,135.9
produce,5,2.18,20,1.75,94.7
produce,3,13.14,10,11.83,67.8
produce,2,4.81,50,2.4,277.3
produce,3,2.56,50,1.28,311.2
produce,3,11.01,30,7.7,110.9
produce,2,13.36,0,13.36,74.2
produce,5,9.48,10,8.53,147.8
produce,3,6.78,20,5.43,125.3
produce,3,12.02,0,12.02,47.6
produce,5,14.01,40,8.41,175.5
produce,1,13.3,20,10.64,221.0
produce,0,12.04,10,10.84,132.4
produce,6,14.51,30,10.16,128.0
produce,5,14.9,40,8.94,187.0
produce,7,12.66,40,7.6,202.5
produce,7,13.81,20,11.04,107.5
produce,6,11.94,40,7.17,237.7
produce,7,11.15,0,11.15,45.3
produce,4,2.22,50,1.11,200.4
produce,7,10.44,30,7.31,87.6
produce,2,8.63,40,5.18,270.4
produce,6,4.03,20,3.23,166.9
produce,2,6.52,0,6.52,79.7
produce,1,11.28,0,11.28,71.8
produce,7,11.86,0,11.86,54.5
produce,6,2.07,40,1.24,161.0
produce,2,10.92,30,7.65,155.4
produce,1,5.41,20,4.33,136.5
produce,4,10.05,0,10.05,55.5
produce,0,9.58,0,9.58,69.8
produce,0,5.65,50,2.83,391.3
produce,1,4.23,20,3.39,138.0
produce,0,9.0,20,7.2,146.3
produce,7,11.79,0,11.79,72.0
produce,6,3.51,0,3.51,71.3
produce,1,12.56,50,6.28,700.2
produce,4,14.73,0,14.73,39.8
produce,2,10.83,50,5.42,288.7
produce,2,6.41,0,6.41,42.3
produce,6,7.09,0,7.09,43.3
produce,3,4.27,20,3.41,77.3
produce,2,2.89,0,2.89,83.4
produce,3,10.25,40,6.15,273.4
produce,2,11.6,40,6.96,200.9
produce,2,14.08,0,14.08,69.0
produce,1,6.15,20,4.92,106.1
produce,2,7.6,0,7.6,67.6
produce,2,9.55,30,6.68,144.4
produce,2,7.31,50,3.65,241.0
produce,7,11.7,0,11.7,56.6
produce,4,13.6,30,9.52,140.1
produce,5,13.45,0,13.45,82.4
produce,5,4.9,30,3.43,113.1
produce,1,14.56,0,14.56,86.9
produce,6,4.1,10,3.69,97.8
produce,3,12.08,50,6.04,415.9
produce,3,7.25,20,5.8,97.3
produce,5,3.06,20,2.45,51.1
produce,6,9.24,30,6.47,100.9
produce,3,4.41,0,4.41,56.4
produce,4,6.87,0,6.87,64.7
produce,3,5.58,30,3.91,195.9
produce,0,2.87,0,2.87,94.6
produce,1,5.06,50,2.53,555.2
produce,0,12.51,0,12.51,61.2
produce,1,3.76,30,2.63,217.4
produce,2,9.02,40,5.41,177.9
produce,0,12.51,50,6.25,395.9
produce,7,7.52,0,7.52,71.2
produce,7,11.49,0,11.49,46.7
produce,6,5.27,40,3.16,204.6
produce,7,6.42,40,3.85,122.6
produce,3,5.72,30,4.01,163.9
produce,3,6.36,0,6.36,103.9
produce,0,9.23,50,4.62,399.3
produce,4,9.58,30,6.71,158.2
produce,5,14.77,0,14.77,60.5
produce,0,4.18,0,4.18,92.4
produce,1,7.63,40,4.58,208.7
produce,3,6.19,50,3.09,237.9
produce,1,2.43,40,1.46,210.4
produce,0,12.44,0,12.44,88.1
produce,5,11.52,20,9.22,121.4
produce,7,6.19,30,4.33,114.6
produce,3,4.07,0,4.07,58.5
produce,1,10.63,0,10.63,57.7
produce,0,3.43,20,2.74,110.4
produce,5,14.36,10,12.93,67.3
produce,1,11.1,20,8.88,244.7
produce,7,13.72,30,9.6,130.6
produce,3,14.32,0,14.32,54.6
produce,2,3.1,10,2.79,125.5
produce,1,5.87,0,5.87,54.2
produce,2,5.88,20,4.7,103.6
produce,2,2.91,0,2.91,88.9
produce,4,3.48,0,3.48,72.9
produce,4,13.32,30,9.33,113.3
produce,7,9.27,30,6.49,109.0
produce,3,4.29,0,4.29,73.7
produce,5,10.2,0,10.2,59.5
produce,6,14.39,40,8.63,181.3
produce,3,12.15,20,9.72,117.9
produce,3,13.0,0,13.0,94.4
produce,3,9.26,0,9.26,41.8
produce,6,5.97,30,4.18,130.1
produce,3,2.42,0,2.42,67.4
produce,3,9.68,50,4.84,293.0
produce,0,5.58,0,5.58,138.3
produce,7,9.75,50,4.88,324.1
produce,6,14.27,10,12.84,42.4
produce,0,8.63,0,8.63,77.6
produce,3,7.61,20,6.09,97.7
produce,2,7.66,0,7.66,71.8
produce,1,10.24,0,10.24,85.4
produce,4,5.38,20,4.3,113.9
produce,0,13.26,20,10.61,124.9
produce,1,14.31,0,14.31,65.5
produce,2,6.8,10,6.12,109.6
produce,2,3.08,30,2.16,107.2
produce,7,4.51,20,3.61,122.1
produce,1,8.48,50,4.24,428.1
produce,7,3.73,20,2.98,116.4
produce,0,5.51,0,5.51,43.1
produce,1,2.26,30,1.58,75.8
produce,5,14.08,40,8.45,172.1
produce,1,5.31,40,3.18,236.6
produce,1,6.91,0,6.91,98.2
produce,0,6.54,0,6.54,67.4
produce,4,11.66,0,11.66,65.6
produce,7,7.02,20,5.61,197.0
produce,4,12.84,0,12.84,46.4
produce,6,2.62,0,2.62,42.3
produce,3,14.58,10,13.12,88.3
produce,6,12.34,0,12.34,58.0
produce,6,10.15,0,10.15,38.1
produce,4,14.76,20,11.81,83.3
produce,5,4.6,30,3.22,106.5
produce,7,2.07,50,1.03,182.7
produce,0,11.4,50,5.7,288.7
produce,1,4.71,40,2.83,192.6
produce,1,4.1,0,4.1,70.0
produce,0,14.02,10,12.61,104.0
produce,6,7.26,40,4.36,165.0
produce,0,11.52,0,11.52,78.1
produce,3,3.98,10,3.58,75.4
produce,1,7.25,10,6.53,85.5
produce,0,8.72,40,5.23,230.8
produce,5,4.26,0,4.26,82.3
produce,0,11.33,10,10.2,96.3
produce,1,6.15,0,6.15,84.8
produce,3,9.86,20,7.89,83.4
produce,6,8.01,40,4.8,296.5
produce,3,7.56,40,4.53,199.3
produce,6,6.22,0,6.22,57.3
produce,2,8.32,0,8.32,83.8
produce,5,7.24,0,7.24,79.3
produce,7,6.42,40,3.85,255.4
produce,4,10.57,30,7.4,93.3
produce,0,8.02,0,8.02,100.2
produce,0,12.75,20,10.2,117.0
produce,6,2.75,0,2.75,66.1
produce,2,7.61,10,6.85,99.9
produce,1,6.19,10,5.57,88.7
produce,7,12.97,20,10.37,66.2
produce,0,13.3,0,13.3,80.4
produce,4,13.1,10,11.79,118.8
produce,6,11.55,20,9.24,124.2
produce,1,7.16,10,6.45,106.5
produce,5,14.09,30,9.87,94.1
produce,6,6.14,20,4.92,119.9
produce,0,8.34,30,5.84,289.3
produce,3,6.06,30,4.24,130.8
produce,2,2.16,10,1.94,102.6
produce,5,13.46,30,9.42,89.1
produce,1,6.2,40,3.72,264.9
produce,5,11.86,10,10.67,97.1
produce,7,5.57,0,5.57,51.2
produce,1,11.08,0,11.08,42.2
produce,0,4.26,0,4.26,98.0
produce,3,2.65,0,2.65,120.6
produce,1,3.18,20,2.55,140.2
produce,6,12.75,0,12.75,84.4
produce,1,5.11,0,5.11,54.9
produce,1,4.37,0,4.37,84.0
produce,7,3.79,20,3.03,61.6
produce,0,5.86,0,5.86,111.1
produce,0,13.01,20,10.41,147.1
produce,6,10.64,10,9.58,69.7
produce,5,14.74,30,10.32,114.6
produce,7,14.97,0,14.97,66.5
produce,6,6.8,50,3.4,275.4
produce,3,8.49,50,4.25,302.6
produce,6,5.8,30,4.06,153.3
produce,5,11.77,10,10.6,94.3
produce,0,7.14,0,7.14,96.2
produce,5,12.11,0,12.11,80.6
produce,5,3.49,0,3.49,49.4
produce,7,14.98,50,7.49,170.5
produce,7,11.68,0,11.68,54.7
produce,0,7.89,40,4.73,250.5
produce,6,12.65,0,12.65,57.5
produce,4,5.97,40,3.58,173.1
produce,6,11.23,0,11.23,59.5
produce,1,8.79,30,6.15,158.1
produce,2,4.7,0,4.7,59.8
produce,5,11.97,20,9.58,84.6
produce,0,5.46,50,2.73,300.2
produce,0,13.33,30,9.33,272.2
produce,1,9.6,20,7.68,152.5
produce,7,8.35,0,8.35,58.0
produce,7,13.39,0,13.39,66.4
produce,5,9.85,10,8.87,98.8
produce,2,3.99,20,3.19,94.2
produce,5,8.73,30,6.11,103.0
produce,4,12.83,10,11.55,56.3
produce,3,2.97,10,2.67,59.9
produce,3,11.72,40,7.03,167.0
produce,7,10.61,0,10.61,108.9
produce,3,6.59,50,3.3,200.0
produce,6,7.62,40,4.57,197.9
produce,7,9.5,10,8.55,92.7
produce,5,9.68,20,7.74,61.2
produce,0,12.9,30,9.03,159.0
produce,7,13.55,40,8.13,214.0
produce,7,3.36,0,3.36,62.3
produce,5,12.95,50,6.48,197.5
produce,4,7.55,20,6.04,73.3
produce,6,8.63,30,6.04,113.0
produce,2,8.74,20,7.0,103.2
produce,3,11.13,20,8.91,120.2
produce,7,11.88,0,11.88,38.1
produce,5,4.15,0,4.15,48.5
produce,6,11.56,10,10.41,70.1
produce,0,11.59,0,11.59,73.4
produce,0,3.26,10,2.93,82.6
produce,2,3.26,40,1.96,153.2
produce,1,2.42,30,1.69,158.4
produce,4,8.79,50,4.39,424.1
produce,7,7.06,40,4.24,153.5
produce,7,6.37,40,3.82,182.8
produce,6,2.65,20,2.12,152.6
produce,7,4.1,0,4.1,60.2
produce,3,8.53,50,4.27,305.1
produce,3,8.61,10,7.75,97.2
produce,2,5.87,0,5.87,103.2
produce,5,3.93,10,3.54,84.7
produce,4,9.15,0,9.15,36.7
produce,4,10.47,10,9.42,77.6
produce,1,6.0,0,6.0,80.1
produce,3,7.52,50,3.76,491.3
produce,0,3.25,0,3.25,90.1
produce,6,8.72,20,6.98,84.3
produce,2,7.29,0,7.29,60.7
produce,4,12.08,50,6.04,327.3
produce,2,4.9,0,4.9,93.4
produce,2,4.69,10,4.22,71.3
produce,1,14.25,10,12.82,89.2
produce,7,3.72,30,2.61,190.2
produce,0,11.84,50,5.92,484.1
produce,3,5.02,20,4.02,107.7
produce,5,7.24,20,5.8,93.4
produce,7,3.21,0,3.21,72.4
produce,7,14.59,0,14.59,43.6
produce,4,14.7,20,11.76,95.1
produce,5,6.2,30,4.34,135.3
produce,6,11.75,10,10.57,61.5
produce,2,11.4,50,5.7,219.4
produce,6,6.22,30,4.35,163.4
produce,7,8.76,50,4.38,335.6
produce,5,3.65,30,2.55,214.6
produce,3,14.91,0,14.91,61.2
produce,3,14.17,20,11.34,104.5
produce,0,5.04,50,2.52,327.5
produce,2,13.5,0,13.5,75.9
produce,7,5.39,0,5.39,62.5
produce,4,12.53,0,12.53,79.9
produce,1,3.6,20,2.88,159.2
produce,4,8.58,50,4.29,296.7
produce,4,3.33,0,3.33,63.8
produce,6,2.54,10,2.28,54.5
produce,0,10.13,50,5.06,368.0
produce,4,12.89,10,11.6,55.8
produce,7,8.55,10,7.69,78.2
produce,0,5.32,10,4.79,89.4
produce,0,14.16,30,9.91,178.1
produce,3,12.63,50,6.31,255.7
produce,6,9.83,20,7.86,71.2
produce,6,11.48,30,8.03,123.1
produce,0,6.97,40,4.18,276.6
produce,7,7.38,50,3.69,412.3
produce,5,12.71,30,8.89,96.5
produce,4,9.87,40,5.92,210.3
produce,7,8.21,0,8.21,44.5
produce,5,4.15,30,2.91,95.1
produce,4,7.75,40,4.65,150.7
produce,0,5.23,50,2.62,270.8
produce,4,5.57,30,3.9,83.1
produce,7,12.0,30,8.4,133.8
produce,0,4.24,40,2.54,188.5
produce,1,2.81,40,1.69,248.7
produce,7,14.12,0,14.12,48.7
produce,2,13.69,0,13.69,62.2
produce,7,10.86,20,8.69,63.5
produce,1,8.81,0,8.81,61.1
produce,1,4.12,30,2.88,136.4
produce,3,9.93,0,9.93,48.1
produce,1,2.99,20,2.39,115.7
produce,0,13.31,40,7.98,324.0
produce,5,9.38,50,4.69,308.0
produce,5,13.51,0,13.51,74.1
produce,6,11.85,0,11.85,69.3
produce,1,10.14,0,10.14,92.2
produce,7,12.62,40,7.57,208.4
produce,1,14.55,0,14.55,108.3
produce,0,8.75,40,5.25,271.6
produce,0,14.22,0,14.22,88.2
produce,1,6.67,30,4.67,178.3
produce,5,14.83,0,14.83,93.5
produce,1,11.4,10,10.26,142.9
produce,1,4.95,50,2.47,316.3
produce,7,14.05,10,12.65,62.9
produce,2,3.04,40,1.82,228.7
produce,0,8.9,40,5.34,390.4
produce,4,9.01,20,7.21,97.0
produce,2,14.23,0,14.23,50.4
produce,3,6.88,30,4.82,143.5
produce,2,3.6,10,3.24,118.9
produce,7,7.08,0,7.08,76.5
produce,5,12.94,10,11.64,69.2
produce,0,4.74,50,2.37,267.0
produce,0,11.83,0,11.83,57.3
produce,2,6.2,20,4.96,106.4
produce,3,4.63,40,2.78,257.6
produce,0,3.84,10,3.46,97.1
produce,6,12.48,0,12.48,65.7
produce,2,8.52,0,8.52,44.1
produce,0,8.79,0,8.79,96.7
produce,5,9.86,10,8.87,70.2
produce,4,9.24,0,9.24,78.2
produce,3,6.66,0,6.66,60.3
produce,6,4.24,20,3.39,111.5
produce,3,3.93,0,3.93,41.6
produce,2,12.04,40,7.22,279.2
produce,1,12.61,40,7.56,267.6
produce,5,2.56,10,2.3,66.8
produce,1,13.02,10,11.72,119.6
produce,2,6.69,20,5.35,89.2
produce,3,12.35,0,12.35,85.7
produce,5,10.12,0,10.12,75.4
produce,0,12.53,30,8.77,246.2
produce,7,10.97,0,10.97,76.8
produce,6,7.94,20,6.35,49.2
produce,1,13.01,0,13.01,106.6
produce,6,4.87,40,2.92,199.4
produce,3,6.91,20,5.53,66.2
produce,2,5.92,50,2.96,249.6
produce,6,8.2,30,5.74,161.1
produce,1,6.7,0,6.7,68.5
produce,5,4.67,10,4.2,92.8
produce,5,4.28,0,4.28,60.8
produce,3,14.01,30,9.8,100.4
produce,2,9.88,0,9.88,57.5
produce,2,2.8,40,1.68,247.4
produce,5,2.8,20,2.24,76.2
produce,7,7.8,50,3.9,371.2
produce,2,7.31,0,7.31,70.7
produce,6,10.2,30,7.14,116.9
produce,0,8.92,0,8.92,113.3
produce,4,7.05,0,7.05,63.1
produce,5,14.76,50,7.38,279.6
produce,1,5.99,0,5.99,88.6
produce,6,11.58,50,5.79,496.6
produce,5,10.78,20,8.63,193.7
produce,1,3.18,10,2.86,84.4
produce,4,9.9,10,8.91,80.2
produce,7,8.73,0,8.73,61.7
produce,2,11.5,30,8.05,146.9
produce,7,5.91,40,3.55,134.1
produce,1,10.16,10,9.15,61.9
produce,2,9.24,40,5.54,163.4
produce,5,5.9,30,4.13,108.9
produce,0,7.96,50,3.98,406.0
produce,3,3.82,30,2.68,177.6
produce,3,9.82,50,4.91,281.9
produce,3,2.44,50,1.22,369.9
produce,0,6.4,0,6.4,70.6
produce,4,4.25,40,2.55,162.2
produce,4,4.06,20,3.25,128.8
produce,2,10.04,0,10.04,89.1
produce,7,6.79,30,4.76,114.9
produce,2,12.35,10,11.11,99.9
produce,4,14.3,30,10.01,186.6
produce,2,2.12,30,1.48,128.8
produce,6,3.4,0,3.4,56.6
produce,5,8.84,30,6.19,173.4
produce,7,4.76,20,3.8,99.1
produce,6,3.56,20,2.85,81.4
produce,6,9.6,0,9.6,55.8
produce,3,9.5,40,5.7,225.4
produce,6,3.8,10,3.42,50.0
produce,4,13.13,50,6.57,181.2
produce,0,13.4,30,9.38,189.1
produce,3,7.78,20,6.22,90.0
produce,4,7.64,10,6.88,52.7
produce,6,10.96,0,10.96,68.6
produce,1,5.11,40,3.07,187.6
produce,7,6.7,10,6.03,61.5
produce,2,3.68,40,2.21,234.6
produce,1,11.56,0,11.56,150.5
produce,7,11.95,0,11.95,42.2
produce,4,6.72,10,6.05,61.5
produce,1,2.85,50,1.42,314.1
produce,6,7.16,0,7.16,77.9
produce,5,8.01,0,8.01,80.9
produce,3,2.12,20,1.69,172.6
produce,6,8.44,40,5.06,128.8
produce,0,13.81,40,8.29,339.5
produce,1,11.19,20,8.95,150.4
produce,0,6.04,0,6.04,76.8
produce,0,8.76,20,7.01,133.5
produce,0,12.46,0,12.46,59.7
produce,4,8.69,0,8.69,89.8
produce,5,13.74,20,10.99,120.7
produce,2,11.42,30,8.0,139.3
produce,5,14.61,20,11.68,152.5
produce,7,2.94,40,1.76,400.5
produce,0,3.98,0,3.98,56.2
produce,2,6.65,0,6.65,61.2
produce,3,14.1,20,11.28,112.6
produce,2,14.96,20,11.96,189.3
produce,1,3.78,20,3.02,134.9
produce,0,13.37,30,9.36,190.4
produce,5,4.41,50,2.2,247.9
produce,0,10.75,20,8.6,90.5
produce,0,14.99,30,10.5,136.9
produce,4,11.28,30,7.89,180.3
produce,7,2.17,0,2.17,59.7
produce,6,2.81,30,1.97,92.1
produce,7,2.94,0,2.94,76.8
produce,0,4.3,20,3.44,138.0
produce,6,8.58,50,4.29,262.5
produce,5,2.16,0,2.16,69.2
produce,0,6.84,0,6.84,49.2
produce,5,14.55,20,11.64,101.2
produce,0,8.34,0,8.34,92.4
produce,7,6.86,30,4.8,173.0
produce,0,11.63,30,8.14,230.7
produce,2,6.79,0,6.79,125.7
produce,2,6.35,0,6.35,81.1
produce,1,8.11,0,8.11,45.2
produce,3,12.91,50,6.46,333.2
produce,3,14.8,30,10.36,210.9
produce,0,8.1,50,4.05,518.7
produce,6,7.09,0,7.09,84.7
produce,2,13.83,50,6.91,321.4
produce,2,9.75,30,6.82,108.6
produce,7,11.71,0,11.71,53.3
produce,3,7.25,20,5.8,73.3
produce,5,5.65,0,5.65,74.0
produce,6,14.83,0,14.83,56.2
produce,7,3.11,0,3.11,66.5
produce,5,7.07,0,7.07,54.4
produce,0,2.05,20,1.64,145.6
produce,1,9.27,30,6.49,191.8
produce,1,8.76,50,4.38,634.4
produce,4,9.11,0,9.11,67.7
produce,6,11.98,40,7.19,147.7
produce,6,9.68,40,5.81,182.6
produce,7,12.07,40,7.24,152.6
produce,7,13.34,50,6.67,195.7
produce,6,3.75,20,3.0,69.9
produce,5,7.9,10,7.11,65.5
produce,1,11.81,30,8.27,229.3
produce,3,8.92,20,7.14,104.8
produce,1,10.67,40,6.4,340.4
produce,2,8.53,20,6.82,122.0
produce,2,5.59,50,2.8,288.4
produce,7,10.09,0,10.09,45.6
produce,4,3.62,0,3.62,69.1
produce,3,13.49,0,13.49,53.4
produce,1,3.3,10,2.97,128.9
produce,1,10.82,0,10.82,75.2
produce,1,5.08,0,5.08,52.8
produce,6,13.03,0,13.03,60.2
produce,0,9.68,0,9.68,70.4
produce,7,9.12,0,9.12,108.4
produce,5,14.88,20,11.9,90.6
produce,3,10.84,30,7.59,155.9
produce,5,4.61,0,4.61,54.8
produce,3,4.63,0,4.63,68.7
produce,4,6.8,0,6.8,93.9
produce,2,13.3,0,13.3,75.0
produce,6,7.75,20,6.2,123.3
produce,0,3.41,30,2.39,129.7
produce,1,7.77,0,7.77,48.9
produce,5,9.55,10,8.59,78.8
produce,6,12.3,10,11.07,81.4
produce,6,6.74,0,6.74,56.0
produce,6,14.08,0,14.08,54.0
produce,6,4.15,50,2.08,506.3
produce,1,10.0,40,6.0,176.9
produce,2,14.74,20,11.79,137.1
produce,2,10.09,50,5.04,226.1
produce,1,14.02,20,11.22,117.8
produce,0,6.39,30,4.47,279.8
produce,5,6.08,10,5.47,74.6
produce,2,2.13,0,2.13,74.0
produce,2,5.37,50,2.68,274.2
produce,7,5.16,20,4.12,92.3
produce,0,12.35,0,12.35,65.8
produce,0,2.08,0,2.08,79.4
produce,5,14.25,40,8.55,215.4
produce,6,9.83,20,7.86,109.0
produce,4,10.82,30,7.58,139.7
produce,0,3.29,10,2.96,112.6
produce,5,12.93,0,12.93,63.7
produce,0,7.77,30,5.44,268.2
produce,2,9.92,10,8.92,83.3
produce,6,10.54,20,8.44,82.8
produce,3,8.21,30,5.75,146.0
produce,7,13.76,10,12.38,67.1
produce,2,5.13,0,5.13,66.3
produce,6,12.97,0,12.97,43.5
produce,5,2.88,10,2.59,101.3
produce,3,8.6,20,6.88,101.2
produce,3,8.29,20,6.63,93.5
produce,5,12.93,30,9.05,214.6
produce,1,4.11,20,3.29,139.0
produce,5,3.83,10,3.45,95.5
produce,0,14.46,0,14.46,97.3
produce,7,8.19,40,4.92,136.5
produce,1,3.04,0,3.04,83.9
produce,1,11.46,30,8.03,242.9
produce,4,14.45,40,8.67,263.3
produce,7,9.33,20,7.47,123.4
produce,0,7.16,0,7.16,111.5
produce,3,4.89,40,2.94,217.1
produce,5,2.84,40,1.7,137.1
produce,3,3.68,50,1.84,388.1
produce,3,13.75,0,13.75,61.8
produce,5,4.16,30,2.91,142.3
produce,7,8.45,0,8.45,54.2
produce,1,2.68,30,1.87,176.4
produce,4,5.42,0,5.42,58.3
produce,5,7.15,50,3.58,223.9
produce,2,9.29,40,5.58,280.1
produce,3,11.05,0,11.05,68.0
produce,5,2.64,0,2.64,38.2
produce,6,12.59,50,6.3,323.9
produce,0,7.05,20,5.64,135.2
produce,3,10.66,20,8.53,124.5
produce,6,3.73,30,2.61,194.7
produce,1,5.3,20,4.24,158.8
produce,5,4.72,40,2.83,145.7
produce,4,13.49,40,8.1,167.1
produce,4,11.2,20,8.96,105.7
produce,4,12.32,40,7.39,185.9
produce,4,10.62,40,6.37,162.7
produce,1,3.63,0,3.63,78.9
produce,1,9.81,0,9.81,98.0
produce,6,6.05,0,6.05,50.4
produce,5,13.16,30,9.21,152.9
produce,2,7.13,10,6.42,93.9
produce,4,6.69,0,6.69,83.5
produce,4,12.43,10,11.18,74.2
produce,6,13.0,20,10.4,135.4
produce,3,5.23,0,5.23,70.1
produce,6,8.34,10,7.5,49.8
produce,6,5.02,10,4.52,57.2
produce,7,7.37,0,7.37,61.6
produce,2,6.02,50,3.01,334.3
produce,4,3.43,0,3.43,89.8
produce,0,3.92,0,3.92,65.5
produce,3,11.4,10,10.26,128.8
produce,4,10.53,0,10.53,70.1
produce,3,3.55,30,2.48,164.2
produce,4,6.23,20,4.98,77.0
produce,4,4.89,30,3.42,122.2
produce,3,7.77,10,6.99,69.1
produce,3,2.54,50,1.27,243.2
produce,4,8.22,0,8.22,64.5
produce,4,9.09,50,4.54,450.0
produce,0,10.64,50,5.32,271.9
produce,5,10.16,20,8.13,78.8
produce,2,8.69,0,8.69,64.6
produce,6,3.89,0,3.89,52.3
produce,4,8.7,50,4.35,321.3
produce,7,5.94,20,4.75,74.1
produce,0,6.17,20,4.93,122.4
produce,4,13.96,0,13.96,100.4
produce,4,3.0,20,2.4,68.8
produce,1,11.67,30,8.17,251.2
produce,1,12.89,10,11.6,133.0
produce,6,7.55,40,4.53,217.1
produce,6,12.79,50,6.39,237.9
produce,7,13.41,0,13.41,67.9
produce,2,6.24,0,6.24,111.0
produce,6,10.3,50,5.15,161.2
produce,2,14.44,20,11.55,158.3
produce,0,7.37,20,5.89,139.4
produce,7,13.88,20,11.11,103.1
produce,3,6.09,40,3.65,207.4
produce,6,3.11,20,2.49,112.7
produce,2,4.36,50,2.18,285.6
produce,7,7.29,10,6.56,72.1
produce,0,6.8,10,6.12,114.4
produce,4,2.23,30,1.56,204.6
produce,1,14.19,0,14.19,103.5
produce,5,9.57,30,6.7,91.6
produce,0,2.02,0,2.02,126.6
produce,3,10.81,50,5.4,245.9
produce,3,3.36,20,2.69,162.6
produce,0,9.97,0,9.97,81.4
produce,5,5.95,0,5.95,61.6
produce,1,8.74,10,7.86,102.5
produce,5,9.73,30,6.81,157.1
produce,1,5.26,40,3.16,126.4
produce,0,8.26,0,8.26,81.1
produce,6,9.26,20,7.41,119.9
produce,1,8.56,10,7.7,94.5
produce,2,4.8,50,2.4,456.8
produce,2,10.8,50,5.4,145.7
produce,7,7.4,0,7.4,81.9
produce,3,13.91,10,12.52,100.7
produce,6,9.25,10,8.32,98.9
produce,5,7.39,10,6.65,114.7
produce,3,10.48,0,10.48,91.2
produce,3,9.28,10,8.35,98.0
produce,0,13.2,0,13.2,69.4
produce,6,11.02,40,6.61,198.1
produce,7,6.2,0,6.2,44.3
produce,7,14.47,0,14.47,61.9
produce,2,12.48,10,11.23,101.8
produce,3,3.15,10,2.84,103.6
produce,6,7.17,30,5.02,97.5
produce,5,12.5,40,7.5,245.1
produce,5,5.31,0,5.31,51.1
produce,0,3.0,10,2.7,58.9
produce,6,5.69,20,4.55,119.9
produce,7,2.31,10,2.08,61.7
produce,1,6.62,10,5.96,84.5
produce,1,5.6,0,5.6,66.2
produce,3,5.14,10,4.63,82.2
produce,7,4.62,30,3.23,124.3
produce,5,3.05,30,2.14,165.4
produce,2,3.5,30,2.45,265.2
produce,4,13.36,40,8.01,182.5
produce,5,9.19,40,5.52,208.3
produce,0,11.92,10,10.73,114.5
produce,2,11.25,0,11.25,56.6
produce,7,5.16,0,5.16,54.7
produce,1,9.61,0,9.61,67.9
produce,4,7.86,20,6.29,145.5
produce,0,12.65,0,12.65,70.2
produce,4,13.28,10,11.95,61.2
produce,3,12.97,0,12.97,35.9
produce,6,5.27,0,5.27,72.7
produce,3,10.73,0,10.73,96.5
produce,0,4.5,40,2.7,242.6
produce,6,8.31,30,5.82,211.9
produce,5,7.63,10,6.87,62.4
produce,3,6.51,0,6.51,92.1
produce,3,7.19,30,5.03,122.3
produce,6,8.76,10,7.88,86.5
produce,5,6.36,10,5.73,66.0
produce,4,5.88,10,5.29,82.8
produce,4,5.67,30,3.97,179.9
produce,2,6.01,10,5.41,74.2
produce,3,3.81,50,1.91,496.5
produce,4,14.63,10,13.17,78.2
produce,7,2.13,10,1.92,52.1
produce,1,13.5,0,13.5,82.8
produce,7,10.93,30,7.65,134.6
produce,1,5.88,40,3.53,245.8
produce,4,4.61,0,4.61,55.2
produce,5,11.71,10,10.54,89.8
produce,1,12.8,10,11.52,78.2
produce,6,12.32,50,6.16,262.6
produce,7,12.83,30,8.98,197.6
produce,2,11.82,10,10.64,51.0
produce,1,10.34,0,10.34,52.2
produce,3,7.15,10,6.44,96.5
produce,3,3.93,0,3.93,65.3
produce,4,3.73,0,3.73,55.8
produce,3,6.85,10,6.16,76.3
produce,3,9.74,50,4.87,230.8
produce,6,14.49,10,13.04,81.5
produce,4,7.62,20,6.1,84.0
produce,5,6.56,10,5.9,65.7
produce,2,10.9,0,10.9,57.2
produce,0,10.46,20,8.37,162.9
produce,5,9.85,0,9.85,57.1
produce,3,3.96,20,3.17,138.2
produce,1,8.71,10,7.84,88.6
produce,6,2.51,10,2.26,89.9
produce,5,13.55,20,10.84,73.9
produce,0,9.61,0,9.61,85.7
produce,1,3.42,50,1.71,332.0
produce,6,6.19,0,6.19,58.9
produce,7,9.53,0,9.53,42.4
produce,2,10.62,50,5.31,410.1
produce,6,13.6,30,9.52,146.9
produce,4,9.96,20,7.97,132.4
produce,6,11.48,0,11.48,75.0
produce,2,5.08,50,2.54,283.0
produce,6,14.64,0,14.64,64.7
produce,7,4.5,10,4.05,51.0
produce,1,6.03,20,4.82,66.3
produce,3,14.32,20,11.45,87.9
produce,2,4.99,50,2.49,336.3
produce,1,9.1,0,9.1,81.1
produce,7,2.08,10,1.87,116.2
produce,6,10.99,0,10.99,54.0
produce,0,13.36,0,13.36,41.7
produce,0,9.14,20,7.31,115.1
produce,6,4.28,10,3.85,54.4
produce,6,14.95,10,13.46,54.0
produce,3,10.33,20,8.26,68.9
produce,6,7.38,50,3.69,203.9
produce,3,14.79,10,13.32,74.6
produce,1,11.16,40,6.69,385.3
produce,7,6.88,10,6.19,102.4
produce,0,12.51,20,10.01,125.3
produce,4,5.92,0,5.92,65.6
produce,7,11.22,0,11.22,82.4
produce,2,5.23,0,5.23,70.1
produce,5,13.02,0,13.02,68.3
produce,4,7.03,0,7.03,47.6
produce,0,12.21,20,9.77,212.7
produce,5,13.84,0,13.84,61.4
produce,1,5.92,40,3.55,124.2
produce,1,9.33,0,9.33,64.2
produce,3,10.55,30,7.38,207.9
produce,7,11.65,0,11.65,34.1
produce,5,2.45,0,2.45,51.4
produce,6,2.23,0,2.23,69.2
produce,5,13.73,0,13.73,64.0
produce,1,12.33,30,8.63,176.3
produce,2,13.71,40,8.23,287.7
produce,4,5.66,0,5.66,42.5
produce,5,5.8,30,4.06,155.8
produce,0,8.17,50,4.09,278.8
produce,4,13.87,10,12.48,50.8
produce,3,6.86,20,5.49,114.2
produce,6,2.58,50,1.29,212.8
produce,2,12.16,0,12.16,83.1
produce,2,13.52,50,6.76,314.0
produce,6,9.79,0,9.79,81.7
produce,5,7.07,20,5.65,82.4
produce,3,14.34,0,14.34,51.3
produce,5,8.22,40,4.93,233.5
produce,6,3.07,30,2.15,155.4
produce,1,12.56,30,8.79,160.5
produce,5,10.64,0,10.64,57.5
produce,7,3.67,50,1.83,323.0
produce,5,9.94,40,5.96,248.4
produce,5,6.84,10,6.15,74.2
produce,2,14.84,20,11.87,130.3
produce,2,2.65,0,2.65,56.8
produce,3,14.16,40,8.49,123.0
produce,2,7.86,0,7.86,86.5
produce,0,2.27,30,1.59,191.0
produce,6,6.96,0,6.96,65.4
produce,4,13.91,20,11.13,171.4
produce,7,13.93,10,12.53,67.0
produce,5,5.57,40,3.34,129.0
produce,6,2.84,30,1.99,105.2
produce,7,3.18,0,3.18,59.5
produce,3,4.89,50,2.45,341.2
produce,5,5.67,50,2.83,329.7
produce,2,12.3,0,12.3,68.6
produce,0,7.77,20,6.22,250.5
produce,5,10.27,20,8.21,84.4
produce,3,13.89,10,12.5,99.7
produce,1,7.9,40,4.74,357.2
produce,5,9.76,40,5.85,192.4
produce,3,12.25,0,12.25,57.7
produce,0,10.15,20,8.12,258.5
produce,3,12.71,0,12.71,39.2
produce,7,4.31,30,3.02,139.4
produce,5,13.24,0,13.24,67.9
produce,1,11.03,40,6.62,325.4
produce,2,6.96,0,6.96,55.3
produce,2,7.68,40,4.61,153.7
produce,1,12.02,50,6.01,385.8
produce,1,14.55,30,10.19,167.9
produce,6,7.44,30,5.21,102.5
produce,1,11.07,50,5.53,403.2
produce,5,13.22,40,7.93,218.0
produce,3,11.77,0,11.77,54.6
produce,1,4.78,0,4.78,77.6
produce,6,4.19,0,4.19,60.0
produce,7,7.74,20,6.19,138.9
produce,1,3.49,20,2.8,166.0
produce,0,14.27,10,12.84,98.3
produce,3,12.24,20,9.79,85.3
produce,1,2.42,10,2.18,69.4
produce,7,8.09,50,4.04,315.7
produce,6,3.68,10,3.31,102.7
produce,4,12.07,0,12.07,67.5
produce,6,4.51,10,4.06,74.3
produce,2,9.57,0,9.57,77.9
produce,5,6.82,50,3.41,331.4
produce,2,7.48,40,4.49,141.1
produce,4,3.1,0,3.1,45.7
produce,6,13.13,0,13.13,51.4
produce,6,11.29,10,10.16,93.9
produce,7,14.01,20,11.21,94.3
produce,4,13.01,40,7.81,177.2
produce,1,2.44,20,1.95,119.7
produce,7,4.38,30,3.06,285.9
produce,3,9.4,0,9.4,42.5
produce,7,4.75,20,3.8,162.0
produce,5,2.82,30,1.97,116.1
produce,7,6.69,0,6.69,52.0
produce,7,12.7,40,7.62,129.9
produce,7,12.47,20,9.98,83.0
produce,2,11.62,10,10.46,129.8
produce,4,13.34,50,6.67,293.4
produce,2,14.73,50,7.36,451.4
produce,6,5.21,10,4.69,96.9
produce,6,12.1,40,7.26,267.4
produce,4,14.42,30,10.09,109.7
produce,3,9.76,0,9.76,52.6
produce,6,3.42,0,3.42,62.1
produce,0,13.6,0,13.6,136.5
produce,4,7.51,0,7.51,64.5
produce,1,13.67,50,6.84,715.5
produce,1,13.19,30,9.23,241.7
produce,4,12.78,50,6.39,281.8
produce,4,4.15,10,3.74,81.8
produce,7,5.88,0,5.88,63.8
produce,0,7.65,20,6.12,110.2
produce,6,12.29,0,12.29,50.4
produce,3,10.08,40,6.05,153.7
produce,3,10.74,30,7.52,77.4
produce,1,11.43,30,8.0,232.6
produce,7,2.84,0,2.84,36.5
produce,2,2.56,20,2.05,122.4
produce,4,9.79,50,4.89,302.1
produce,0,13.19,30,9.23,151.5
produce,6,2.74,0,2.74,48.1
produce,0,5.68,40,3.41,220.8
produce,5,5.41,50,2.7,320.1
produce,5,12.59,0,12.59,77.5
produce,2,5.09,0,5.09,51.8
produce,2,10.12,40,6.07,319.3
produce,1,14.21,30,9.95,177.8
produce,1,10.4,20,8.32,126.2
produce,4,6.53,0,6.53,51.2
produce,2,3.31,50,1.66,250.3
produce,3,8.25,10,7.42,90.1
produce,6,6.57,0,6.57,35.8
produce,3,7.85,40,4.71,243.8
produce,1,12.27,0,12.27,93.2
produce,5,12.17,50,6.09,352.9
produce,5,8.07,10,7.27,68.9
produce,6,10.61,30,7.42,108.4
produce,0,2.27,40,1.36,210.5
produce,5,13.54,0,13.54,66.5
produce,3,6.21,0,6.21,57.8
produce,4,14.0,10,12.6,73.7
produce,1,2.34,50,1.17,311.9
produce,5,14.06,30,9.84,151.7
produce,4,8.98,0,8.98,66.4
produce,6,9.56,30,6.69,141.2
produce,1,13.52,10,12.17,116.6
produce,2,3.23,0,3.23,76.9
produce,6,7.44,50,3.72,224.9
produce,2,12.45,40,7.47,277.4
produce,0,11.76,10,10.58,71.1
produce,7,14.47,20,11.58,105.2
produce,5,11.74,20,9.39,82.1
produce,5,13.12,0,13.12,51.0
produce,3,3.49,10,3.14,87.1
produce,6,12.39,0,12.39,72.7
produce,4,12.76,0,12.76,51.0
produce,4,5.26,30,3.68,196.0
produce,5,5.42,0,5.42,52.4
produce,4,14.46,0,14.46,71.6
produce,1,8.79,30,6.15,194.5
produce,2,6.2,20,4.96,75.2
produce,3,12.29,10,11.06,83.8
produce,7,11.72,30,8.2,114.1
produce,2,6.73,20,5.38,113.3
produce,6,13.39,50,6.7,231.2
produce,3,8.31,20,6.65,126.6
produce,4,6.33,10,5.7,80.0
produce,2,5.53,0,5.53,105.0
produce,1,11.23,30,7.86,161.6
produce,5,9.16,20,7.33,98.7
produce,3,7.01,0,7.01,87.7
produce,5,4.15,20,3.32,89.6
produce,4,10.78,20,8.63,137.4
produce,5,10.37,20,8.3,89.8
produce,2,6.59,10,5.93,44.0
produce,5,8.53,20,6.83,54.7
produce,6,5.53,20,4.43,124.5
produce,4,11.06,0,11.06,57.4
produce,2,6.59,40,3.95,190.9
produce,2,6.39,40,3.83,227.4
produce,6,3.53,40,2.12,202.7
produce,1,13.21,0,13.21,56.8
produce,1,7.12,0,7.12,89.1
produce,4,3.44,50,1.72,300.5
produce,5,14.6,0,14.6,47.5
produce,1,2.85,40,1.71,310.2
produce,3,12.69,10,11.42,92.7
produce,2,14.0,0,14.0,54.6
produce,5,2.24,50,1.12,263.1
produce,2,9.79,30,6.85,140.1
produce,6,6.54,30,4.58,91.8
produce,1,10.76,10,9.68,104.9
produce,6,3.26,50,1.63,282.1
produce,4,5.02,30,3.51,103.3
produce,0,7.23,0,7.23,103.2
produce,5,12.77,50,6.38,238.6
produce,6,7.99,0,7.99,61.8
produce,3,14.23,0,14.23,51.9
produce,4,10.29,20,8.24,127.8
produce,0,4.7,0,4.7,73.1
produce,3,2.89,0,2.89,71.4
produce,1,3.22,50,1.61,374.7
produce,1,4.11,40,2.46,215.8
produce,7,8.26,0,8.26,61.6
produce,3,11.68,0,11.68,58.1
produce,3,9.83,30,6.88,156.5
produce,6,6.35,10,5.72,58.0
produce,0,9.2,30,6.44,170.4
produce,4,8.81,0,8.81,82.8
produce,4,10.45,30,7.31,137.0
produce,6,5.44,0,5.44,44.0
produce,2,13.37,10,12.03,66.6
produce,0,5.93,50,2.97,360.0
produce,7,13.77,0,13.77,77.7
produce,4,4.66,30,3.26,152.6
produce,0,9.44,0,9.44,55.9
produce,0,2.26,30,1.58,169.8
produce,6,13.68,0,13.68,52.3
produce,2,13.64,0,13.64,56.3
produce,3,9.42,0,9.42,64.5
produce,6,2.5,0,2.5,78.2
produce,5,8.83,0,8.83,75.7
produce,5,14.08,0,14.08,53.7
produce,2,6.64,0,6.64,51.3
produce,7,7.06,0,7.06,53.4
produce,4,7.62,50,3.81,254.6
produce,0,9.94,0,9.94,54.0
produce,1,4.47,10,4.02,77.9
produce,7,12.43,0,12.43,81.4
produce,2,10.24,30,7.17,198.2
produce,4,7.28,30,5.1,104.8
produce,5,5.12,0,5.12,65.4
produce,0,5.17,20,4.13,162.8
produce,7,10.27,20,8.21,106.4
produce,4,6.39,40,3.83,145.9
produce,4,10.0,10,9.0,65.9
produce,6,6.13,30,4.29,134.2
produce,0,14.58,10,13.12,88.3
produce,3,2.44,40,1.46,264.5
produce,5,11.26,0,11.26,42.3
produce,2,3.07,30,2.15,161.8
produce,7,3.71,40,2.22,268.1
produce,5,5.25,0,5.25,52.6
produce,0,8.92,0,8.92,45.5
produce,4,6.68,0,6.68,52.5
produce,1,11.18,50,5.59,797.7
produce,0,12.14,30,8.5,153.6
produce,4,14.22,50,7.11,312.9
produce,3,11.15,10,10.03,156.8
produce,7,7.84,30,5.49,121.0
produce,6,10.03,40,6.02,301.2
produce,2,11.88,0,11.88,58.9
produce,4,10.28,20,8.22,145.5
produce,4,9.62,20,7.7,96.3
produce,6,7.5,10,6.75,89.8
produce,4,14.67,0,14.67,66.1
produce,5,8.83,50,4.42,264.3
produce,0,9.88,20,7.91,101.0
produce,5,4.87,0,4.87,44.0
produce,4,10.63,20,8.51,128.6
produce,5,4.91,40,2.94,125.0
produce,0,4.79,10,4.32,123.2
produce,1,4.25,50,2.13,313.5
produce,5,13.95,10,12.55,57.9
produce,5,11.64,50,5.82,365.1
produce,2,9.55,0,9.55,71.1
produce,1,4.58,50,2.29,332.6
produce,4,13.16,30,9.22,87.0
produce,3,10.45,50,5.23,613.1
produce,3,13.56,30,9.49,234.2
produce,3,13.75,0,13.75,45.0
produce,6,7.99,0,7.99,55.9
produce,3,14.0,30,9.8,108.1
produce,7,6.65,0,6.65,64.1
produce,3,6.96,30,4.87,126.9
produce,2,3.3,10,2.97,129.8
produce,5,10.61,20,8.48,107.7
produce,4,2.02,40,1.21,240.4
produce,6,8.81,50,4.4,316.7
produce,4,4.17,0,4.17,75.7
produce,5,5.1,20,4.08,60.7
produce,1,13.44,0,13.44,80.6
produce,0,2.13,0,2.13,69.5
produce,7,11.53,30,8.07,156.8
produce,2,7.21,0,7.21,94.9
produce,6,12.4,50,6.2,269.2
produce,5,8.01,10,7.21,61.6
produce,7,8.54,10,7.69,60.5
produce,2,4.36,40,2.61,191.8
produce,5,2.3,40,1.38,194.4
produce,0,13.97,40,8.38,321.9
produce,7,13.04,50,6.52,245.1
produce,7,12.09,30,8.46,113.4
produce,4,5.83,20,4.67,119.0
produce,2,9.17,20,7.33,116.6
produce,0,10.84,0,10.84,95.8
produce,4,6.73,10,6.06,69.0
produce,5,8.54,30,5.98,89.0
produce,6,8.0,20,6.4,63.9
produce,5,9.13,0,9.13,82.1
produce,4,11.85,0,11.85,42.2
produce,3,8.36,0,8.36,70.7
produce,7,9.82,40,5.89,186.6
produce,7,8.35,40,5.01,174.3
produce,5,9.62,10,8.66,69.8
produce,2,11.27,30,7.89,148.2
produce,2,2.38,10,2.15,66.2
produce,2,5.43,0,5.43,69.5
produce,6,7.09,10,6.38,85.5
produce,1,4.58,30,3.21,254.5
produce,5,6.62,0,6.62,77.0
produce,5,8.05,50,4.02,160.7
produce,1,3.19,20,2.55,145.1
produce,5,5.34,50,2.67,247.5
produce,0,6.45,30,4.52,126.0
produce,0,6.92,40,4.15,207.0
produce,1,4.85,20,3.88,88.6
produce,1,7.68,0,7.68,61.0
produce,3,14.21,0,14.21,77.4
produce,5,8.42,30,5.9,124.6
produce,5,4.31,30,3.01,127.6
produce,4,5.75,40,3.45,140.7
produce,3,10.73,40,6.44,202.5
produce,3,3.49,0,3.49,34.6
produce,1,5.65,10,5.08,86.3
produce,7,10.33,0,10.33,73.6
produce,1,5.79,0,5.79,101.0
produce,4,4.61,40,2.77,170.1
produce,4,11.3,30,7.91,128.4
produce,6,8.15,0,8.15,54.1
produce,2,13.56,0,13.56,68.6
produce,1,14.53,10,13.07,155.2
produce,0,5.03,30,3.52,183.8
produce,6,7.28,40,4.37,265.2
produce,5,6.42,30,4.5,111.5
produce,5,14.36,0,14.36,53.9
produce,7,3.15,20,2.52,101.6
produce,5,13.05,20,10.44,121.8
produce,2,9.95,10,8.95,129.1
produce,7,9.85,40,5.91,261.0
produce,5,6.03,20,4.82,85.8
produce,6,11.21,30,7.85,188.7
produce,2,12.38,20,9.91,83.9
produce,7,13.72,20,10.97,96.2
produce,0,8.45,20,6.76,141.3
produce,5,5.12,50,2.56,287.4
produce,6,8.59,10,7.73,57.1
produce,5,9.59,10,8.63,75.2
produce,3,14.77,20,11.82,87.8
produce,7,3.59,0,3.59,35.1
produce,7,8.0,0,8.0,52.5
produce,1,6.47,0,6.47,94.1
produce,1,12.72,20,10.18,151.3
produce,1,2.68,30,1.88,134.1
produce,4,8.91,0,8.91,110.9
produce,7,11.48,20,9.18,119.3
produce,3,14.52,10,13.07,98.3
produce,5,2.38,0,2.38,50.9
produce,1,14.23,0,14.23,69.7
produce,6,9.24,30,6.47,124.1
produce,7,9.98,0,9.98,72.3
produce,7,14.07,40,8.44,232.2
produce,5,2.58,40,1.55,99.8
produce,7,6.45,10,5.8,94.1
produce,2,11.69,0,11.69,72.4
produce,0,4.53,50,2.27,249.3
produce,2,6.35,10,5.72,89.0
produce,5,13.71,50,6.85,173.3
produce,2,7.69,20,6.15,157.0
produce,5,8.48,30,5.94,150.9
produce,6,4.11,0,4.11,64.9
produce,0,5.44,50,2.72,479.1
produce,5,13.6,30,9.52,150.1
produce,1,3.19,30,2.23,277.7
produce,2,12.12,30,8.48,242.8
produce,6,5.29,30,3.7,124.0
produce,6,4.47,0,4.47,76.2
produce,1,13.16,20,10.53,93.8
produce,5,10.5,0,10.5,69.9
produce,1,14.64,0,14.64,59.3
produce,5,7.55,40,4.53,149.7
produce,3,2.48,0,2.48,47.3
produce,7,12.6,30,8.82,110.2
produce,1,14.54,0,14.54,52.7
produce,2,4.15,0,4.15,135.9
produce,1,8.43,50,4.21,279.9
produce,6,2.61,50,1.3,124.7
produce,2,10.17,0,10.17,73.4
produce,0,10.82,0,10.82,63.3
produce,7,6.0,20,4.8,130.1
produce,5,12.88,20,10.31,95.9
produce,5,13.06,0,13.06,67.1
produce,3,6.21,30,4.35,142.1
produce,4,12.25,50,6.12,280.7
produce,7,7.75,0,7.75,57.0
produce,5,8.5,0,8.5,55.4
produce,2,11.42,40,6.85,230.6
produce,1,13.72,0,13.72,64.9
produce,3,12.1,0,12.1,36.6
produce,1,7.47,10,6.73,83.3
produce,2,8.53,0,8.53,76.6
produce,2,10.87,0,10.87,71.9
produce,7,7.41,30,5.18,74.5
produce,5,11.58,0,11.58,83.0
produce,5,8.12,20,6.5,79.0
produce,3,14.28,30,10.0,185.0
produce,5,14.1,0,14.1,58.9
produce,0,9.76,50,4.88,437.3
produce,5,3.28,10,2.95,67.8
produce,2,9.2,0,9.2,49.0
produce,1,14.78,0,14.78,74.5
produce,7,12.45,30,8.71,219.2
produce,5,4.82,10,4.34,58.0
produce,7,8.77,20,7.01,92.7
produce,1,13.93,0,13.93,66.8
produce,7,8.32,20,6.66,79.7
produce,7,3.79,50,1.9,201.0
produce,6,14.69,10,13.22,48.1
produce,0,2.01,0,2.01,87.1
produce,1,11.05,0,11.05,40.4
produce,4,11.27,0,11.27,73.6
produce,5,4.12,30,2.89,108.2
produce,0,14.02,40,8.41,257.7
produce,0,14.24,0,14.24,52.6
produce,7,2.98,0,2.98,50.4
produce,3,9.35,50,4.67,346.0
produce,4,11.28,10,10.15,59.3
produce,5,12.88,0,12.88,58.5
produce,4,10.0,0,10.0,66.3
produce,0,10.96,0,10.96,73.0
produce,4,13.61,0,13.61,35.3
produce,1,12.23,20,9.78,106.7
produce,4,5.65,50,2.82,242.1
produce,1,4.06,40,2.44,175.2
produce,1,2.49,30,1.74,240.3
produce,4,2.7,30,1.89,102.7
produce,5,11.44,0,11.44,86.1
produce,0,14.01,0,14.01,63.4
produce,5,13.43,0,13.43,47.1
produce,3,13.11,40,7.87,206.0
produce,1,2.83,30,1.98,144.9
produce,7,8.98,40,5.39,172.7
produce,4,4.78,0,4.78,39.6
produce,6,11.85,10,10.67,67.7
produce,7,13.4,20,10.72,125.7
produce,1,2.54,30,1.78,193.5
produce,1,14.85,0,14.85,81.9
produce,6,2.32,20,1.85,171.7
produce,5,13.52,0,13.52,69.1
produce,4,14.93,20,11.94,136.2
produce,4,4.63,10,4.17,103.9
produce,0,11.54,50,5.77,474.0
produce,5,2.25,10,2.03,55.5
produce,3,11.14,30,7.8,126.6
produce,0,7.32,20,5.86,117.2
produce,1,12.51,0,12.51,76.3
produce,3,9.47,40,5.68,125.5
produce,4,8.12,30,5.68,109.0
produce,1,2.74,0,2.74,69.6
produce,2,7.68,0,7.68,61.5
produce,5,9.65,0,9.65,68.7
produce,4,8.86,10,7.98,112.3
produce,6,3.53,20,2.82,62.1
produce,0,6.32,20,5.06,154.8
produce,4,5.37,30,3.76,147.4
produce,1,13.47,20,10.77,199.4
produce,6,6.97,10,6.28,68.1
produce,1,12.34,40,7.4,235.1
produce,7,2.58,0,2.58,54.2
produce,4,4.52,10,4.07,52.0
produce,4,12.84,30,8.99,112.1
produce,2,14.18,30,9.92,137.1
produce,2,12.81,10,11.53,89.7
produce,6,14.46,0,14.46,86.1
produce,0,4.1,0,4.1,99.5
produce,6,5.63,30,3.94,190.3
produce,6,10.27,50,5.13,386.6
produce,5,11.96,30,8.37,168.7
produce,3,14.28,0,14.28,79.6
produce,5,13.41,50,6.7,194.6
produce,2,11.1,20,8.88,132.9
produce,3,6.07,20,4.85,99.7
produce,6,2.52,10,2.27,50.2
produce,4,7.33,0,7.33,76.9
produce,5,3.2,30,2.24,83.6
produce,6,3.94,0,3.94,61.3
produce,1,12.0,0,12.0,111.9
produce,1,11.31,10,10.18,122.1
produce,1,10.99,10,9.89,76.5
produce,3,8.01,30,5.61,203.5
produce,2,12.92,0,12.92,76.7
produce,5,12.8,10,11.52,75.9
produce,7,6.14,40,3.68,106.8
produce,3,11.6,40,6.96,136.3
produce,1,9.4,50,4.7,796.1
produce,6,6.88,0,6.88,55.4
produce,3,5.56,0,5.56,66.5
produce,5,4.49,40,2.69,156.6
produce,3,2.79,30,1.95,129.7
produce,1,12.27,50,6.14,589.1
produce,4,7.25,10,6.52,108.2
produce,2,3.52,50,1.76,351.6
produce,1,12.37,40,7.42,251.2
produce,4,2.28,0,2.28,52.1
produce,3,5.24,0,5.24,58.3
produce,6,9.77,50,4.89,489.6
produce,5,9.59,0,9.59,41.5
produce,6,6.99,20,5.6,107.2
produce,5,7.37,0,7.37,93.6
produce,5,3.38,50,1.69,331.4
produce,4,4.25,10,3.83,77.6
produce,4,8.73,30,6.11,148.0
produce,2,14.66,40,8.8,235.4
produce,0,2.24,20,1.79,109.9
produce,3,6.23,10,5.61,85.7
produce,4,4.44,0,4.44,59.1
produce,2,3.65,30,2.55,137.1
produce,3,8.84,0,8.84,114.6
produce,5,2.96,40,1.78,209.4
produce,2,14.97,50,7.49,275.0
produce,2,9.06,30,6.34,167.2
produce,1,11.27,40,6.76,215.3
produce,1,4.58,20,3.66,99.9
produce,3,9.36,10,8.42,110.9
produce,6,4.37,0,4.37,62.1
produce,6,8.51,50,4.26,450.2
produce,4,13.72,20,10.98,80.3
produce,0,12.91,40,7.75,189.9
produce,1,7.77,30,5.44,135.6
produce,6,7.42,0,7.42,36.8
produce,5,10.05,40,6.03,199.5
produce,5,10.19,0,10.19,59.0
produce,6,14.63,20,11.7,75.8
produce,7,4.25,10,3.82,68.6
produce,1,5.94,40,3.56,297.5
produce,4,7.08,10,6.38,69.1
produce,2,6.68,40,4.01,173.1
produce,0,13.05,0,13.05,104.4
produce,0,9.88,30,6.92,190.7
produce,2,12.03,10,10.83,91.1
produce,0,13.86,0,13.86,79.4
produce,2,9.26,20,7.41,164.8
produce,3,5.89,40,3.53,219.6
produce,6,13.19,20,10.55,69.9
produce,2,11.31,20,9.05,139.6
produce,6,9.25,30,6.47,291.4
produce,2,11.08,40,6.65,284.7
produce,7,12.1,50,6.05,223.4
produce,1,8.23,0,8.23,116.1
produce,2,6.84,0,6.84,59.4
produce,6,9.54,0,9.54,60.1
produce,5,4.85,0,4.85,73.3
produce,0,12.0,40,7.2,397.0
produce,4,9.83,0,9.83,55.9
produce,6,14.21,30,9.95,101.6
produce,3,9.82,40,5.89,182.9
produce,0,3.13,0,3.13,52.2
produce,7,7.31,30,5.12,175.5
produce,5,7.28,50,3.64,231.1
produce,4,4.01,40,2.41,172.7
produce,6,11.79,0,11.79,60.1
produce,6,2.57,40,1.54,236.3
produce,4,8.67,50,4.33,316.2
produce,5,5.27,0,5.27,66.8
produce,4,9.36,30,6.55,118.4
produce,6,9.77,40,5.86,237.6
produce,0,2.36,20,1.89,109.4
produce,2,2.64,20,2.11,77.0
produce,7,6.25,20,5.0,109.6
produce,0,2.77,0,2.77,96.1
produce,1,5.94,30,4.16,136.7
produce,5,11.3,30,7.91,216.8
produce,1,8.93,0,8.93,75.4
produce,2,13.02,50,6.51,342.6
produce,6,7.42,40,4.45,248.1
produce,2,3.68,30,2.57,88.9
produce,5,9.9,0,9.9,36.7
produce,5,4.33,0,4.33,55.9
produce,6,6.53,50,3.26,225.9
produce,2,2.24,20,1.79,107.3
produce,7,9.26,0,9.26,40.3
produce,0,8.15,30,5.7,135.2
produce,5,12.04,50,6.02,416.1
produce,6,3.33,40,2.0,232.1
produce,3,8.93,10,8.04,76.1
produce,2,11.6,20,9.28,89.0
produce,4,12.87,40,7.72,245.4
produce,0,3.1,30,2.17,130.5
produce,6,7.44,30,5.21,121.9
produce,6,12.95,20,10.36,91.4
produce,5,14.87,0,14.87,50.7
produce,6,13.03,40,7.82,166.5
produce,1,13.06,20,10.45,79.1
produce,3,4.48,0,4.48,47.1
produce,2,5.29,0,5.29,67.5
produce,1,14.91,0,14.91,55.0
produce,3,6.14,0,6.14,68.8
produce,3,4.74,0,4.74,51.5
produce,5,8.22,10,7.4,68.6
produce,7,9.68,10,8.71,97.9
produce,6,7.73,0,7.73,56.1
produce,2,14.59,20,11.67,87.3
produce,5,7.92,10,7.13,56.6
produce,1,14.6,30,10.22,95.9
produce,3,2.13,0,2.13,73.4
produce,0,13.7,20,10.96,115.0
produce,3,12.5,10,11.25,61.3
produce,4,3.63,0,3.63,45.2
produce,7,14.13,40,8.48,181.3
produce,3,2.44,10,2.19,150.1
produce,7,13.21,20,10.57,51.0
produce,0,6.94,50,3.47,530.9
produce,0,7.69,0,7.69,103.3
produce,5,11.7,40,7.02,144.0
produce,2,13.87,20,11.1,121.9
produce,6,2.05,0,2.05,70.0
produce,0,5.86,0,5.86,77.0
produce,7,14.95,0,14.95,51.5
produce,0,10.16,0,10.16,66.2
produce,0,14.9,10,13.41,82.0
produce,0,12.04,10,10.83,50.4
produce,1,5.52,10,4.97,98.5
produce,2,5.91,50,2.95,358.0
produce,0,3.96,30,2.77,249.8
produce,6,13.58,0,13.58,60.7
produce,1,3.09,50,1.54,405.9
produce,1,7.02,30,4.91,141.1
produce,4,4.81,0,4.81,49.1
produce,2,13.07,30,9.15,104.6
produce,3,9.78,0,9.78,45.7
produce,0,12.09,0,12.09,85.3
produce,4,2.56,0,2.56,54.7
produce,7,2.32,20,1.86,113.1
produce,3,2.94,0,2.94,39.6
produce,4,9.38,0,9.38,74.0
produce,0,3.06,20,2.45,151.6
produce,4,2.41,20,1.92,94.2
produce,0,14.36,0,14.36,87.1
produce,6,6.62,0,6.62,55.3
produce,5,13.01,40,7.8,213.8
produce,5,5.08,0,5.08,56.9
produce,5,7.12,30,4.99,149.5
produce,5,4.79,10,4.31,94.4
produce,6,2.56,0,2.56,62.6
produce,3,3.17,0,3.17,90.1
produce,2,12.25,30,8.58,237.6
produce,4,8.87,0,8.87,75.7
produce,5,13.24,50,6.62,497.6
produce,2,2.08,30,1.46,131.6
produce,1,6.91,0,6.91,64.9
produce,6,5.53,20,4.43,128.3
produce,3,6.11,0,6.11,90.8
produce,0,3.47,10,3.13,103.6
produce,5,6.46,0,6.46,56.0
produce,4,12.58,40,7.55,171.2
produce,7,5.26,10,4.73,61.2
produce,3,8.08,0,8.08,67.9
produce,1,6.75,0,6.75,58.0
produce,1,11.84,0,11.84,83.3
produce,4,11.98,0,11.98,65.9
produce,6,5.6,0,5.6,56.6
produce,1,12.27,10,11.04,92.9
produce,5,6.23,50,3.12,382.7
produce,4,2.44,20,1.95,155.5
produce,0,14.2,0,14.2,46.7
produce,3,4.93,0,4.93,70.1
produce,1,2.27,0,2.27,78.4
produce,1,4.06,50,2.03,325.9
produce,4,7.37,0,7.37,64.7
produce,3,6.94,30,4.86,121.4
produce,1,4.6,50,2.3,328.6
produce,1,7.23,0,7.23,59.0
produce,7,4.28,10,3.85,114.9
produce,0,8.74,50,4.37,329.4
produce,1,7.89,20,6.32,149.0
produce,4,3.59,50,1.8,315.5
produce,6,3.65,40,2.19,154.9
produce,0,2.88,10,2.59,139.8
produce,1,8.6,10,7.74,97.4
produce,0,5.82,40,3.49,222.6
produce,2,6.54,50,3.27,394.2
produce,6,6.16,30,4.31,166.2
produce,2,14.0,0,14.0,66.9
produce,6,7.28,0,7.28,51.8
produce,5,6.79,20,5.43,141.2
produce,3,10.39,0,10.39,57.6
produce,6,8.31,10,7.48,66.7
produce,1,10.93,40,6.56,293.5
produce,3,13.96,10,12.56,72.6
produce,0,10.23,0,10.23,111.2
produce,7,5.62,50,2.81,278.5
produce,1,7.59,30,5.31,141.8
produce,5,12.9,20,10.32,127.0
produce,6,9.63,10,8.67,68.6
produce,3,5.71,40,3.43,320.4
produce,0,11.98,20,9.58,98.1
produce,0,7.49,0,7.49,76.9
produce,2,13.98,0,13.98,66.5
produce,4,8.55,30,5.99,107.6
produce,0,4.14,30,2.9,277.3
produce,0,14.36,20,11.49,133.7
produce,5,11.44,0,11.44,52.5
produce,2,6.93,0,6.93,58.6
produce,2,2.84,50,1.42,376.7
produce,5,14.38,50,7.19,179.4
produce,1,11.89,10,10.7,100.1
produce,1,9.75,40,5.85,279.4
produce,7,11.54,0,11.54,47.9
produce,1,5.42,0,5.42,51.6
produce,1,6.33,20,5.07,101.2
produce,5,11.46,0,11.46,70.4
produce,0,9.51,0,9.51,101.3
produce,6,12.76,20,10.21,116.0
produce,3,8.43,30,5.9,123.3
produce,2,6.59,30,4.62,177.3
produce,2,10.38,20,8.31,102.4
produce,3,2.07,0,2.07,67.3
produce,0,8.63,0,8.63,71.6
produce,6,6.32,30,4.42,112.2
produce,0,12.97,10,11.67,109.8
produce,7,13.82,0,13.82,41.6
produce,6,3.21,0,3.21,59.7
produce,3,7.14,0,7.14,79.4
produce,4,11.22,10,10.09,70.7
produce,4,12.41,40,7.44,123.5
produce,4,2.96,10,2.66,73.0
produce,0,5.36,20,4.29,113.5
produce,5,5.96,50,2.98,293.9
produce,6,4.42,0,4.42,53.8
produce,1,14.19,20,11.35,131.9
produce,6,3.28,0,3.28,38.1
produce,3,14.12,30,9.88,135.4
produce,5,2.11,0,2.11,61.8
produce,6,14.4,10,12.96,84.1
produce,2,3.6,20,2.88,159.6
produce,3,7.19,50,3.59,259.2
produce,1,5.81,0,5.81,66.8
produce,6,13.22,50,6.61,355.5
produce,3,6.68,10,6.01,76.7
produce,7,3.13,30,2.19,114.0
produce,3,4.67,40,2.8,193.5
produce,6,3.83,20,3.06,81.4
produce,7,13.75,0,13.75,68.5
produce,4,13.54,10,12.19,64.5
produce,2,9.85,0,9.85,112.6
produce,3,9.79,30,6.86,171.3
produce,7,11.64,20,9.32,132.8
produce,2,10.37,30,7.26,131.8
produce,7,7.31,0,7.31,50.1
produce,6,7.75,0,7.75,68.5
produce,1,2.52,10,2.27,88.8
produce,3,14.8,30,10.36,136.7
produce,6,11.49,20,9.19,162.3
produce,1,12.7,0,12.7,115.0
produce,5,11.39,20,9.11,88.4
produce,5,8.98,40,5.39,240.2
produce,4,8.6,0,8.6,57.1
produce,3,8.42,50,4.21,303.9
produce,7,14.48,0,14.48,58.1
produce,1,2.94,10,2.64,115.7
produce,4,12.98,50,6.49,217.3
produce,5,11.57,0,11.57,44.1
produce,0,2.69,20,2.15,133.8
produce,4,13.73,0,13.73,38.0
produce,1,9.11,30,6.37,226.1
produce,3,4.61,50,2.31,308.3
produce,0,2.37,40,1.42,305.0
produce,3,14.61,40,8.77,348.5
produce,6,11.52,0,11.52,68.0
produce,5,12.03,50,6.02,196.6
produce,5,4.84,20,3.87,84.3
produce,5,2.62,10,2.36,105.2
produce,1,10.68,0,10.68,69.4
produce,0,2.47,20,1.98,134.2
produce,0,8.01,0,8.01,101.8
produce,2,12.03,10,10.83,111.8
produce,0,5.53,30,3.87,167.3
produce,2,4.27,50,2.13,294.8
produce,5,11.01,50,5.5,201.8
produce,5,9.6,30,6.72,174.6
produce,4,8.92,50,4.46,249.2
produce,3,8.95,10,8.06,80.4
produce,7,10.48,20,8.38,98.8
produce,7,4.72,10,4.25,63.2
produce,3,6.22,20,4.97,106.6
produce,0,2.41,30,1.69,203.2
produce,7,5.95,0,5.95,87.3
produce,6,9.33,0,9.33,63.6
produce,6,4.6,0,4.6,82.7
produce,6,11.04,40,6.63,150.8
produce,7,14.0,20,11.2,90.9
produce,6,3.61,20,2.88,99.3
produce,3,13.24,40,7.94,232.8
produce,5,7.48,50,3.74,304.6
produce,1,2.75,20,2.2,134.1
produce,3,6.27,0,6.27,121.3
produce,5,13.38,30,9.37,103.4
produce,1,12.87,10,11.58,93.2
produce,4,13.81,30,9.66,88.5
produce,6,4.14,0,4.14,53.1
produce,1,9.16,50,4.58,165.4
produce,0,11.75,0,11.75,84.9
produce,7,13.26,30,9.28,141.0
produce,1,14.78,30,10.35,207.1
produce,5,5.75,30,4.02,71.7
produce,2,5.54,0,5.54,92.8
produce,7,13.62,30,9.53,98.3
produce,4,13.3,10,11.97,72.9
produce,6,3.86,0,3.86,64.6
produce,0,9.37,0,9.37,81.8
produce,1,5.23,50,2.61,384.4
produce,7,11.1,40,6.66,277.3
produce,3,4.16,10,3.74,85.6
produce,0,4.37,20,3.49,120.1
produce,0,9.66,0,9.66,85.0
produce,3,13.75,20,11.0,109.7
produce,6,8.13,20,6.5,97.9
produce,0,7.41,0,7.41,91.5
produce,1,9.19,30,6.43,148.3
produce,3,4.89,50,2.45,427.0
produce,4,9.94,30,6.96,211.2
produce,4,11.89,0,11.89,68.5
produce,4,10.46,30,7.32,149.3
produce,2,10.32,10,9.29,80.6
produce,6,12.55,50,6.28,326.2
produce,6,7.71,30,5.39,90.7
produce,1,5.39,40,3.24,173.8
produce,0,9.32,0,9.32,105.4
produce,5,11.27,40,6.76,177.8
produce,3,9.6,0,9.6,56.5
produce,2,10.06,0,10.06,82.7
produce,4,10.95,30,7.67,120.1
produce,0,7.73,0,7.73,73.4
produce,4,3.78,50,1.89,288.3
produce,1,13.03,40,7.82,203.4
produce,1,2.31,0,2.31,83.2
produce,1,8.48,0,8.48,68.9
produce,4,4.72,10,4.25,63.6
produce,0,8.88,0,8.88,94.9
produce,1,10.15,0,10.15,73.1
produce,4,10.12,20,8.1,100.8
produce,5,13.59,50,6.8,290.3
produce,3,10.8,20,8.64,138.7
produce,1,11.72,0,11.72,62.2
produce,4,11.14,40,6.69,145.8
produce,3,8.19,10,7.37,87.2
produce,7,10.11,0,10.11,50.8
produce,3,7.14,30,4.99,113.2
produce,1,7.15,10,6.43,96.1
produce,4,8.84,50,4.42,239.6
produce,1,4.31,0,4.31,84.7
produce,1,11.39,0,11.39,45.2
produce,2,11.46,50,5.73,245.7
produce,1,4.49,50,2.24,300.5
produce,5,9.7,40,5.82,250.2
produce,5,6.32,0,6.32,60.3
produce,1,14.95,40,8.97,173.4
produce,3,13.38,20,10.71,53.4
produce,7,6.0,10,5.4,77.4
produce,3,12.18,0,12.18,60.9
produce,2,2.47,0,2.47,75.7
produce,0,12.65,30,8.85,155.2
produce,3,10.93,0,10.93,45.7
produce,0,10.04,50,5.02,281.9
produce,4,5.7,0,5.7,76.9
produce,1,13.17,10,11.85,73.1
produce,5,10.01,10,9.01,98.5
produce,7,10.71,0,10.71,76.0
produce,2,9.69,0,9.69,99.2
produce,1,4.45,10,4.0,99.6
produce,6,11.84,30,8.29,96.1
produce,3,9.53,0,9.53,52.3
produce,5,6.33,50,3.17,293.3
produce,5,12.78,20,10.23,88.1
produce,4,14.54,10,13.08,57.6
produce,6,4.4,50,2.2,214.8
produce,6,7.09,0,7.09,48.8
produce,4,10.25,40,6.15,163.0
produce,6,5.07,0,5.07,74.7
produce,2,3.12,20,2.5,89.5
produce,3,10.18,0,10.18,59.1
produce,3,3.17,30,2.22,140.6
produce,5,3.12,0,3.12,50.9
produce,7,8.8,20,7.04,103.8
produce,4,6.26,40,3.76,249.2
produce,6,5.98,20,4.78,127.6
produce,7,5.92,0,5.92,54.7
produce,2,8.49,40,5.1,165.3
produce,0,3.63,10,3.27,74.4
produce,4,11.95,0,11.95,64.8
produce,4,14.59,10,13.14,72.3
produce,6,6.58,40,3.95,172.8
produce,1,8.31,0,8.31,98.1
produce,5,14.23,20,11.38,92.9
produce,1,9.61,0,9.61,71.9
produce,0,8.23,30,5.76,200.6
produce,4,11.61,0,11.61,80.3
produce,7,4.92,30,3.44,145.8
produce,1,11.8,0,11.8,109.4
produce,7,14.97,10,13.48,61.9
produce,1,4.59,20,3.67,113.9
produce,7,2.34,50,1.17,410.2
produce,0,3.59,10,3.23,115.0
produce,5,4.13,30,2.89,140.4
produce,1,3.58,0,3.58,74.8
produce,3,4.96,10,4.46,65.4
produce,1,6.75,30,4.73,118.4
produce,5,9.62,40,5.77,134.5
produce,1,11.39,0,11.39,61.2
produce,3,7.02,30,4.92,186.0
produce,3,5.82,10,5.24,74.4
produce,3,3.66,10,3.29,72.0
produce,3,14.51,50,7.25,210.8
produce,3,10.8,0,10.8,88.6
produce,3,4.93,20,3.95,93.4
produce,1,2.57,50,1.28,253.1
produce,0,14.81,20,11.85,160.0
produce,2,4.57,0,4.57,57.7
produce,4,8.7,10,7.83,62.3
produce,7,13.46,30,9.42,126.5
produce,4,13.86,30,9.7,96.4
produce,7,2.26,10,2.04,105.5
produce,6,13.09,30,9.16,114.1
produce,3,7.16,0,7.16,57.0
produce,1,12.49,40,7.49,345.2
produce,4,4.47,50,2.23,283.7
produce,5,8.99,0,8.99,53.4
produce,4,5.14,30,3.6,124.1
produce,7,3.23,30,2.26,116.1
produce,5,2.65,50,1.33,248.1
produce,2,8.26,0,8.26,57.9
produce,5,5.3,0,5.3,79.0
produce,7,14.24,30,9.97,127.4
produce,2,6.23,40,3.74,176.9
produce,3,8.42,0,8.42,87.5
produce,4,4.43,20,3.55,92.4
produce,4,2.88,50,1.44,342.2
produce,5,4.42,20,3.53,90.6
produce,2,14.18,10,12.76,100.5
produce,3,10.76,40,6.46,137.4
produce,0,12.18,0,12.18,93.8
produce,7,14.94,0,14.94,82.8
produce,5,7.41,10,6.67,110.3
produce,5,6.98,30,4.88,151.7
produce,1,5.91,20,4.73,91.0
produce,4,9.01,0,9.01,86.1
produce,5,9.31,0,9.31,64.6
produce,0,10.03,50,5.02,324.6
produce,3,7.56,50,3.78,271.2
produce,7,10.2,10,9.18,66.3
produce,6,7.92,0,7.92,91.6
produce,6,14.58,10,13.12,102.7
produce,6,9.86,30,6.9,121.1
produce,4,8.33,0,8.33,101.3
produce,3,3.23,20,2.59,94.3
produce,3,7.64,0,7.64,65.4
produce,0,10.74,0,10.74,127.8
produce,4,6.59,0,6.59,52.5
produce,5,2.79,50,1.39,280.9
produce,6,3.25,30,2.28,145.9
produce,1,5.02,50,2.51,344.3
produce,1,13.25,0,13.25,83.6
produce,3,3.72,0,3.72,46.8
produce,1,4.8,10,4.32,143.1
produce,5,13.68,0,13.68,45.3
produce,1,3.95,40,2.37,231.7
produce,5,8.61,40,5.17,233.4
produce,6,8.52,0,8.52,43.5
produce,2,13.65,0,13.65,58.7
produce,4,3.9,0,3.9,75.2
produce,7,3.93,40,2.36,171.8
produce,0,8.39,0,8.39,52.8
produce,1,13.06,10,11.75,77.0
produce,3,5.32,10,4.79,88.2
produce,4,9.81,20,7.85,103.6
produce,4,8.92,10,8.03,47.1
produce,3,7.02,0,7.02,82.5
produce,7,13.9,10,12.51,56.3
produce,6,12.97,0,12.97,65.0
produce,3,6.0,10,5.4,74.5
produce,4,12.66,50,6.33,345.6
produce,2,2.53,30,1.77,172.6
produce,1,3.35,10,3.02,78.2
produce,4,12.78,50,6.39,168.0
produce,1,13.6,10,12.24,89.7
produce,6,10.86,10,9.78,122.2
produce,6,10.54,30,7.38,109.5
produce,6,11.69,0,11.69,46.7
produce,7,13.23,10,11.9,67.7
produce,2,4.92,0,4.92,91.7
produce,3,2.85,20,2.28,122.7
produce,5,5.07,10,4.56,111.8
produce,3,2.96,40,1.78,161.6
produce,2,11.85,0,11.85,73.0
produce,1,9.86,50,4.93,362.6
produce,5,3.76,50,1.88,300.6
produce,6,14.14,0,14.14,73.8
produce,6,7.63,10,6.87,56.2
produce,4,12.21,20,9.77,106.4
produce,1,13.91,20,11.13,144.6
produce,1,12.3,50,6.15,281.7
produce,0,5.37,30,3.76,178.0
produce,3,7.05,30,4.94,191.9
produce,7,12.65,20,10.12,74.9
produce,7,7.21,50,3.61,152.3
produce,5,11.18,0,11.18,66.8
produce,0,7.77,0,7.77,70.5
produce,1,13.0,50,6.5,258.1
produce,7,2.55,10,2.29,79.9
produce,5,5.9,40,3.54,84.1
produce,4,2.29,0,2.29,51.4
produce,5,4.93,20,3.94,98.1
produce,4,14.97,0,14.97,81.1
produce,1,10.95,0,10.95,59.7
produce,7,5.51,0,5.51,66.9
produce,2,9.07,0,9.07,84.0
produce,0,6.91,50,3.45,233.2
produce,3,10.4,0,10.4,77.3
produce,5,12.33,10,11.1,82.5
produce,1,10.83,10,9.75,116.4
produce,0,3.07,20,2.46,160.4
produce,3,3.55,0,3.55,58.1
produce,2,2.43,0,2.43,70.7
produce,3,5.03,30,3.52,130.0
produce,3,8.38,10,7.55,51.8
produce,3,9.53,40,5.72,319.9
produce,3,12.41,0,12.41,55.4
produce,1,11.1,30,7.77,174.0
produce,5,6.95,40,4.17,195.7
produce,4,11.19,20,8.95,104.3
produce,6,7.51,0,7.51,58.9
produce,5,12.79,20,10.23,100.1
produce,5,8.96,0,8.96,96.7
produce,7,8.5,50,4.25,294.1
produce,2,13.77,0,13.77,52.1
produce,4,9.58,0,9.58,86.9
produce,5,5.51,0,5.51,70.8
produce,2,13.48,0,13.48,44.8
produce,5,11.91,0,11.91,44.0
produce,1,7.94,40,4.77,299.2
produce,3,10.53,10,9.47,67.8
produce,2,3.46,10,3.11,116.8
produce,4,12.61,0,12.61,69.4
produce,0,2.6,50,1.3,445.9
produce,6,2.71,40,1.62,160.6
produce,0,8.36,20,6.69,199.9
produce,5,3.87,0,3.87,47.7
produce,6,12.05,10,10.84,118.1
produce,3,11.97,20,9.57,104.8
produce,7,12.09,30,8.47,99.8
produce,1,8.48,0,8.48,117.9
produce,3,13.37,0,13.37,71.0
produce,0,14.47,50,7.24,411.9
produce,6,11.99,0,11.99,102.8
produce,3,7.6,40,4.56,184.4
produce,1,4.63,20,3.7,118.4
produce,0,3.49,0,3.49,64.8
produce,7,10.58,0,10.58,68.6
produce,4,7.15,0,7.15,49.8
produce,5,9.52,50,4.76,298.7
produce,4,9.84,30,6.89,159.2
produce,5,2.19,50,1.09,269.7
produce,3,10.86,30,7.6,157.8
produce,0,4.31,0,4.31,130.8
produce,0,3.74,0,3.74,74.0
produce,3,5.21,20,4.17,151.2
produce,3,4.49,40,2.7,224.6
produce,3,11.54,20,9.23,116.1
produce,1,6.91,20,5.52,101.1
produce,0,7.13,50,3.57,274.5
produce,7,13.39,0,13.39,68.6
produce,4,14.62,50,7.31,261.6
produce,1,4.97,40,2.98,348.9
produce,6,11.42,0,11.42,68.2
produce,0,2.1,40,1.26,316.2
produce,4,10.99,30,7.69,131.1
produce,5,2.78,50,1.39,178.2
produce,6,13.92,0,13.92,51.6
produce,2,14.76,20,11.81,89.3
produce,1,10.98,0,10.98,110.5
produce,5,14.85,30,10.39,116.3
produce,0,8.97,20,7.18,97.1
produce,7,3.3,30,2.31,147.5
produce,5,7.54,10,6.79,113.5
produce,0,9.54,30,6.68,138.6
produce,5,2.25,50,1.13,308.3
produce,7,9.59,30,6.71,94.5
produce,3,7.24,40,4.34,132.1
produce,6,3.69,50,1.84,351.4
produce,5,7.79,0,7.79,72.5
produce,3,9.92,10,8.93,96.5
produce,5,5.5,10,4.95,72.1
produce,0,14.63,0,14.63,58.5
produce,0,9.28,0,9.28,119.0
produce,1,14.33,30,10.03,119.9
produce,5,12.74,0,12.74,42.7
produce,3,8.17,50,4.08,208.7
produce,6,12.7,0,12.7,56.2
produce,3,4.96,0,4.96,58.4
produce,7,12.9,0,12.9,41.8
produce,5,11.29,10,10.16,70.2
produce,6,8.61,20,6.89,116.0
produce,4,2.98,10,2.68,85.3
produce,5,10.86,40,6.52,199.1
produce,7,9.31,10,8.38,68.7
produce,3,3.98,50,1.99,291.2
produce,3,12.41,0,12.41,76.6
produce,7,12.95,0,12.95,63.8
produce,3,13.36,20,10.69,114.4
produce,7,2.47,20,1.97,111.1
produce,5,4.27,30,2.99,90.8
produce,3,11.7,0,11.7,62.8
produce,7,2.71,40,1.62,189.7
produce,6,5.92,0,5.92,76.9
produce,7,4.46,10,4.02,92.9
produce,7,11.63,40,6.98,206.6
produce,3,12.59,0,12.59,65.7
produce,5,13.13,0,13.13,54.4
produce,7,5.98,0,5.98,72.6
produce,7,14.49,50,7.24,249.7
produce,1,3.02,10,2.72,107.0
produce,3,4.55,10,4.09,145.2
produce,6,13.71,0,13.71,75.4
produce,4,9.25,30,6.47,114.3
produce,1,12.98,30,9.08,78.3
produce,5,2.42,30,1.7,125.9
produce,7,5.54,20,4.43,56.4
produce,6,5.02,30,3.51,116.7
produce,4,13.65,30,9.55,145.5
produce,2,5.31,0,5.31,63.7
produce,4,8.26,0,8.26,50.2
produce,7,5.25,30,3.67,214.1
produce,3,13.51,0,13.51,106.9
produce,7,8.79,0,8.79,52.4
produce,6,11.78,0,11.78,58.7
produce,5,7.18,0,7.18,70.1
produce,7,14.75,40,8.85,141.7
produce,5,7.86,0,7.86,67.2
produce,6,7.34,0,7.34,38.2
produce,1,14.46,10,13.02,104.3
produce,4,8.37,0,8.37,85.7
produce,1,7.36,20,5.89,125.1
produce,7,2.22,0,2.22,61.6
produce,4,4.26,20,3.41,91.1
produce,1,10.42,30,7.3,214.2
produce,6,14.58,30,10.21,170.6
produce,7,3.25,50,1.62,341.2
produce,4,14.26,0,14.26,43.0
produce,1,9.75,20,7.8,119.4
produce,6,7.49,40,4.49,252.9
produce,5,7.56,0,7.56,50.7
produce,1,14.37,0,14.37,89.7
produce,4,6.34,40,3.8,240.7
produce,3,12.17,20,9.74,83.5
produce,0,14.19,50,7.1,375.5
produce,6,8.79,0,8.79,55.2
produce,2,3.4,0,3.4,101.7
produce,0,11.38,10,10.24,115.2
produce,7,10.86,30,7.61,195.0
produce,1,6.55,30,4.59,237.4
produce,6,13.97,20,11.18,118.4
produce,3,3.0,0,3.0,68.6
produce,6,14.84,0,14.84,56.7
produce,0,13.46,10,12.12,119.0
produce,4,5.96,0,5.96,78.1
produce,6,14.92,0,14.92,60.9
produce,5,13.39,20,10.71,84.8
produce,2,6.19,0,6.19,88.0
produce,3,2.73,20,2.18,137.0
produce,1,9.24,30,6.47,226.7
produce,5,2.13,0,2.13,74.0
produce,2,4.61,0,4.61,56.7
produce,6,2.85,0,2.85,34.7
produce,5,11.06,0,11.06,50.5
produce,3,8.49,40,5.09,179.1
produce,2,6.56,0,6.56,51.6
produce,2,14.48,20,11.58,95.8
produce,5,4.49,0,4.49,58.5
produce,4,3.75,10,3.37,102.8
produce,0,4.19,0,4.19,86.5
produce,7,9.39,40,5.64,206.0
produce,3,14.16,20,11.33,91.3
produce,3,2.68,30,1.87,171.5
produce,0,9.6,30,6.72,130.1
produce,2,8.95,0,8.95,100.9
produce,7,4.08,0,4.08,55.1
produce,4,11.88,20,9.51,71.8
produce,0,4.04,40,2.42,249.7
produce,1,10.66,10,9.59,93.1
produce,7,2.5,10,2.25,80.4
produce,6,9.6,30,6.72,211.4
produce,7,2.11,20,1.69,145.6
produce,5,6.25,30,4.37,175.7
produce,6,3.28,30,2.3,105.4
produce,2,14.63,20,11.7,119.7
produce,1,9.29,30,6.5,260.3
produce,2,11.89,30,8.32,177.4
produce,0,11.24,20,9.0,112.1
produce,3,6.79,0,6.79,153.1
produce,1,8.1,10,7.29,110.7
produce,5,6.74,40,4.04,215.6
produce,3,2.2,0,2.2,59.3
produce,3,13.68,20,10.95,95.2
produce,4,10.84,0,10.84,45.5
produce,6,7.58,0,7.58,45.9
produce,5,14.02,0,14.02,57.8
produce,0,6.88,20,5.5,161.3
produce,7,14.79,0,14.79,55.3
produce,2,10.46,40,6.27,187.0
produce,0,11.31,50,5.66,410.0
produce,5,6.61,10,5.95,63.0
produce,6,7.05,10,6.34,66.5
produce,3,9.76,50,4.88,285.8
produce,7,7.01,40,4.21,240.9
produce,6,6.12,30,4.28,137.0
produce,0,5.43,30,3.8,217.5
produce,2,11.25,40,6.75,294.3
produce,3,14.31,0,14.31,80.7
produce,3,6.0,0,6.0,62.9
produce,5,2.74,10,2.47,86.9
produce,5,2.25,20,1.8,85.9
produce,0,12.46,50,6.23,380.0
produce,0,7.35,10,6.62,86.4
produce,0,12.35,30,8.64,279.6
produce,2,8.72,30,6.11,187.4
produce,1,13.2,0,13.2,92.9
produce,3,10.41,50,5.21,306.6
produce,6,5.49,30,3.84,131.6
produce,5,4.61,10,4.15,64.6
produce,6,11.52,10,10.36,69.0
produce,1,8.23,0,8.23,57.5
produce,1,2.03,10,1.83,90.5
produce,0,8.09,30,5.66,194.3
produce,1,12.53,10,11.28,129.2
produce,0,8.78,30,6.15,220.5
produce,3,3.69,30,2.58,172.5
produce,7,5.34,0,5.34,71.5
produce,7,10.48,0,10.48,100.1
produce,6,2.96,20,2.37,119.4
produce,1,13.84,0,13.84,55.0
produce,7,8.55,10,7.7,89.9
produce,7,9.63,40,5.78,147.8
produce,2,13.95,10,12.55,48.5
produce,4,4.86,0,4.86,55.4
produce,4,8.78,20,7.03,89.1
produce,0,12.06,10,10.86,87.0
produce,4,6.11,0,6.11,48.4
produce,3,2.54,20,2.03,73.8
produce,2,11.01,0,11.01,109.4
produce,0,5.93,10,5.34,85.8
produce,6,10.81,0,10.81,39.9
produce,1,12.38,10,11.15,103.7
produce,0,5.05,30,3.54,115.8
produce,0,13.17,30,9.22,258.3
produce,6,4.06,0,4.06,76.9
produce,7,2.45,10,2.2,65.7
produce,7,14.02,0,14.02,39.7
produce,1,4.13,10,3.72,91.5
produce,4,14.37,10,12.93,60.0
produce,3,12.88,0,12.88,60.4
produce,0,7.88,30,5.51,252.1
produce,7,3.5,30,2.45,181.4
produce,2,3.51,50,1.76,385.4
produce,5,9.57,0,9.57,145.1
produce,2,14.87,10,13.39,117.3
produce,0,8.57,10,7.72,127.1
produce,7,6.3,50,3.15,328.4
produce,6,8.65,10,7.78,79.4
produce,6,8.75,30,6.12,134.9
produce,5,9.2,30,6.44,216.2
produce,5,14.01,50,7.0,295.3
produce,5,14.3,20,11.44,70.5
produce,7,8.02,0,8.02,56.5
produce,4,12.1,40,7.26,121.6
produce,1,4.94,50,2.47,250.1
produce,4,5.04,30,3.53,132.3
produce,5,4.39,20,3.51,130.7
produce,3,11.67,10,10.5,100.8
produce,4,7.38,0,7.38,102.2
produce,7,10.74,30,7.52,141.0
produce,7,11.97,0,11.97,51.5
produce,7,7.84,0,7.84,66.7
produce,0,7.79,10,7.02,76.7
produce,0,4.84,50,2.42,580.3
produce,7,10.23,10,9.2,64.0
produce,4,12.77,0,12.77,40.4
produce,5,12.02,0,12.02,40.7
produce,4,5.13,30,3.59,134.0
produce,0,4.75,10,4.28,107.7
produce,6,7.8,0,7.8,64.3
produce,5,11.19,50,5.59,356.2
produce,1,3.32,10,2.99,129.0
produce,7,5.99,30,4.19,157.1
produce,1,13.24,30,9.27,202.4
produce,3,5.48,0,5.48,63.8
produce,0,14.86,10,13.37,110.2
produce,3,4.6,0,4.6,59.9
produce,7,5.17,40,3.1,146.7
produce,0,9.9,30,6.93,142.1
produce,5,13.26,30,9.28,118.3
produce,4,14.97,0,14.97,59.9
produce,5,9.12,30,6.39,142.7
produce,7,5.38,0,5.38,68.2
produce,3,14.78,0,14.78,83.0
produce,2,5.66,0,5.66,55.3
produce,4,3.56,0,3.56,43.2
produce,1,13.61,0,13.61,92.8
produce,0,4.85,40,2.91,361.4
produce,4,4.51,0,4.51,62.6
produce,4,5.84,0,5.84,59.7
produce,5,10.0,30,7.0,155.3
produce,5,14.86,0,14.86,63.1
produce,4,9.24,0,9.24,51.1
produce,5,13.62,0,13.62,47.3
produce,2,9.89,0,9.89,64.3
produce,4,12.45,0,12.45,72.2
produce,6,13.13,10,11.82,94.1
produce,2,12.59,20,10.07,102.8
produce,5,9.89,40,5.93,233.7
produce,6,8.62,40,5.17,132.9
produce,2,3.18,20,2.54,116.4
produce,3,2.95,20,2.36,116.2
produce,7,5.81,0,5.81,57.6
produce,7,6.59,0,6.59,42.5
produce,3,11.74,20,9.4,135.4
produce,1,13.67,0,13.67,88.2
produce,0,14.83,0,14.83,90.5
produce,1,3.67,0,3.67,127.3
produce,4,7.99,50,4.0,235.5
produce,5,10.8,30,7.56,133.9
produce,2,2.07,0,2.07,112.0
produce,1,13.89,0,13.89,80.7
produce,5,10.51,30,7.35,124.4
produce,1,13.57,30,9.5,212.4
produce,2,10.88,50,5.44,309.5
produce,4,5.3,30,3.71,217.0
produce,6,9.47,0,9.47,46.3
produce,6,4.46,0,4.46,48.2
produce,0,9.2,0,9.2,74.6
produce,2,6.03,10,5.42,138.5
produce,0,2.36,10,2.12,66.6
produce,5,2.76,0,2.76,46.3
produce,3,9.41,10,8.47,79.5
produce,6,5.79,10,5.21,63.0
produce,0,3.15,20,2.52,120.4
produce,0,9.74,0,9.74,78.3
produce,5,8.44,50,4.22,247.0
produce,6,2.05,0,2.05,42.2
produce,6,9.89,10,8.9,64.6
produce,6,14.76,40,8.86,260.5
produce,7,7.01,10,6.31,79.3
produce,1,5.13,20,4.1,136.6
produce,7,8.44,30,5.91,125.8
produce,0,3.11,20,2.49,114.2
produce,4,9.26,20,7.41,89.3
produce,0,2.47,0,2.47,69.7
produce,0,7.76,0,7.76,65.1
produce,2,11.22,0,11.22,99.9
produce,0,14.65,0,14.65,68.0
produce,2,14.81,0,14.81,81.3
produce,3,14.93,0,14.93,64.9
produce,1,7.58,0,7.58,89.5
produce,5,10.23,10,9.2,62.7
produce,4,13.76,0,13.76,46.1
produce,7,9.91,50,4.95,248.4
produce,4,8.8,20,7.04,79.1
produce,1,4.02,0,4.02,73.9
produce,6,10.13,10,9.12,70.1
produce,4,2.34,20,1.87,78.9
produce,1,6.2,0,6.2,77.1
produce,2,4.66,0,4.66,54.4
produce,2,2.29,40,1.38,229.6
produce,7,4.41,50,2.2,317.3
produce,7,3.08,30,2.16,90.5
produce,2,7.14,20,5.71,103.5
produce,3,9.33,0,9.33,54.3
produce,1,4.14,0,4.14,58.4
produce,4,6.24,10,5.62,65.2
produce,5,13.27,0,13.27,94.0
produce,5,9.9,0,9.9,74.8
produce,7,3.52,10,3.17,40.5
produce,6,8.28,20,6.63,83.9
produce,5,3.88,0,3.88,73.2
produce,3,4.09,20,3.27,97.6
produce,3,10.71,40,6.43,79.4
produce,4,3.26,50,1.63,312.5
produce,1,4.84,0,4.84,81.6
produce,2,3.71,30,2.6,196.2
produce,6,4.37,0,4.37,127.6
produce,5,5.69,20,4.55,108.7
produce,4,6.17,40,3.7,148.3
produce,6,4.09,0,4.09,59.2
produce,2,8.75,20,7.0,91.6
produce,4,4.53,20,3.62,102.4
produce,2,11.52,40,6.91,225.6
produce,5,2.2,50,1.1,263.1
produce,5,3.22,0,3.22,73.8
produce,3,12.78,20,10.23,171.5
produce,7,14.28,0,14.28,59.3
produce,0,12.55,10,11.29,70.7
produce,0,4.79,40,2.87,460.3
produce,4,9.84,10,8.85,57.1
produce,0,13.08,0,13.08,88.2
produce,6,2.35,0,2.35,48.2
produce,2,9.86,10,8.87,98.6
produce,3,14.84,10,13.36,98.2
produce,5,6.05,20,4.84,90.3
produce,1,2.42,20,1.94,163.5
produce,0,4.43,10,3.98,88.3
produce,2,10.71,0,10.71,58.1
produce,0,7.75,40,4.65,264.7
produce,2,3.26,0,3.26,53.7
produce,2,11.92,30,8.34,165.1
produce,2,12.67,30,8.87,107.9
produce,2,7.5,40,4.5,199.3
produce,4,10.27,20,8.22,100.8
produce,2,7.28,20,5.82,84.4
produce,6,7.25,0,7.25,34.0
produce,0,3.05,30,2.14,180.3
produce,7,12.02,30,8.41,113.6
produce,3,2.64,40,1.58,156.1
produce,4,6.76,30,4.73,152.9
produce,7,11.84,40,7.1,229.0
produce,4,14.8,0,14.8,84.6
produce,7,6.02,50,3.01,270.5
produce,1,11.99,0,11.99,46.3
produce,0,2.99,20,2.39,162.8
produce,2,3.28,50,1.64,258.4
produce,0,14.08,30,9.86,161.7
produce,7,6.87,50,3.44,351.1
produce,7,11.3,0,11.3,51.0
produce,3,10.78,10,9.71,67.9
produce,1,3.8,20,3.04,111.5
produce,0,2.7,0,2.7,88.5
produce,1,12.96,0,12.96,83.4
produce,0,13.88,10,12.49,105.4
produce,7,13.86,10,12.48,92.3
produce,1,9.93,30,6.95,159.5
produce,2,11.49,0,11.49,67.8
produce,2,2.85,0,2.85,80.4
produce,3,7.61,0,7.61,58.1
produce,5,10.28,20,8.22,95.2
produce,2,12.64,40,7.58,262.4
produce,4,12.94,30,9.05,135.1
produce,7,2.54,0,2.54,99.3
produce,5,7.25,50,3.62,389.0
produce,1,12.01,0,12.01,84.5
produce,0,13.83,20,11.06,100.4
produce,6,3.0,0,3.0,42.1
produce,6,9.41,40,5.64,252.1
produce,3,13.55,0,13.55,71.9
produce,7,8.54,40,5.12,263.2
produce,0,5.05,50,2.52,618.3
produce,0,8.25,10,7.42,186.0
produce,0,12.45,30,8.71,173.3
produce,7,10.65,30,7.45,144.8
produce,4,11.41,10,10.27,53.8
produce,7,8.16,0,8.16,68.4
produce,5,10.57,20,8.46,97.9
produce,0,14.6,10,13.14,84.3
produce,7,13.66,20,10.93,68.0
produce,0,2.7,0,2.7,68.4
produce,7,8.27,30,5.79,170.2
produce,3,9.44,10,8.5,56.3
produce,0,6.09,40,3.65,379.9
produce,7,5.74,30,4.02,161.5
produce,0,10.47,20,8.37,125.3
produce,2,4.73,30,3.31,178.0
produce,5,3.39,0,3.39,72.3
produce,1,10.24,30,7.17,184.3
produce,0,6.41,10,5.77,117.5
produce,6,14.54,20,11.63,102.7
produce,7,14.09,10,12.68,48.6
produce,1,5.59,10,5.03,106.2
produce,6,5.19,50,2.59,188.5
produce,5,3.94,0,3.94,50.8
produce,1,6.67,10,6.01,81.7
produce,4,3.63,10,3.26,97.8
produce,7,10.77,10,9.69,79.3
produce,3,3.21,0,3.21,75.0
produce,5,7.91,10,7.12,78.2
produce,2,8.98,10,8.09,81.1
produce,7,2.78,10,2.5,62.5
produce,2,11.27,40,6.76,227.3
produce,7,5.25,0,5.25,68.1
produce,7,4.75,0,4.75,33.3
produce,2,10.92,40,6.55,127.5
produce,4,9.91,10,8.92,93.0
produce,4,3.68,0,3.68,35.4
produce,6,9.54,10,8.59,115.8
produce,5,8.3,30,5.81,88.8
produce,5,9.63,10,8.67,79.8
produce,3,4.84,50,2.42,230.3
produce,0,12.34,40,7.4,290.3
produce,3,2.21,10,1.99,82.6
produce,6,3.76,0,3.76,38.5
produce,5,12.47,50,6.24,365.2
produce,3,14.2,0,14.2,73.0
produce,0,10.05,30,7.03,105.1
produce,2,7.76,40,4.65,235.3
produce,4,7.51,50,3.75,268.6
produce,2,12.8,10,11.52,119.0
produce,1,9.05,10,8.14,83.3
produce,4,11.07,10,9.97,76.6
produce,1,14.33,50,7.17,282.2
produce,4,6.04,0,6.04,47.3
produce,4,11.56,50,5.78,191.7
produce,7,10.19,30,7.13,121.6
produce,0,3.1,10,2.79,96.8
produce,2,13.14,0,13.14,76.5
produce,3,9.49,30,6.64,179.7
produce,4,3.17,20,2.54,118.9
produce,5,10.45,0,10.45,48.3
produce,4,13.73,40,8.24,123.9
produce,6,9.07,0,9.07,47.9
produce,2,4.84,0,4.84,80.6
produce,3,12.14,10,10.93,66.2
produce,0,6.12,20,4.9,233.5
produce,2,11.47,10,10.32,110.0
produce,5,2.35,0,2.35,70.9
produce,4,8.84,30,6.19,151.2
produce,3,12.6,10,11.34,84.7
produce,2,5.83,0,5.83,78.5
produce,2,2.98,20,2.38,96.8
produce,0,10.33,50,5.17,160.1
produce,3,3.49,20,2.79,108.7
produce,5,10.95,50,5.47,238.2
produce,2,3.08,50,1.54,268.1
produce,4,13.52,10,12.17,61.2
produce,5,11.11,10,10.0,116.2
produce,5,14.45,0,14.45,59.9
produce,3,2.55,0,2.55,72.9
produce,5,5.17,0,5.17,67.3
produce,0,13.88,20,11.11,127.3
produce,6,3.37,0,3.37,68.0
produce,7,8.78,20,7.02,78.6
produce,3,7.98,50,3.99,238.9
produce,7,5.07,30,3.55,157.6
produce,0,12.92,20,10.34,150.9
produce,7,10.22,40,6.13,160.5
produce,6,14.99,0,14.99,70.6
produce,6,11.04,0,11.04,60.7
produce,1,14.39,20,11.51,141.1
produce,4,10.59,20,8.47,91.0
produce,2,12.94,50,6.47,451.3
produce,4,7.15,0,7.15,76.9
produce,1,2.95,50,1.48,285.4
produce,6,3.78,0,3.78,82.9
produce,4,4.0,0,4.0,76.1
produce,6,4.69,20,3.75,106.5
produce,6,12.77,10,11.49,89.1
produce,2,7.45,0,7.45,68.1
produce,0,13.56,20,10.85,99.8
produce,0,8.1,20,6.48,132.6
produce,1,9.37,0,9.37,94.9
produce,2,9.92,0,9.92,103.3
produce,0,4.87,40,2.92,314.8
produce,6,4.13,0,4.13,57.9
produce,2,10.92,50,5.46,399.5
produce,3,4.83,50,2.42,304.9
produce,5,11.7,0,11.7,48.3
produce,4,9.8,0,9.8,71.6
produce,0,8.85,20,7.08,191.2
produce,5,2.69,0,2.69,79.8
produce,3,2.48,10,2.23,99.5
produce,2,11.74,0,11.74,95.0
produce,4,13.79,0,13.79,126.1
produce,2,6.31,0,6.31,61.1
produce,2,10.15,10,9.14,51.3
produce,2,14.17,0,14.17,63.1
produce,1,14.83,50,7.42,447.4
produce,1,2.16,30,1.51,159.9
produce,7,7.13,0,7.13,68.2
produce,3,14.66,0,14.66,51.5
produce,0,5.53,0,5.53,81.7
produce,1,10.35,0,10.35,72.3
produce,7,4.62,30,3.24,148.8
produce,5,12.25,50,6.12,327.4
produce,0,13.72,10,12.35,99.6
produce,3,7.11,50,3.56,329.5
produce,6,5.6,0,5.6,79.0
produce,2,8.24,0,8.24,77.7
produce,3,13.23,20,10.58,136.8
produce,2,8.75,10,7.88,112.6
produce,4,12.03,0,12.03,62.7
produce,0,4.93,40,2.96,250.0
produce,5,8.94,10,8.05,57.9
produce,5,5.26,30,3.68,132.3
produce,1,12.38,0,12.38,66.4
produce,4,6.74,0,6.74,79.6
produce,4,2.88,40,1.73,219.2
produce,4,7.65,10,6.88,86.4
produce,2,13.32,20,10.66,152.5
produce,0,14.12,0,14.12,75.4
produce,7,6.63,0,6.63,63.7
produce,1,4.07,0,4.07,74.3
produce,7,7.33,10,6.59,93.6
produce,2,7.88,40,4.73,131.6
produce,5,8.25,0,8.25,71.1
produce,6,6.84,20,5.47,111.2
produce,3,14.09,10,12.68,104.1
produce,2,7.39,0,7.39,57.4
produce,3,3.09,0,3.09,108.4
produce,5,14.61,30,10.22,153.0
produce,0,11.53,20,9.23,146.1
produce,4,9.81,10,8.83,63.4
produce,1,7.18,50,3.59,347.3
produce,2,11.48,0,11.48,77.5
produce,0,10.36,0,10.36,60.9
produce,6,5.31,40,3.18,104.3
produce,3,12.53,40,7.52,214.3
produce,2,6.94,30,4.86,128.2
produce,3,12.57,10,11.31,100.4
produce,2,9.03,10,8.13,91.4
produce,4,11.7,20,9.36,94.0
produce,7,7.44,10,6.7,97.9
produce,3,8.11,10,7.3,103.9
produce,2,8.08,0,8.08,99.1
produce,5,14.27,30,9.99,206.0
produce,1,9.93,30,6.95,131.4
produce,3,7.73,10,6.96,124.0
produce,6,14.54,0,14.54,69.2
produce,6,7.23,0,7.23,52.1
produce,3,2.01,30,1.4,145.0
produce,1,10.65,0,10.65,75.3
produce,1,8.61,20,6.89,110.1
produce,7,4.39,50,2.2,246.1
produce,3,8.33,0,8.33,84.2
produce,6,8.11,10,7.3,125.6
produce,7,3.34,20,2.67,152.6
produce,4,13.92,40,8.35,178.8
produce,1,14.16,20,11.33,137.5
produce,2,14.63,20,11.7,124.4
produce,4,12.97,30,9.08,82.6
produce,7,7.76,30,5.43,130.8
produce,0,2.43,0,2.43,147.3
produce,7,7.3,50,3.65,363.5
produce,0,13.63,0,13.63,69.9
produce,4,11.68,0,11.68,62.4
produce,0,10.77,0,10.77,76.0
produce,0,9.28,0,9.28,96.5
produce,4,10.02,30,7.01,201.1
produce,6,14.36,20,11.49,108.0
produce,1,2.06,20,1.65,75.7
produce,2,14.31,0,14.31,92.0
produce,0,5.52,30,3.86,255.8
produce,5,7.01,20,5.61,122.3
produce,3,4.66,30,3.26,175.1
produce,1,7.58,20,6.07,115.6
produce,6,12.59,20,10.07,90.1
produce,6,6.23,10,5.61,65.5
produce,4,7.96,30,5.57,178.3
produce,1,9.76,40,5.86,217.8
produce,3,4.58,10,4.12,58.9
produce,5,12.05,0,12.05,65.4
produce,0,6.27,20,5.02,169.9
produce,7,11.63,10,10.47,53.8
produce,3,5.36,50,2.68,192.7
produce,6,5.08,10,4.57,125.3
produce,3,13.49,40,8.09,157.4
produce,0,5.65,10,5.09,169.4
produce,4,10.79,30,7.55,79.3
produce,3,8.95,20,7.16,86.2
produce,1,7.94,0,7.94,54.6
produce,1,12.22,0,12.22,102.8
produce,3,4.51,30,3.16,158.7
produce,1,13.87,10,12.49,91.0
produce,5,4.26,50,2.13,203.9
produce,4,10.25,0,10.25,50.4
produce,2,8.63,0,8.63,65.5
produce,2,7.5,0,7.5,52.0
produce,3,9.57,30,6.7,123.1
produce,0,8.3,30,5.81,255.2
produce,5,4.26,40,2.55,206.6
produce,2,7.56,0,7.56,83.0
produce,1,13.41,20,10.73,120.9
produce,3,7.33,30,5.13,117.9
produce,4,9.74,30,6.81,130.7
produce,5,10.24,0,10.24,52.1
produce,1,11.05,10,9.95,82.9
produce,3,7.22,20,5.78,123.3
produce,6,7.43,40,4.46,210.2
produce,0,3.77,20,3.02,113.2
produce,5,9.18,0,9.18,37.9
produce,1,3.21,20,2.57,124.1
produce,4,3.71,20,2.97,108.3
produce,1,12.07,0,12.07,78.5
produce,6,10.67,0,10.67,43.7
produce,5,3.97,50,1.99,314.4
produce,1,5.19,30,3.63,204.9
produce,6,7.16,0,7.16,64.6
produce,5,8.26,10,7.44,65.9
produce,2,6.28,0,6.28,61.1
produce,7,12.71,40,7.63,323.9
produce,6,2.94,10,2.64,87.1
produce,6,5.9,0,5.9,113.5
produce,6,13.06,10,11.75,74.5
produce,6,7.44,30,5.21,123.2
produce,4,4.55,0,4.55,57.2
produce,6,3.79,0,3.79,63.9
produce,2,11.08,30,7.75,183.3
produce,2,3.42,50,1.71,255.4
produce,3,7.08,0,7.08,80.1
produce,6,7.84,30,5.49,132.0
produce,5,8.57,0,8.57,69.1
produce,2,11.21,0,11.21,51.8
produce,2,10.6,0,10.6,50.1
produce,2,14.92,10,13.43,56.5
produce,7,14.34,0,14.34,50.6
produce,6,4.99,10,4.5,103.6
produce,4,10.53,0,10.53,89.1
produce,5,11.05,30,7.74,119.5
produce,4,2.53,50,1.27,237.2
produce,5,8.86,10,7.98,60.9
produce,7,3.57,0,3.57,49.9
produce,3,2.89,30,2.02,99.5
produce,2,11.92,20,9.53,119.6
produce,0,4.34,30,3.04,224.6
produce,6,7.59,0,7.59,57.5
produce,5,5.54,20,4.43,86.3
produce,2,2.65,0,2.65,106.1
produce,2,9.14,0,9.14,57.2
produce,5,2.89,30,2.02,154.6
produce,5,7.97,50,3.99,249.1
produce,7,14.51,20,11.61,105.0
produce,3,10.24,50,5.12,357.5
produce,4,2.02,30,1.41,138.4
produce,3,3.42,40,2.05,140.6
produce,0,6.32,0,6.32,89.5
produce,4,10.02,0,10.02,41.5
produce,4,10.51,0,10.51,58.0
produce,1,6.84,10,6.16,88.9
produce,1,8.41,30,5.89,128.8
produce,4,9.23,0,9.23,38.2
produce,7,4.66,20,3.72,112.2
produce,5,8.68,50,4.34,354.5
produce,2,10.61,30,7.43,129.5
produce,2,10.16,0,10.16,58.2
produce,4,11.82,40,7.09,259.0
produce,2,11.24,10,10.11,119.9
produce,5,2.46,0,2.46,72.4
produce,7,7.61,40,4.57,247.1
produce,0,14.03,0,14.03,93.8
produce,3,8.93,30,6.25,121.4
produce,2,14.53,0,14.53,42.2
produce,6,12.63,20,10.1,72.9
produce,3,10.79,0,10.79,71.6
produce,0,10.9,0,10.9,72.1
produce,0,3.23,10,2.91,80.8
produce,2,12.38,20,9.9,66.0
produce,6,12.54,40,7.53,228.6
produce,6,13.05,10,11.75,45.5
produce,1,9.14,30,6.4,155.0
produce,1,10.97,10,9.87,85.2
produce,1,3.58,10,3.22,59.5
produce,5,6.15,30,4.31,158.9
produce,5,3.27,0,3.27,54.1
produce,7,9.36,10,8.42,61.0
produce,5,4.37,20,3.5,79.5
produce,3,9.67,40,5.8,200.2
produce,2,7.5,0,7.5,90.7
produce,0,13.95,10,12.56,101.5
produce,6,8.14,20,6.51,73.4
produce,4,13.05,10,11.75,51.7
produce,7,11.76,40,7.06,187.5
produce,1,5.17,20,4.14,102.1
produce,6,3.96,0,3.96,61.7
produce,6,5.66,30,3.96,214.7
produce,3,4.1,10,3.69,101.6
produce,3,9.39,30,6.58,181.5
produce,4,9.91,0,9.91,81.5
produce,6,6.24,30,4.37,169.6
produce,7,8.63,0,8.63,52.3
produce,4,5.95,20,4.76,202.0
produce,0,14.9,20,11.92,103.9
produce,4,13.56,10,12.21,60.0
produce,4,4.75,40,2.85,285.9
produce,7,6.09,0,6.09,95.7
produce,6,7.04,0,7.04,55.3
produce,4,8.66,50,4.33,189.0
produce,3,13.98,20,11.18,179.0
produce,1,3.15,20,2.52,138.5
produce,6,11.39,10,10.25,72.1
produce,0,11.48,30,8.04,155.4
produce,1,8.49,30,5.95,129.2
produce,1,6.47,30,4.53,155.0
produce,2,7.79,20,6.23,108.6
produce,0,8.31,50,4.16,324.3
produce,7,12.64,30,8.85,181.3
produce,3,3.6,10,3.24,169.5
produce,2,2.32,0,2.32,75.8
produce,2,13.37,20,10.7,105.6
produce,3,9.25,10,8.33,80.2
produce,0,6.27,0,6.27,141.4
produce,4,14.02,40,8.41,250.3
produce,1,11.31,30,7.92,202.1
produce,7,7.59,30,5.31,104.9
produce,1,9.54,0,9.54,136.4
produce,0,9.02,0,9.02,60.3
produce,6,9.32,0,9.32,83.4
produce,2,7.15,0,7.15,43.5
produce,0,11.03,20,8.82,154.4
produce,0,11.05,0,11.05,84.8
produce,4,5.68,30,3.98,215.8
produce,5,11.55,50,5.78,504.6
produce,5,4.21,40,2.53,191.0
produce,6,8.75,0,8.75,67.0
produce,5,12.95,10,11.65,85.0
produce,0,6.89,30,4.82,179.8
produce,3,14.19,30,9.93,121.5
produce,2,9.52,30,6.66,123.1
produce,1,11.52,10,10.36,77.1
produce,2,4.3,40,2.58,232.3
produce,3,7.26,30,5.08,243.9
produce,5,12.36,10,11.12,64.1
produce,7,12.75,0,12.75,51.8
produce,5,3.81,0,3.81,52.2
produce,1,13.76,20,11.01,161.9
produce,3,8.17,50,4.08,348.9
produce,6,12.26,20,9.81,67.4
produce,3,5.61,10,5.05,99.9
produce,2,14.49,10,13.04,88.8
produce,3,9.38,50,4.69,202.5
produce,3,2.3,30,1.61,125.3
produce,7,6.44,20,5.15,86.6
produce,6,3.68,30,2.58,147.2
produce,3,6.68,0,6.68,92.4
produce,6,4.69,40,2.81,215.5
produce,7,4.95,0,4.95,64.1
produce,5,13.35,50,6.67,438.2
produce,6,14.27,50,7.14,368.4
produce,0,9.57,40,5.74,185.7
produce,4,14.61,40,8.76,164.1
produce,3,14.97,40,8.98,278.2
produce,0,3.86,20,3.09,110.7
produce,7,9.17,0,9.17,67.0
produce,6,3.35,50,1.67,398.6
produce,5,7.25,10,6.52,82.7
produce,1,2.38,20,1.9,124.6
produce,1,14.33,0,14.33,87.4
produce,3,6.1,0,6.1,53.7
produce,1,12.71,10,11.44,112.1
produce,5,14.24,30,9.97,177.9
produce,4,8.58,50,4.29,304.1
produce,0,10.22,10,9.2,142.5
produce,2,2.12,40,1.27,177.0
deli_meat,6,11.53,10,10.38,17.0
deli_meat,1,10.32,0,10.32,19.4
deli_meat,3,5.91,0,5.91,20.2
deli_meat,0,12.32,20,9.85,46.9
deli_meat,2,7.77,20,6.22,37.4
deli_meat,2,7.18,20,5.74,33.0
deli_meat,1,10.89,10,9.8,33.8
deli_meat,5,3.0,0,3.0,26.0
deli_meat,7,10.0,0,10.0,20.2
deli_meat,5,13.42,50,6.71,47.7
deli_meat,6,4.76,10,4.29,21.8
deli_meat,1,3.96,0,3.96,24.6
deli_meat,0,4.21,10,3.79,24.9
deli_meat,0,4.7,0,4.7,25.5
deli_meat,6,3.56,20,2.85,20.5
deli_meat,5,14.21,0,14.21,35.5
deli_meat,5,8.41,50,4.2,54.0
deli_meat,5,3.12,0,3.12,22.7
deli_meat,1,12.89,0,12.89,25.1
deli_meat,5,13.22,20,10.57,19.1
deli_meat,7,12.37,50,6.19,83.3
deli_meat,6,6.96,20,5.57,33.9
deli_meat,0,14.43,0,14.43,21.6
deli_meat,4,11.75,10,10.57,23.5
deli_meat,5,3.04,10,2.74,20.6
deli_meat,2,2.91,0,2.91,20.7
deli_meat,4,7.37,0,7.37,23.4
deli_meat,6,13.45,0,13.45,19.5
deli_meat,7,8.05,20,6.44,29.0
deli_meat,2,2.46,10,2.21,21.7
deli_meat,4,7.96,50,3.98,36.8
deli_meat,0,10.84,40,6.5,46.9
deli_meat,7,8.74,0,8.74,20.5
deli_meat,1,9.93,40,5.96,36.4
deli_meat,2,4.79,30,3.35,41.6
deli_meat,3,8.11,0,8.11,23.4
deli_meat,5,3.88,10,3.49,15.8
deli_meat,1,10.41,40,6.25,60.2
deli_meat,7,11.6,0,11.6,13.1
deli_meat,6,5.77,30,4.04,74.9
deli_meat,3,13.6,30,9.52,39.1
deli_meat,5,7.06,30,4.94,47.1
deli_meat,4,6.78,50,3.39,96.3
deli_meat,0,14.55,10,13.1,46.1
deli_meat,6,3.41,40,2.05,55.4
deli_meat,4,2.81,30,1.96,25.1
deli_meat,1,9.76,0,9.76,29.2
deli_meat,4,12.32,40,7.39,61.2
deli_meat,0,7.75,40,4.65,42.1
deli_meat,5,10.85,50,5.42,60.5
deli_meat,5,10.72,10,9.65,15.7
deli_meat,4,11.56,20,9.25,22.3
deli_meat,4,2.16,10,1.95,40.8
deli_meat,6,7.62,20,6.09,33.8
deli_meat,2,8.69,0,8.69,18.6
deli_meat,5,8.18,10,7.36,32.0
deli_meat,4,3.89,40,2.33,44.4
deli_meat,0,14.44,50,7.22,109.0
deli_meat,7,6.23,0,6.23,18.8
deli_meat,6,5.95,0,5.95,21.4
deli_meat,7,14.65,20,11.72,24.4
deli_meat,3,12.14,10,10.92,28.3
deli_meat,4,14.1,0,14.1,23.3
deli_meat,6,4.36,10,3.93,23.3
deli_meat,1,11.59,40,6.96,50.9
deli_meat,6,10.03,0,10.03,16.3
deli_meat,7,4.93,0,4.93,13.7
deli_meat,6,10.67,20,8.53,27.5
deli_meat,3,8.65,10,7.79,15.8
deli_meat,0,12.65,50,6.32,58.9
deli_meat,6,4.25,30,2.98,44.3
deli_meat,3,8.74,0,8.74,19.0
deli_meat,5,10.96,40,6.57,48.2
deli_meat,2,4.89,0,4.89,31.9
deli_meat,4,7.27,20,5.82,28.0
deli_meat,3,4.63,20,3.7,21.5
deli_meat,3,5.32,0,5.32,27.0
deli_meat,4,10.17,30,7.12,34.6
deli_meat,7,4.52,0,4.52,26.9
deli_meat,3,3.14,30,2.2,39.5
deli_meat,6,3.49,10,3.14,19.5
deli_meat,0,10.68,0,10.68,32.9
deli_meat,0,12.7,50,6.35,56.5
deli_meat,5,6.72,30,4.71,35.9
deli_meat,6,5.28,0,5.28,13.8
deli_meat,4,7.72,40,4.63,32.0
deli_meat,3,3.67,0,3.67,26.2
deli_meat,0,5.82,0,5.82,38.5
deli_meat,6,3.15,10,2.83,25.4
deli_meat,7,9.28,0,9.28,21.2
deli_meat,0,9.82,0,9.82,27.1
deli_meat,1,13.91,0,13.91,42.1
deli_meat,3,12.91,30,9.04,56.6
deli_meat,7,3.63,30,2.54,19.7
deli_meat,1,9.64,20,7.72,28.8
deli_meat,0,7.01,30,4.91,68.4
deli_meat,7,8.23,50,4.11,51.9
deli_meat,4,7.68,20,6.14,26.8
deli_meat,4,6.83,20,5.46,25.2
deli_meat,4,10.66,0,10.66,17.2
deli_meat,1,10.47,20,8.38,47.0
deli_meat,1,4.08,30,2.86,47.4
deli_meat,3,12.58,10,11.32,22.9
deli_meat,0,10.09,0,10.09,42.9
deli_meat,4,3.23,20,2.58,21.8
deli_meat,4,3.15,40,1.89,34.7
deli_meat,4,2.23,20,1.78,29.7
deli_meat,2,8.17,30,5.72,29.4
deli_meat,3,2.93,40,1.76,55.2
deli_meat,0,4.35,40,2.61,24.4
deli_meat,6,7.7,50,3.85,51.5
deli_meat,0,2.9,20,2.32,66.1
deli_meat,3,3.43,0,3.43,18.6
deli_meat,4,5.91,10,5.32,21.7
deli_meat,5,7.34,10,6.6,20.0
deli_meat,5,6.16,50,3.08,54.0
deli_meat,3,8.56,10,7.7,23.6
deli_meat,4,5.45,20,4.36,26.8
deli_meat,2,11.3,20,9.04,42.8
deli_meat,0,6.0,0,6.0,44.4
deli_meat,6,11.15,0,11.15,19.2
deli_meat,4,7.14,10,6.43,26.4
deli_meat,2,11.35,30,7.94,34.4
deli_meat,0,3.4,50,1.7,127.8
deli_meat,2,7.6,40,4.56,69.1
deli_meat,4,9.48,50,4.74,61.7
deli_meat,0,10.62,50,5.31,92.2
deli_meat,1,11.39,20,9.11,55.8
deli_meat,6,2.4,0,2.4,19.8
deli_meat,4,14.33,0,14.33,20.4
deli_meat,2,12.53,0,12.53,26.4
deli_meat,1,9.04,50,4.52,67.0
deli_meat,4,3.92,0,3.92,14.0
deli_meat,1,4.05,30,2.83,37.4
deli_meat,5,5.2,0,5.2,35.1
deli_meat,1,9.51,10,8.56,27.9
deli_meat,4,4.86,10,4.37,13.1
deli_meat,1,5.72,40,3.43,80.3
deli_meat,2,3.31,0,3.31,31.4
deli_meat,6,12.36,20,9.89,24.3
deli_meat,1,3.42,0,3.42,24.1
deli_meat,7,7.39,0,7.39,13.2
deli_meat,6,5.77,0,5.77,16.4
deli_meat,2,9.42,30,6.59,34.5
deli_meat,3,2.28,0,2.28,26.8
deli_meat,5,9.89,40,5.93,40.5
deli_meat,0,10.78,40,6.47,56.5
deli_meat,7,8.78,20,7.03,24.4
deli_meat,5,12.47,10,11.23,16.2
deli_meat,1,8.9,20,7.12,39.2
deli_meat,3,3.17,0,3.17,21.4
deli_meat,7,8.39,40,5.04,45.4
deli_meat,4,3.74,20,3.0,23.9
deli_meat,3,5.89,20,4.71,27.2
deli_meat,4,7.39,50,3.69,74.2
deli_meat,6,14.45,50,7.22,93.2
deli_meat,2,9.37,10,8.44,35.3
deli_meat,4,4.56,40,2.73,51.8
deli_meat,6,2.14,0,2.14,16.6
deli_meat,1,8.53,30,5.97,57.4
deli_meat,6,8.83,20,7.06,31.1
deli_meat,3,10.03,40,6.02,56.6
deli_meat,6,11.61,0,11.61,32.8
deli_meat,7,14.36,0,14.36,27.9
deli_meat,4,9.72,10,8.75,25.6
deli_meat,5,13.72,10,12.35,31.0
deli_meat,0,7.5,20,6.0,48.6
deli_meat,7,2.34,0,2.34,21.9
deli_meat,3,8.28,30,5.79,31.5
deli_meat,6,8.12,30,5.68,39.1
deli_meat,3,14.62,30,10.24,51.6
deli_meat,6,3.81,10,3.43,20.5
deli_meat,1,9.32,20,7.45,32.7
deli_meat,2,13.96,0,13.96,32.5
deli_meat,6,13.26,30,9.28,54.3
deli_meat,0,13.62,20,10.89,52.1
deli_meat,3,3.11,0,3.11,30.8
deli_meat,5,5.24,40,3.15,76.3
deli_meat,1,11.58,20,9.26,29.5
deli_meat,6,5.45,20,4.36,27.3
deli_meat,4,6.2,10,5.58,23.5
deli_meat,6,14.09,30,9.87,42.0
deli_meat,3,12.85,0,12.85,20.1
deli_meat,3,3.9,40,2.34,97.3
deli_meat,2,13.93,30,9.75,30.5
deli_meat,6,6.8,30,4.76,39.2
deli_meat,0,9.81,0,9.81,29.3
deli_meat,3,14.32,30,10.03,37.0
deli_meat,6,6.56,0,6.56,18.6
deli_meat,7,9.34,30,6.54,46.4
deli_meat,2,2.82,0,2.82,21.8
deli_meat,4,14.98,0,14.98,29.9
deli_meat,7,10.35,50,5.18,35.4
deli_meat,4,2.97,10,2.67,24.9
deli_meat,2,14.54,20,11.63,36.6
deli_meat,1,8.9,30,6.23,61.1
deli_meat,7,2.35,10,2.11,18.6
deli_meat,1,7.32,0,7.32,29.3
deli_meat,7,9.78,50,4.89,52.3
deli_meat,7,9.1,30,6.37,40.3
deli_meat,1,2.62,50,1.31,72.6
deli_meat,0,5.13,0,5.13,34.9
deli_meat,0,11.87,40,7.12,54.1
deli_meat,4,11.42,50,5.71,85.9
deli_meat,2,5.15,40,3.09,59.4
deli_meat,7,3.47,30,2.43,36.1
deli_meat,6,4.95,50,2.48,43.9
deli_meat,6,9.61,30,6.72,28.3
deli_meat,6,10.4,0,10.4,10.2
deli_meat,6,8.69,10,7.82,19.8
deli_meat,0,10.43,20,8.35,38.9
deli_meat,3,9.13,10,8.22,25.1
deli_meat,7,4.61,0,4.61,24.6
deli_meat,1,5.14,20,4.11,45.3
deli_meat,2,13.05,50,6.53,75.6
deli_meat,4,2.42,40,1.45,53.8
deli_meat,2,3.49,0,3.49,13.8
deli_meat,4,5.33,10,4.79,24.7
deli_meat,4,7.32,40,4.39,31.5
deli_meat,3,2.1,30,1.47,54.5
deli_meat,1,14.2,50,7.1,76.1
deli_meat,3,11.12,20,8.9,44.6
deli_meat,0,14.98,20,11.98,38.7
deli_meat,1,9.83,20,7.86,33.9
deli_meat,3,7.78,0,7.78,21.1
deli_meat,4,2.93,30,2.05,36.8
deli_meat,2,11.06,10,9.96,22.0
deli_meat,1,3.17,30,2.22,43.5
deli_meat,1,13.91,20,11.13,37.3
deli_meat,0,8.43,0,8.43,22.5
deli_meat,7,2.2,0,2.2,19.9
deli_meat,7,10.08,50,5.04,55.5
deli_meat,1,11.1,20,8.88,53.5
deli_meat,7,13.79,30,9.65,31.3
deli_meat,0,13.89,20,11.11,47.4
deli_meat,0,5.59,10,5.03,35.3
deli_meat,6,8.68,0,8.68,23.2
deli_meat,2,7.97,0,7.97,26.1
deli_meat,0,8.82,10,7.94,29.3
deli_meat,6,6.71,0,6.71,18.2
deli_meat,0,11.91,30,8.34,37.3
deli_meat,4,5.86,0,5.86,19.2
deli_meat,0,8.89,30,6.22,47.9
deli_meat,7,3.51,30,2.45,36.1
deli_meat,2,4.26,10,3.83,32.8
deli_meat,5,12.25,0,12.25,17.2
deli_meat,4,5.07,40,3.04,35.0
deli_meat,6,7.43,10,6.69,21.2
deli_meat,7,5.35,20,4.28,20.8
deli_meat,4,4.59,50,2.29,45.6
deli_meat,1,4.34,0,4.34,28.8
deli_meat,5,11.15,0,11.15,18.8
deli_meat,0,8.67,20,6.93,62.2
deli_meat,4,6.28,0,6.28,23.1
deli_meat,0,14.07,40,8.44,67.4
deli_meat,2,3.18,20,2.55,31.0
deli_meat,5,5.0,0,5.0,21.1
deli_meat,1,10.25,30,7.17,34.6
deli_meat,4,14.37,30,10.06,46.1
deli_meat,0,2.24,40,1.35,67.9
deli_meat,4,4.79,50,2.39,76.3
deli_meat,3,5.4,30,3.78,27.9
deli_meat,2,11.77,0,11.77,28.5
deli_meat,3,6.63,50,3.32,131.4
deli_meat,6,4.61,40,2.77,31.4
deli_meat,4,13.56,10,12.21,34.5
deli_meat,7,8.69,0,8.69,16.2
deli_meat,5,5.25,50,2.63,65.6
deli_meat,0,13.84,30,9.69,47.0
deli_meat,6,3.86,20,3.09,29.2
deli_meat,4,5.29,50,2.64,73.1
deli_meat,2,14.48,0,14.48,15.5
deli_meat,4,9.52,30,6.67,51.8
deli_meat,2,8.34,0,8.34,32.7
deli_meat,6,10.47,10,9.42,31.2
deli_meat,6,14.48,10,13.03,27.4
deli_meat,3,10.9,20,8.72,34.2
deli_meat,5,12.33,10,11.1,33.3
deli_meat,2,11.01,40,6.61,46.0
deli_meat,4,8.29,0,8.29,14.3
deli_meat,5,8.74,20,6.99,40.6
deli_meat,7,5.53,20,4.43,33.4
deli_meat,7,12.77,20,10.21,24.3
deli_meat,1,8.43,10,7.58,51.4
deli_meat,3,11.85,20,9.48,26.7
deli_meat,5,9.11,0,9.11,19.1
deli_meat,7,5.44,0,5.44,20.6
deli_meat,7,11.61,40,6.97,42.0
deli_meat,2,11.06,0,11.06,21.1
deli_meat,3,7.04,20,5.63,41.6
deli_meat,2,4.55,50,2.27,81.9
deli_meat,0,6.69,0,6.69,35.9
deli_meat,5,14.69,30,10.28,26.9
deli_meat,6,5.82,0,5.82,25.8
deli_meat,0,13.92,50,6.96,112.8
deli_meat,0,5.4,40,3.24,60.8
deli_meat,6,6.27,0,6.27,17.7
deli_meat,7,8.64,40,5.19,48.9
deli_meat,0,14.1,30,9.87,36.5
deli_meat,7,10.84,20,8.67,22.4
deli_meat,2,5.27,0,5.27,28.4
deli_meat,0,12.24,10,11.02,23.6
deli_meat,4,7.38,0,7.38,19.1
deli_meat,6,12.38,30,8.67,42.1
deli_meat,7,3.56,10,3.2,25.5
deli_meat,7,3.25,50,1.63,61.1
deli_meat,6,11.8,0,11.8,17.6
deli_meat,6,10.82,20,8.66,24.5
deli_meat,1,5.13,10,4.62,27.7
deli_meat,2,7.14,30,4.99,42.3
deli_meat,2,3.27,10,2.95,35.0
deli_meat,0,14.27,20,11.42,31.7
deli_meat,4,4.38,30,3.07,38.2
deli_meat,2,12.14,20,9.71,42.9
deli_meat,5,14.1,40,8.46,32.5
deli_meat,2,13.45,0,13.45,21.6
deli_meat,6,10.18,0,10.18,20.3
deli_meat,4,12.94,20,10.36,21.0
deli_meat,3,10.68,10,9.61,31.8
deli_meat,2,6.31,0,6.31,24.8
deli_meat,1,2.44,50,1.22,56.8
deli_meat,0,5.5,20,4.4,36.5
deli_meat,5,4.41,40,2.65,39.1
deli_meat,1,11.25,0,11.25,24.1
deli_meat,6,3.2,50,1.6,45.0
deli_meat,0,12.83,10,11.55,33.2
deli_meat,0,3.05,50,1.53,78.3
deli_meat,0,5.91,0,5.91,40.6
deli_meat,4,4.46,0,4.46,16.7
deli_meat,3,12.46,0,12.46,18.7
deli_meat,1,14.64,50,7.32,109.1
deli_meat,5,9.62,30,6.73,40.2
deli_meat,2,10.36,50,5.18,113.6
deli_meat,5,5.4,0,5.4,19.1
deli_meat,7,9.9,0,9.9,19.0
deli_meat,7,14.3,0,14.3,21.2
deli_meat,1,13.92,0,13.92,26.8
deli_meat,1,8.17,0,8.17,24.1
deli_meat,7,11.31,30,7.91,31.0
deli_meat,4,11.56,50,5.78,77.5
deli_meat,4,13.58,30,9.51,30.6
deli_meat,2,8.48,0,8.48,19.0
deli_meat,0,6.25,30,4.38,36.7
deli_meat,7,3.41,50,1.71,100.5
deli_meat,5,12.31,30,8.61,45.0
deli_meat,0,12.16,50,6.08,96.2
deli_meat,7,10.06,20,8.05,27.7
deli_meat,1,14.87,0,14.87,22.7
deli_meat,1,12.51,20,10.01,30.6
deli_meat,6,2.83,40,1.7,59.1
deli_meat,5,11.7,50,5.85,57.9
deli_meat,5,7.59,0,7.59,15.4
deli_meat,6,4.37,10,3.93,30.6
deli_meat,4,14.27,20,11.42,26.1
deli_meat,0,12.1,40,7.26,76.7
deli_meat,6,8.47,50,4.23,75.9
deli_meat,4,4.68,40,2.81,53.9
deli_meat,4,14.91,10,13.42,20.4
deli_meat,4,7.18,10,6.46,22.4
deli_meat,1,3.19,0,3.19,17.8
deli_meat,1,8.27,40,4.96,55.4
deli_meat,3,12.34,30,8.64,36.8
deli_meat,6,4.81,10,4.32,19.1
deli_meat,5,13.95,50,6.97,56.1
deli_meat,2,10.76,30,7.53,30.3
deli_meat,7,13.07,0,13.07,25.1
deli_meat,3,11.65,10,10.48,15.1
deli_meat,6,5.81,40,3.48,53.6
deli_meat,1,13.89,40,8.33,57.9
deli_meat,0,13.41,50,6.71,74.2
deli_meat,3,6.03,20,4.82,29.8
deli_meat,5,13.68,50,6.84,44.7
deli_meat,5,14.95,50,7.47,81.6
deli_meat,4,3.58,40,2.15,45.4
deli_meat,4,4.33,40,2.6,41.5
deli_meat,0,4.84,20,3.87,35.0
deli_meat,5,9.79,50,4.89,58.7
deli_meat,4,4.48,0,4.48,17.2
deli_meat,2,13.35,30,9.35,35.6
deli_meat,6,4.11,10,3.7,19.9
deli_meat,7,14.3,0,14.3,18.4
deli_meat,3,14.28,0,14.28,21.7
deli_meat,2,9.09,0,9.09,23.2
deli_meat,6,2.88,30,2.01,37.2
deli_meat,4,12.39,30,8.67,34.3
deli_meat,2,13.61,20,10.88,39.9
deli_meat,2,14.68,0,14.68,30.3
deli_meat,5,4.69,0,4.69,10.1
deli_meat,0,2.18,40,1.31,95.8
deli_meat,1,14.93,30,10.45,36.0
deli_meat,6,10.89,0,10.89,17.9
deli_meat,1,11.16,10,10.05,16.7
deli_meat,1,9.1,0,9.1,26.4
deli_meat,3,2.52,10,2.27,25.1
deli_meat,5,14.23,40,8.54,39.3
deli_meat,4,9.4,40,5.64,42.4
deli_meat,4,5.25,0,5.25,24.6
deli_meat,4,6.15,40,3.69,17.3
deli_meat,2,11.12,50,5.56,111.5
deli_meat,6,2.9,0,2.9,18.4
deli_meat,4,5.75,40,3.45,36.3
deli_meat,3,10.24,20,8.19,30.4
deli_meat,3,9.55,10,8.6,20.6
deli_meat,3,3.56,30,2.49,52.7
deli_meat,6,7.81,20,6.25,29.8
deli_meat,4,3.73,30,2.61,21.6
deli_meat,2,4.08,0,4.08,20.1
deli_meat,5,12.47,0,12.47,21.0
deli_meat,4,14.06,40,8.43,39.3
deli_meat,2,5.4,10,4.86,36.7
deli_meat,0,10.75,10,9.67,43.3
deli_meat,3,9.55,0,9.55,20.2
deli_meat,1,7.46,0,7.46,18.8
deli_meat,2,13.63,0,13.63,23.1
deli_meat,0,14.13,30,9.89,80.1
deli_meat,0,6.62,0,6.62,18.3
deli_meat,2,13.29,50,6.64,53.0
deli_meat,2,14.76,10,13.28,29.1
deli_meat,6,5.74,20,4.59,49.0
deli_meat,7,13.83,0,13.83,25.4
deli_meat,6,9.67,10,8.7,20.0
deli_meat,1,7.67,20,6.14,38.1
deli_meat,1,2.58,30,1.8,47.5
deli_meat,2,9.89,0,9.89,10.9
deli_meat,2,4.54,10,4.09,25.5
deli_meat,4,11.98,30,8.39,26.1
deli_meat,4,9.74,20,7.79,34.7
deli_meat,4,8.56,30,5.99,31.2
deli_meat,3,12.16,50,6.08,59.9
deli_meat,4,6.55,0,6.55,18.6
deli_meat,5,7.04,0,7.04,18.9
deli_meat,2,14.08,30,9.86,48.6
deli_meat,4,3.9,0,3.9,16.4
deli_meat,4,6.07,20,4.85,31.5
deli_meat,7,8.49,50,4.25,55.4
deli_meat,1,12.42,0,12.42,26.4
deli_meat,2,9.13,30,6.39,59.0
deli_meat,2,14.12,10,12.71,26.5
deli_meat,3,4.07,0,4.07,37.0
deli_meat,2,8.46,40,5.08,56.5
deli_meat,1,14.21,0,14.21,22.5
deli_meat,5,11.14,20,8.91,31.6
deli_meat,6,12.69,20,10.16,37.2
deli_meat,1,10.65,40,6.39,36.6
deli_meat,5,11.15,10,10.04,15.9
deli_meat,4,8.57,40,5.14,51.7
deli_meat,2,4.44,0,4.44,27.4
deli_meat,3,14.17,40,8.5,30.5
deli_meat,7,7.57,10,6.82,37.6
deli_meat,0,4.85,50,2.43,44.7
deli_meat,5,6.71,20,5.37,50.3
deli_meat,6,7.16,50,3.58,63.4
deli_meat,5,7.25,40,4.35,63.9
deli_meat,4,12.94,20,10.35,33.0
deli_meat,6,13.41,0,13.41,21.9
deli_meat,6,5.95,10,5.36,16.5
deli_meat,0,9.5,20,7.6,35.8
deli_meat,1,13.81,10,12.43,25.0
deli_meat,6,4.18,10,3.76,29.2
deli_meat,7,4.77,10,4.29,23.7
deli_meat,6,4.99,0,4.99,31.2
deli_meat,0,14.89,20,11.91,42.8
deli_meat,1,4.91,50,2.45,79.5
deli_meat,7,14.68,40,8.81,42.1
deli_meat,1,3.9,0,3.9,23.9
deli_meat,3,8.69,0,8.69,24.3
deli_meat,7,7.55,20,6.04,27.1
deli_meat,5,3.98,0,3.98,17.4
deli_meat,3,11.49,20,9.2,21.9
deli_meat,4,14.7,20,11.76,33.1
deli_meat,4,3.69,0,3.69,25.1
deli_meat,1,10.38,30,7.27,23.5
deli_meat,7,7.54,30,5.28,35.3
deli_meat,3,2.5,0,2.5,30.7
deli_meat,6,7.54,0,7.54,14.6
deli_meat,5,11.18,40,6.71,29.3
deli_meat,6,9.49,0,9.49,24.6
deli_meat,0,6.26,30,4.38,52.4
deli_meat,0,10.36,30,7.25,49.2
deli_meat,3,7.67,30,5.37,56.5
deli_meat,1,13.04,20,10.43,49.6
deli_meat,5,14.26,30,9.98,41.6
deli_meat,0,2.45,0,2.45,36.7
deli_meat,2,4.21,0,4.21,29.6
deli_meat,4,7.41,0,7.41,26.6
deli_meat,3,10.54,30,7.38,38.0
deli_meat,5,11.7,50,5.85,51.1
deli_meat,4,4.6,20,3.68,22.5
deli_meat,5,7.59,0,7.59,16.4
deli_meat,5,12.76,40,7.65,37.8
deli_meat,7,10.41,0,10.41,14.6
deli_meat,4,6.04,0,6.04,19.1
deli_meat,7,5.0,50,2.5,76.0
deli_meat,6,11.59,50,5.8,63.2
deli_meat,3,5.82,30,4.07,56.4
deli_meat,5,2.64,0,2.64,20.8
deli_meat,7,12.04,10,10.84,32.9
deli_meat,0,8.91,0,8.91,26.7
deli_meat,4,5.08,40,3.05,42.2
deli_meat,7,10.15,0,10.15,20.6
deli_meat,1,3.62,30,2.54,42.1
deli_meat,4,4.73,0,4.73,17.7
deli_meat,0,9.92,50,4.96,118.4
deli_meat,0,3.78,20,3.03,36.6
deli_meat,3,12.95,0,12.95,26.7
deli_meat,2,13.21,0,13.21,17.0
deli_meat,1,2.6,0,2.6,15.7
deli_meat,5,5.23,50,2.61,56.8
deli_meat,7,9.28,0,9.28,17.1
deli_meat,0,13.37,20,10.7,36.5
deli_meat,4,12.76,50,6.38,132.8
deli_meat,5,4.3,10,3.87,17.9
deli_meat,7,8.91,10,8.02,29.7
deli_meat,2,10.15,20,8.12,34.5
deli_meat,6,12.68,0,12.68,25.6
deli_meat,0,6.12,30,4.28,38.7
deli_meat,3,8.07,30,5.65,28.9
deli_meat,6,8.25,0,8.25,29.0
deli_meat,7,2.46,50,1.23,54.1
deli_meat,6,5.76,30,4.03,38.2
deli_meat,2,2.26,0,2.26,26.2
deli_meat,0,5.67,0,5.67,19.2
deli_meat,7,7.98,20,6.38,38.1
deli_meat,3,14.41,0,14.41,29.4
deli_meat,2,8.16,10,7.35,25.0
deli_meat,0,2.59,0,2.59,26.5
deli_meat,4,12.77,30,8.94,44.0
deli_meat,6,3.33,50,1.67,55.9
deli_meat,4,11.77,0,11.77,15.7
deli_meat,1,4.32,40,2.59,59.7
deli_meat,6,3.06,20,2.44,29.9
deli_meat,0,4.02,20,3.22,46.1
deli_meat,3,13.84,0,13.84,24.1
deli_meat,2,5.2,0,5.2,15.6
deli_meat,2,5.34,20,4.27,27.3
deli_meat,1,5.07,40,3.04,88.6
deli_meat,1,12.89,0,12.89,29.6
deli_meat,6,4.21,50,2.11,104.3
deli_meat,6,12.9,10,11.61,16.7
deli_meat,1,4.37,30,3.06,45.7
deli_meat,0,7.57,50,3.79,82.0
deli_meat,1,7.67,0,7.67,28.3
deli_meat,6,3.44,30,2.41,27.0
deli_meat,5,10.61,10,9.55,34.5
deli_meat,4,7.18,50,3.59,53.9
deli_meat,5,13.56,0,13.56,22.5
deli_meat,1,3.35,40,2.01,67.7
deli_meat,3,13.14,10,11.83,35.5
deli_meat,6,14.38,0,14.38,17.9
deli_meat,3,9.17,0,9.17,16.4
deli_meat,2,5.99,20,4.8,27.2
deli_meat,5,2.4,0,2.4,27.5
deli_meat,7,13.92,20,11.14,28.5
deli_meat,7,6.38,30,4.46,36.6
deli_meat,6,9.78,50,4.89,73.3
deli_meat,7,4.42,10,3.98,25.2
deli_meat,4,5.03,0,5.03,23.9
deli_meat,3,11.68,0,11.68,21.2
deli_meat,0,5.82,0,5.82,29.8
deli_meat,1,8.5,10,7.65,40.7
deli_meat,3,13.74,30,9.62,70.1
deli_meat,5,4.72,40,2.83,41.9
deli_meat,2,12.17,10,10.95,29.6
deli_meat,7,2.19,10,1.97,42.2
deli_meat,2,5.87,0,5.87,24.8
deli_meat,2,3.6,0,3.6,16.9
deli_meat,0,11.85,0,11.85,55.4
deli_meat,2,13.08,0,13.08,15.5
deli_meat,5,5.16,20,4.13,34.0
deli_meat,7,6.6,10,5.94,17.2
deli_meat,3,5.99,20,4.79,19.6
deli_meat,7,4.6,20,3.68,27.0
deli_meat,1,2.92,0,2.92,32.9
deli_meat,3,4.43,0,4.43,13.2
deli_meat,1,9.51,10,8.56,22.3
deli_meat,7,8.01,50,4.01,76.8
deli_meat,6,5.26,30,3.68,32.8
deli_meat,2,9.16,40,5.5,64.4
deli_meat,6,3.42,30,2.39,21.9
deli_meat,5,7.4,10,6.66,21.4
deli_meat,3,14.38,20,11.51,18.8
deli_meat,1,8.72,10,7.84,30.2
deli_meat,7,2.24,10,2.02,22.4
deli_meat,5,10.05,0,10.05,14.6
deli_meat,3,4.1,0,4.1,29.1
deli_meat,2,9.27,10,8.35,19.6
deli_meat,4,5.59,30,3.91,44.6
deli_meat,4,6.89,30,4.82,37.4
deli_meat,3,3.7,0,3.7,29.6
deli_meat,1,3.65,0,3.65,24.4
deli_meat,1,14.2,20,11.36,44.5
deli_meat,1,12.5,0,12.5,23.7
deli_meat,0,11.37,0,11.37,22.7
deli_meat,0,6.85,20,5.48,48.3
deli_meat,0,2.68,20,2.14,44.6
deli_meat,5,8.6,20,6.88,24.1
deli_meat,4,4.48,40,2.69,44.9
deli_meat,5,7.65,0,7.65,10.6
deli_meat,1,14.39,10,12.95,18.2
deli_meat,5,3.48,0,3.48,20.9
deli_meat,3,6.76,30,4.73,37.0
deli_meat,4,7.06,0,7.06,28.1
deli_meat,1,7.56,20,6.05,36.4
deli_meat,4,11.46,0,11.46,15.8
deli_meat,0,4.86,10,4.38,38.8
deli_meat,0,13.4,50,6.7,65.1
deli_meat,7,12.34,0,12.34,20.4
deli_meat,7,7.05,0,7.05,19.3
deli_meat,0,3.58,0,3.58,17.5
deli_meat,6,14.71,30,10.3,35.1
deli_meat,2,6.49,10,5.84,19.3
deli_meat,3,8.97,0,8.97,14.5
deli_meat,3,11.63,0,11.63,16.8
deli_meat,0,2.37,30,1.66,36.7
deli_meat,4,7.86,20,6.29,38.1
deli_meat,1,8.67,10,7.8,25.0
deli_meat,1,3.5,50,1.75,68.5
deli_meat,1,4.16,50,2.08,127.3
deli_meat,7,14.54,50,7.27,64.9
deli_meat,2,6.99,10,6.29,21.0
deli_meat,6,10.38,0,10.38,13.9
deli_meat,3,8.48,20,6.78,33.3
deli_meat,5,5.66,0,5.66,13.2
deli_meat,1,9.45,0,9.45,34.9
deli_meat,0,7.9,30,5.53,55.4
deli_meat,0,14.83,0,14.83,45.8
deli_meat,6,9.17,50,4.58,52.2
deli_meat,1,11.3,50,5.65,99.6
deli_meat,2,14.6,20,11.68,37.8
deli_meat,6,9.46,50,4.73,51.0
deli_meat,5,14.41,50,7.2,84.5
deli_meat,3,2.39,50,1.2,90.7
deli_meat,2,11.74,0,11.74,30.2
deli_meat,3,6.89,0,6.89,18.2
deli_meat,5,9.53,0,9.53,17.6
deli_meat,3,11.21,0,11.21,23.4
deli_meat,3,11.06,30,7.75,55.4
deli_meat,3,3.26,0,3.26,19.0
deli_meat,3,6.4,10,5.76,36.7
deli_meat,1,3.86,30,2.7,49.2
deli_meat,2,7.57,0,7.57,19.6
deli_meat,2,7.2,10,6.48,25.4
deli_meat,4,11.53,0,11.53,22.7
deli_meat,5,2.17,20,1.74,33.9
deli_meat,7,10.88,40,6.53,47.5
deli_meat,0,8.57,50,4.29,79.2
deli_meat,2,11.85,20,9.48,41.4
deli_meat,6,8.68,30,6.08,28.9
deli_meat,5,10.09,40,6.05,35.0
deli_meat,4,3.3,20,2.64,28.7
deli_meat,0,4.76,20,3.81,39.9
deli_meat,4,8.95,50,4.48,70.2
deli_meat,5,5.6,10,5.04,30.0
deli_meat,4,13.46,0,13.46,27.4
deli_meat,0,7.05,0,7.05,25.0
deli_meat,2,7.55,30,5.28,33.0
deli_meat,4,3.19,50,1.59,51.7
deli_meat,1,7.31,30,5.12,32.5
deli_meat,3,10.65,0,10.65,18.8
deli_meat,5,12.15,10,10.93,28.4
deli_meat,4,7.79,10,7.01,20.5
deli_meat,5,5.37,0,5.37,16.1
deli_meat,0,5.44,0,5.44,38.9
deli_meat,5,6.8,0,6.8,20.4
deli_meat,7,10.42,0,10.42,16.5
deli_meat,2,8.51,40,5.1,88.0
deli_meat,6,2.86,0,2.86,17.0
deli_meat,7,11.61,40,6.97,50.0
deli_meat,5,4.58,10,4.12,28.0
deli_meat,6,11.16,0,11.16,21.9
deli_meat,3,13.37,10,12.04,22.1
deli_meat,3,4.56,0,4.56,25.3
deli_meat,4,8.37,0,8.37,20.1
deli_meat,5,13.39,0,13.39,17.6
deli_meat,3,8.59,40,5.15,39.6
deli_meat,2,12.86,0,12.86,21.0
deli_meat,0,4.28,40,2.57,74.2
deli_meat,4,12.59,50,6.29,55.7
deli_meat,6,10.47,30,7.33,28.3
deli_meat,7,6.09,10,5.49,28.4
deli_meat,2,11.14,0,11.14,25.3
deli_meat,0,2.09,20,1.67,32.4
deli_meat,7,3.15,40,1.89,54.9
deli_meat,4,5.91,30,4.13,34.0
deli_meat,4,13.06,20,10.45,35.8
deli_meat,0,7.73,30,5.41,32.4
deli_meat,0,13.57,0,13.57,31.8
deli_meat,1,10.83,10,9.74,26.2
deli_meat,2,5.33,30,3.73,27.7
deli_meat,6,7.19,50,3.6,48.2
deli_meat,5,2.78,0,2.78,17.2
deli_meat,4,8.86,40,5.31,53.9
deli_meat,6,8.65,0,8.65,20.2
deli_meat,6,11.67,20,9.33,32.5
deli_meat,5,3.98,0,3.98,22.7
deli_meat,0,2.61,30,1.83,40.0
deli_meat,6,3.18,30,2.23,38.8
deli_meat,2,11.45,0,11.45,18.7
deli_meat,7,5.63,30,3.94,34.0
deli_meat,7,10.61,30,7.43,25.9
deli_meat,0,14.84,20,11.87,44.7
deli_meat,5,12.49,10,11.24,40.6
deli_meat,0,10.26,10,9.24,39.3
deli_meat,2,14.24,50,7.12,107.7
deli_meat,3,10.44,40,6.27,36.6
deli_meat,1,12.8,30,8.96,53.3
deli_meat,3,8.32,30,5.83,39.5
deli_meat,6,2.32,10,2.09,27.2
deli_meat,2,5.92,0,5.92,24.4
deli_meat,3,5.84,50,2.92,71.0
deli_meat,0,9.55,20,7.64,25.8
deli_meat,7,11.14,20,8.91,24.8
deli_meat,7,13.19,0,13.19,19.8
deli_meat,1,12.29,40,7.38,73.5
deli_meat,4,11.16,20,8.93,20.4
deli_meat,5,8.83,0,8.83,20.8
deli_meat,3,6.07,40,3.64,38.2
deli_meat,1,10.76,10,9.68,43.6
deli_meat,3,11.17,20,8.94,38.0
deli_meat,4,11.64,30,8.14,24.7
deli_meat,5,9.66,10,8.7,25.2
deli_meat,3,5.02,0,5.02,22.0
deli_meat,2,13.4,0,13.4,21.7
deli_meat,4,3.29,50,1.65,87.3
deli_meat,3,12.91,0,12.91,25.8
deli_meat,6,5.04,0,5.04,22.5
deli_meat,5,6.52,0,6.52,22.1
deli_meat,1,7.38,0,7.38,30.4
deli_meat,7,10.71,40,6.43,44.0
deli_meat,3,12.24,10,11.02,29.7
deli_meat,7,10.01,0,10.01,14.1
deli_meat,0,13.84,50,6.92,73.8
deli_meat,6,3.57,10,3.21,19.5
deli_meat,7,8.76,0,8.76,20.7
deli_meat,7,9.75,30,6.83,25.3
deli_meat,3,13.18,30,9.23,40.4
deli_meat,0,7.82,40,4.69,31.4
deli_meat,2,4.12,20,3.29,38.1
deli_meat,7,12.74,10,11.47,26.4
deli_meat,5,2.17,0,2.17,17.0
deli_meat,4,7.92,0,7.92,18.5
deli_meat,4,11.25,30,7.88,18.7
deli_meat,4,10.02,0,10.02,21.8
deli_meat,2,7.33,20,5.86,48.7
deli_meat,6,6.92,0,6.92,19.0
deli_meat,7,13.89,10,12.5,25.5
deli_meat,5,7.98,40,4.79,58.5
deli_meat,5,12.93,0,12.93,20.5
deli_meat,5,7.73,30,5.41,33.8
deli_meat,5,3.41,0,3.41,31.7
deli_meat,1,14.62,0,14.62,21.7
deli_meat,3,10.66,50,5.33,49.0
deli_meat,3,8.8,20,7.04,25.2
deli_meat,3,7.21,0,7.21,15.7
deli_meat,5,6.22,20,4.97,28.1
deli_meat,6,4.19,10,3.77,30.5
deli_meat,7,11.52,20,9.21,25.6
deli_meat,1,9.75,10,8.77,24.9
deli_meat,4,10.58,20,8.46,26.6
deli_meat,7,10.12,40,6.07,37.0
deli_meat,5,13.47,20,10.77,35.0
deli_meat,0,11.43,40,6.86,46.4
deli_meat,1,2.71,50,1.35,50.7
deli_meat,4,2.2,0,2.2,12.4
deli_meat,0,6.39,20,5.11,44.9
deli_meat,5,6.5,30,4.55,41.2
deli_meat,6,6.7,0,6.7,25.6
deli_meat,7,4.49,0,4.49,19.5
deli_meat,7,2.5,30,1.75,39.1
deli_meat,6,3.98,0,3.98,23.5
deli_meat,1,12.77,0,12.77,13.4
deli_meat,0,11.73,10,10.55,43.4
deli_meat,1,10.31,30,7.21,32.0
deli_meat,6,4.75,30,3.32,30.7
deli_meat,1,11.7,30,8.19,52.8
deli_meat,4,8.4,40,5.04,53.2
deli_meat,3,10.04,30,7.03,29.6
deli_meat,5,4.49,10,4.04,22.9
deli_meat,6,6.77,0,6.77,28.2
deli_meat,1,9.32,0,9.32,22.6
deli_meat,7,6.56,0,6.56,22.7
deli_meat,1,7.33,30,5.13,53.7
deli_meat,3,13.09,0,13.09,20.1
deli_meat,7,4.62,40,2.77,68.5
deli_meat,2,8.67,20,6.94,30.3
deli_meat,2,6.51,50,3.25,68.1
deli_meat,0,14.3,20,11.44,43.7
deli_meat,7,5.63,20,4.5,34.9
deli_meat,1,10.12,50,5.06,89.3
deli_meat,3,12.69,10,11.42,39.5
deli_meat,0,4.83,0,4.83,27.2
deli_meat,7,7.76,0,7.76,23.0
deli_meat,5,7.24,10,6.52,21.8
deli_meat,4,2.04,0,2.04,13.9
deli_meat,3,11.37,20,9.09,35.9
deli_meat,1,4.07,50,2.03,103.5
deli_meat,0,7.28,20,5.82,34.3
deli_meat,7,14.68,30,10.27,32.9
deli_meat,3,8.95,30,6.26,38.5
deli_meat,6,12.39,0,12.39,22.8
deli_meat,6,6.02,40,3.61,61.0
deli_meat,3,13.37,20,10.69,27.3
deli_meat,2,5.36,10,4.82,29.7
deli_meat,3,3.51,0,3.51,15.7
deli_meat,6,3.04,10,2.74,31.1
deli_meat,2,11.42,0,11.42,18.8
deli_meat,7,4.56,0,4.56,27.2
deli_meat,0,13.85,0,13.85,18.9
deli_meat,7,4.57,10,4.11,21.8
deli_meat,1,3.74,30,2.62,36.9
deli_meat,0,5.73,40,3.44,40.6
deli_meat,7,6.66,0,6.66,14.4
deli_meat,1,9.07,0,9.07,40.5
deli_meat,1,9.9,40,5.94,109.9
deli_meat,4,12.49,30,8.74,29.6
deli_meat,0,9.48,30,6.63,85.4
deli_meat,1,13.38,40,8.03,58.0
deli_meat,6,10.05,20,8.04,25.3
deli_meat,3,4.24,0,4.24,24.0
deli_meat,0,7.67,10,6.9,26.1
deli_meat,7,2.49,20,1.99,28.7
deli_meat,1,13.47,30,9.43,82.6
deli_meat,7,14.89,20,11.91,46.6
deli_meat,5,14.78,10,13.3,19.7
deli_meat,0,9.29,0,9.29,25.8
deli_meat,7,4.87,50,2.44,75.7
deli_meat,1,3.81,50,1.9,66.7
deli_meat,4,14.04,20,11.24,32.7
deli_meat,0,2.71,30,1.89,42.1
deli_meat,6,5.94,20,4.75,34.0
deli_meat,3,11.75,40,7.05,49.7
deli_meat,7,13.57,40,8.14,38.4
deli_meat,1,7.16,10,6.44,28.2
deli_meat,5,13.23,20,10.59,23.2
deli_meat,1,9.76,0,9.76,26.2
deli_meat,4,8.08,10,7.28,24.5
deli_meat,4,6.09,40,3.65,40.3
deli_meat,3,2.56,30,1.79,37.0
deli_meat,4,8.99,10,8.09,21.3
deli_meat,1,9.75,0,9.75,23.6
deli_meat,1,5.59,0,5.59,14.6
deli_meat,0,11.66,50,5.83,106.9
deli_meat,2,4.15,40,2.49,46.5
deli_meat,2,7.01,10,6.31,21.0
deli_meat,3,9.71,20,7.76,31.8
deli_meat,1,3.21,20,2.57,43.9
deli_meat,5,12.24,30,8.57,21.0
deli_meat,2,13.84,0,13.84,11.5
deli_meat,4,13.27,20,10.62,37.4
deli_meat,7,12.11,10,10.9,22.1
deli_meat,3,9.34,20,7.47,26.2
deli_meat,1,12.64,30,8.85,50.4
deli_meat,2,9.1,0,9.1,15.1
deli_meat,4,3.39,0,3.39,21.5
deli_meat,0,4.87,0,4.87,17.6
deli_meat,4,4.05,0,4.05,14.4
deli_meat,3,6.26,50,3.13,63.4
deli_meat,2,11.59,0,11.59,25.3
deli_meat,6,3.48,0,3.48,23.9
deli_meat,5,3.33,0,3.33,23.1
deli_meat,4,9.52,10,8.57,21.2
deli_meat,5,13.0,40,7.8,41.2
deli_meat,4,12.63,50,6.31,51.1
deli_meat,6,12.86,10,11.57,19.7
deli_meat,0,13.42,0,13.42,24.1
deli_meat,5,3.71,0,3.71,20.8
deli_meat,6,11.0,30,7.7,26.4
deli_meat,0,8.85,40,5.31,44.9
deli_meat,5,6.96,20,5.57,30.7
deli_meat,7,13.91,0,13.91,22.6
deli_meat,4,8.8,20,7.04,22.2
deli_meat,7,13.67,30,9.57,31.3
deli_meat,7,4.79,10,4.31,40.9
deli_meat,7,11.41,30,7.99,20.3
deli_meat,4,13.48,0,13.48,14.6
deli_meat,0,7.92,0,7.92,32.8
deli_meat,5,10.43,20,8.34,22.1
deli_meat,1,13.65,0,13.65,14.8
deli_meat,7,7.23,40,4.34,50.2
deli_meat,3,13.12,50,6.56,62.8
deli_meat,0,12.92,50,6.46,67.2
deli_meat,3,9.46,0,9.46,17.7
deli_meat,2,14.36,50,7.18,70.6
deli_meat,3,4.34,30,3.04,36.0
deli_meat,2,8.35,10,7.52,22.1
deli_meat,3,14.21,10,12.79,21.2
deli_meat,1,5.61,10,5.05,29.7
deli_meat,3,13.47,40,8.08,43.6
deli_meat,4,7.34,20,5.87,32.0
deli_meat,6,4.76,40,2.85,67.3
deli_meat,2,5.56,10,5.01,32.6
deli_meat,2,7.86,50,3.93,39.9
deli_meat,3,6.45,0,6.45,18.3
deli_meat,3,10.87,20,8.7,23.0
deli_meat,2,3.66,50,1.83,60.6
deli_meat,1,3.75,30,2.62,38.2
deli_meat,5,3.92,0,3.92,14.4
deli_meat,0,3.66,10,3.3,27.8
deli_meat,7,9.35,0,9.35,22.5
deli_meat,5,6.97,30,4.88,40.9
deli_meat,7,3.27,30,2.29,35.2
deli_meat,6,6.85,50,3.43,50.9
deli_meat,3,2.67,30,1.87,44.1
deli_meat,6,3.03,30,2.12,21.8
deli_meat,3,8.9,30,6.23,46.3
deli_meat,0,9.9,0,9.9,40.4
deli_meat,4,4.96,20,3.96,21.1
deli_meat,3,9.29,20,7.43,21.9
deli_meat,2,10.17,10,9.15,21.5
deli_meat,6,2.51,30,1.76,47.2
deli_meat,2,4.31,0,4.31,20.1
deli_meat,7,9.07,30,6.35,46.4
deli_meat,1,11.79,10,10.61,29.0
deli_meat,3,8.6,0,8.6,22.4
deli_meat,6,5.62,0,5.62,25.8
deli_meat,4,9.96,40,5.98,55.0
deli_meat,4,8.9,0,8.9,23.8
deli_meat,0,9.08,20,7.26,44.0
deli_meat,2,7.12,0,7.12,46.2
deli_meat,0,4.83,50,2.41,38.3
deli_meat,2,8.09,30,5.66,43.8
deli_meat,2,12.19,20,9.75,28.8
deli_meat,7,3.73,0,3.73,32.4
deli_meat,5,8.46,30,5.92,28.1
deli_meat,4,10.02,10,9.02,19.9
deli_meat,5,8.11,10,7.3,16.7
deli_meat,3,4.77,20,3.81,33.3
deli_meat,5,7.29,0,7.29,27.6
deli_meat,4,9.73,30,6.81,33.9
deli_meat,4,10.71,0,10.71,28.8
deli_meat,0,3.59,40,2.16,87.0
deli_meat,4,12.11,10,10.89,28.5
deli_meat,1,5.33,50,2.66,67.6
deli_meat,4,3.75,30,2.63,32.2
deli_meat,1,7.94,20,6.35,27.9
deli_meat,3,12.32,40,7.39,46.6
deli_meat,3,13.86,50,6.93,67.3
deli_meat,3,7.08,50,3.54,39.2
deli_meat,2,13.44,0,13.44,31.7
deli_meat,3,6.89,40,4.14,47.9
deli_meat,5,7.82,0,7.82,13.0
deli_meat,3,14.13,10,12.71,26.3
deli_meat,6,14.52,0,14.52,22.8
deli_meat,7,13.26,50,6.63,78.1
deli_meat,1,2.42,10,2.18,16.6
deli_meat,4,8.81,50,4.41,49.6
deli_meat,1,14.79,10,13.31,38.9
deli_meat,7,4.37,0,4.37,18.6
deli_meat,2,6.7,40,4.02,44.1
deli_meat,4,11.04,10,9.94,32.0
deli_meat,6,7.42,0,7.42,31.2
deli_meat,6,8.78,20,7.03,39.9
deli_meat,5,12.05,30,8.43,43.7
deli_meat,3,6.62,10,5.96,41.3
deli_meat,6,10.51,50,5.25,93.9
deli_meat,7,14.03,10,12.63,28.8
deli_meat,4,5.92,0,5.92,15.5
deli_meat,1,12.86,20,10.29,43.8
deli_meat,4,3.8,10,3.42,29.2
deli_meat,0,9.29,10,8.36,33.8
deli_meat,1,11.68,10,10.52,41.4
deli_meat,3,10.23,30,7.16,41.0
deli_meat,3,14.37,0,14.37,14.4
deli_meat,5,11.82,0,11.82,18.2
deli_meat,7,12.82,20,10.25,23.5
deli_meat,3,10.83,40,6.5,39.0
deli_meat,6,8.78,30,6.15,40.0
deli_meat,3,5.29,30,3.71,38.3
deli_meat,7,9.05,0,9.05,10.8
deli_meat,7,6.63,10,5.96,22.0
deli_meat,1,3.88,20,3.1,41.5
deli_meat,5,7.97,40,4.78,53.4
deli_meat,1,3.6,30,2.52,36.6
deli_meat,4,12.81,0,12.81,17.4
deli_meat,4,7.09,0,7.09,19.2
deli_meat,7,4.23,0,4.23,20.2
deli_meat,4,5.25,20,4.2,28.9
deli_meat,2,8.2,0,8.2,24.7
deli_meat,7,5.97,0,5.97,20.8
deli_meat,3,3.16,0,3.16,19.2
deli_meat,5,3.11,0,3.11,15.8
deli_meat,6,7.85,10,7.07,25.3
deli_meat,5,9.22,0,9.22,15.6
deli_meat,1,13.61,30,9.53,61.6
deli_meat,1,5.11,20,4.09,39.1
deli_meat,7,4.9,0,4.9,8.1
deli_meat,5,3.84,0,3.84,14.8
deli_meat,1,9.39,0,9.39,33.6
deli_meat,0,6.68,30,4.68,34.5
deli_meat,3,11.9,10,10.71,35.0
deli_meat,6,3.97,20,3.18,31.6
deli_meat,1,11.46,40,6.88,73.7
deli_meat,3,10.75,40,6.45,62.9
deli_meat,3,14.64,40,8.78,97.6
deli_meat,6,12.48,0,12.48,23.4
deli_meat,3,2.67,10,2.41,27.3
deli_meat,3,2.63,0,2.63,43.5
deli_meat,1,13.38,0,13.38,35.9
deli_meat,7,13.37,0,13.37,21.8
deli_meat,4,6.89,40,4.13,62.4
deli_meat,2,7.49,30,5.24,31.3
deli_meat,3,12.04,0,12.04,25.6
deli_meat,6,10.54,20,8.43,29.3
deli_meat,6,12.56,20,10.05,22.7
deli_meat,4,2.54,50,1.27,51.2
deli_meat,3,7.49,40,4.5,47.4
deli_meat,7,12.13,0,12.13,16.5
deli_meat,3,3.68,20,2.94,26.4
deli_meat,0,3.0,50,1.5,61.3
deli_meat,1,7.65,30,5.36,58.9
deli_meat,6,11.16,0,11.16,15.6
deli_meat,3,11.83,0,11.83,23.5
deli_meat,4,5.52,40,3.31,34.4
deli_meat,0,13.65,0,13.65,23.2
deli_meat,6,5.34,0,5.34,26.5
deli_meat,3,5.15,30,3.6,40.5
deli_meat,3,10.65,50,5.32,65.4
deli_meat,6,12.74,40,7.65,56.3
deli_meat,5,11.1,20,8.88,26.4
deli_meat,3,7.84,20,6.28,26.9
deli_meat,1,13.51,30,9.46,56.3
deli_meat,2,14.37,0,14.37,12.3
deli_meat,3,7.59,30,5.31,30.0
deli_meat,7,12.83,50,6.41,44.6
deli_meat,0,3.7,40,2.22,79.4
deli_meat,4,8.28,50,4.14,47.9
deli_meat,6,3.59,10,3.23,25.9
deli_meat,5,13.53,0,13.53,16.6
deli_meat,5,8.26,10,7.43,26.6
deli_meat,4,11.85,30,8.3,36.3
deli_meat,3,12.07,10,10.86,35.2
deli_meat,5,9.34,40,5.61,46.1
deli_meat,7,7.23,40,4.34,25.5
deli_meat,7,12.48,50,6.24,97.4
deli_meat,7,2.28,20,1.83,31.5
deli_meat,0,4.03,30,2.82,45.5
deli_meat,6,3.48,0,3.48,20.7
deli_meat,0,4.04,40,2.43,81.1
deli_meat,3,2.52,50,1.26,53.1
deli_meat,1,12.19,0,12.19,21.8
deli_meat,0,14.18,30,9.93,53.9
deli_meat,2,10.31,0,10.31,17.0
deli_meat,0,7.13,20,5.71,35.5
deli_meat,6,4.86,30,3.4,30.1
deli_meat,4,11.32,0,11.32,24.0
deli_meat,2,2.97,0,2.97,27.2
deli_meat,6,8.28,0,8.28,16.6
deli_meat,6,6.71,20,5.37,24.0
deli_meat,6,10.25,10,9.22,24.9
deli_meat,5,11.26,0,11.26,23.0
deli_meat,2,11.74,0,11.74,20.8
deli_meat,5,7.6,30,5.32,35.9
deli_meat,3,7.94,0,7.94,19.7
deli_meat,2,7.9,30,5.53,48.4
deli_meat,1,4.02,0,4.02,32.7
deli_meat,4,14.14,0,14.14,17.2
deli_meat,2,8.79,0,8.79,19.4
deli_meat,0,3.39,40,2.03,45.2
deli_meat,1,11.37,10,10.24,27.2
deli_meat,3,9.28,50,4.64,83.6
deli_meat,1,10.43,50,5.21,100.6
deli_meat,4,2.92,20,2.33,28.3
deli_meat,3,7.11,50,3.56,64.1
deli_meat,0,8.15,0,8.15,33.5
deli_meat,5,2.68,40,1.61,49.0
deli_meat,7,9.02,0,9.02,16.1
deli_meat,1,7.56,40,4.54,45.1
deli_meat,0,8.08,20,6.46,59.5
deli_meat,0,14.13,40,8.48,74.1
deli_meat,3,10.68,10,9.61,19.8
deli_meat,2,10.5,20,8.4,23.2
deli_meat,3,9.56,0,9.56,32.0
deli_meat,4,13.83,0,13.83,22.4
deli_meat,3,4.48,0,4.48,25.8
deli_meat,0,8.76,0,8.76,27.3
deli_meat,1,13.49,0,13.49,18.0
deli_meat,5,8.25,30,5.77,40.0
deli_meat,0,3.29,40,1.98,108.6
deli_meat,5,4.24,50,2.12,84.7
deli_meat,0,14.11,50,7.05,111.3
deli_meat,6,5.99,50,3.0,49.9
deli_meat,1,10.89,30,7.62,29.8
deli_meat,5,5.64,50,2.82,53.7
deli_meat,4,4.1,20,3.28,22.5
deli_meat,4,8.51,0,8.51,27.2
deli_meat,4,11.22,0,11.22,19.5
deli_meat,5,3.21,10,2.89,27.1
deli_meat,7,7.92,40,4.75,38.3
deli_meat,7,11.95,50,5.97,63.2
deli_meat,5,13.39,40,8.03,41.5
deli_meat,3,3.0,0,3.0,18.9
deli_meat,0,2.46,20,1.97,73.3
deli_meat,0,14.27,0,14.27,19.0
deli_meat,2,2.07,20,1.66,30.2
deli_meat,1,14.66,20,11.73,46.1
deli_meat,1,8.87,0,8.87,27.8
deli_meat,0,7.56,0,7.56,31.5
deli_meat,2,8.49,0,8.49,14.9
deli_meat,0,10.44,0,10.44,29.3
deli_meat,6,9.08,0,9.08,21.1
deli_meat,4,9.32,10,8.39,31.4
deli_meat,7,9.56,0,9.56,18.4
deli_meat,5,13.21,0,13.21,20.7
deli_meat,7,11.0,0,11.0,15.1
deli_meat,5,11.76,0,11.76,25.8
deli_meat,3,8.52,10,7.67,34.8
deli_meat,1,7.17,0,7.17,25.8
deli_meat,2,12.15,0,12.15,17.1
deli_meat,0,4.68,40,2.81,66.4
deli_meat,6,11.51,10,10.36,19.7
deli_meat,1,11.71,20,9.36,54.0
deli_meat,5,9.76,30,6.83,57.6
deli_meat,2,5.06,10,4.56,25.8
deli_meat,3,12.85,10,11.57,34.8
deli_meat,6,9.13,30,6.39,28.4
deli_meat,0,2.94,30,2.06,51.4
deli_meat,0,9.11,0,9.11,35.2
deli_meat,2,3.81,0,3.81,19.9
deli_meat,1,11.21,20,8.97,24.5
deli_meat,5,13.56,0,13.56,32.6
deli_meat,3,9.22,50,4.61,62.3
deli_meat,7,2.68,10,2.41,20.3
deli_meat,4,3.4,10,3.06,18.5
deli_meat,2,4.38,40,2.63,43.8
deli_meat,6,7.74,30,5.42,30.2
deli_meat,1,5.57,30,3.9,43.4
deli_meat,7,13.16,50,6.58,96.1
deli_meat,4,6.97,10,6.27,21.6
deli_meat,1,6.7,0,6.7,43.6
deli_meat,0,13.8,0,13.8,36.1
deli_meat,1,5.13,10,4.61,30.7
deli_meat,6,5.54,40,3.33,42.3
deli_meat,7,11.53,10,10.38,28.1
deli_meat,3,12.36,10,11.13,28.7
deli_meat,2,3.04,20,2.43,30.6
deli_meat,6,12.97,30,9.08,23.1
deli_meat,1,4.79,10,4.31,22.4
deli_meat,4,4.95,20,3.96,40.5
deli_meat,2,8.38,10,7.54,32.3
deli_meat,3,14.4,30,10.08,37.6
deli_meat,7,6.96,20,5.57,16.6
deli_meat,6,14.31,0,14.31,16.8
deli_meat,4,6.44,0,6.44,21.3
deli_meat,3,3.43,30,2.4,47.4
deli_meat,6,3.95,20,3.16,34.1
deli_meat,7,8.41,20,6.73,27.1
deli_meat,1,6.78,0,6.78,18.6
deli_meat,7,12.38,20,9.91,31.7
deli_meat,0,5.19,0,5.19,26.4
deli_meat,5,9.52,30,6.66,37.9
deli_meat,0,14.88,20,11.91,50.6
deli_meat,6,3.8,0,3.8,14.1
deli_meat,6,3.65,0,3.65,20.9
deli_meat,7,10.07,0,10.07,20.3
deli_meat,2,4.07,0,4.07,20.7
deli_meat,3,6.22,20,4.98,25.1
deli_meat,1,11.17,0,11.17,25.7
deli_meat,5,4.31,0,4.31,25.0
deli_meat,6,3.52,0,3.52,24.8
deli_meat,7,11.18,30,7.82,28.7
deli_meat,7,12.93,0,12.93,19.9
deli_meat,2,4.37,30,3.06,64.1
deli_meat,6,2.08,10,1.87,17.8
deli_meat,4,9.45,0,9.45,14.2
deli_meat,6,13.59,20,10.87,17.5
deli_meat,5,13.38,0,13.38,27.1
deli_meat,5,14.92,0,14.92,19.2
deli_meat,3,6.39,50,3.2,79.9
deli_meat,2,6.62,10,5.96,24.2
deli_meat,2,3.05,10,2.75,20.6
deli_meat,5,9.84,0,9.84,27.4
deli_meat,7,12.23,50,6.12,71.2
deli_meat,3,2.02,0,2.02,24.7
deli_meat,4,6.25,10,5.62,21.6
deli_meat,5,2.01,0,2.01,11.9
deli_meat,7,13.38,0,13.38,18.0
deli_meat,1,8.56,40,5.14,80.2
deli_meat,7,6.22,0,6.22,31.3
deli_meat,2,2.82,20,2.26,35.1
deli_meat,3,10.55,0,10.55,23.8
deli_meat,0,7.63,10,6.87,47.1
deli_meat,6,7.79,20,6.23,29.2
deli_meat,2,13.24,50,6.62,65.9
deli_meat,3,10.95,10,9.85,26.2
deli_meat,1,14.85,30,10.4,43.3
deli_meat,3,14.01,20,11.21,32.6
deli_meat,3,4.79,50,2.4,44.7
deli_meat,5,7.12,0,7.12,21.2
deli_meat,1,11.4,0,11.4,21.9
deli_meat,4,11.92,30,8.34,24.3
deli_meat,6,2.84,0,2.84,16.7
deli_meat,2,12.93,0,12.93,17.7
deli_meat,1,6.26,0,6.26,17.6
deli_meat,1,3.52,0,3.52,25.9
deli_meat,7,9.37,40,5.62,47.2
deli_meat,1,9.98,40,5.99,45.8
deli_meat,2,13.46,30,9.42,74.6
deli_meat,3,5.57,0,5.57,24.6
deli_meat,1,2.63,50,1.31,86.2
deli_meat,4,2.5,0,2.5,20.4
deli_meat,4,2.32,0,2.32,18.8
deli_meat,1,13.99,0,13.99,19.7
deli_meat,2,13.12,50,6.56,52.8
deli_meat,6,6.58,20,5.26,25.6
deli_meat,1,6.43,10,5.79,36.3
deli_meat,2,10.08,0,10.08,23.6
deli_meat,7,6.65,20,5.32,23.8
deli_meat,4,3.16,0,3.16,13.5
deli_meat,5,13.61,40,8.17,33.5
deli_meat,7,6.03,40,3.62,38.9
deli_meat,3,7.84,0,7.84,22.7
deli_meat,4,4.09,0,4.09,34.6
deli_meat,4,7.43,20,5.94,32.3
deli_meat,4,8.12,0,8.12,17.8
deli_meat,5,6.77,50,3.39,38.1
deli_meat,1,13.5,20,10.8,56.1
deli_meat,1,10.47,0,10.47,20.4
deli_meat,0,13.13,0,13.13,35.4
deli_meat,2,7.01,40,4.2,47.6
deli_meat,7,14.75,20,11.8,21.6
deli_meat,7,7.06,0,7.06,22.7
deli_meat,2,9.28,30,6.5,49.6
deli_meat,5,9.32,0,9.32,20.3
deli_meat,1,4.94,30,3.46,32.4
deli_meat,7,8.02,0,8.02,16.6
deli_meat,4,11.31,30,7.92,51.4
deli_meat,0,14.21,30,9.95,53.3
deli_meat,5,11.76,0,11.76,23.7
deli_meat,2,7.86,0,7.86,20.0
deli_meat,7,3.72,20,2.98,30.3
deli_meat,0,13.33,40,8.0,85.7
deli_meat,3,3.1,10,2.79,21.0
deli_meat,0,5.75,0,5.75,25.3
deli_meat,6,4.36,40,2.61,37.9
deli_meat,2,14.59,0,14.59,18.8
deli_meat,5,10.65,40,6.39,59.6
deli_meat,5,2.06,30,1.44,31.3
deli_meat,5,7.05,30,4.94,26.5
deli_meat,1,13.12,0,13.12,43.4
deli_meat,1,2.83,30,1.98,30.9
deli_meat,6,5.28,50,2.64,41.7
deli_meat,0,14.59,0,14.59,39.3
deli_meat,2,5.15,0,5.15,28.3
deli_meat,6,12.1,10,10.89,19.1
deli_meat,5,6.98,0,6.98,19.3
deli_meat,0,11.63,30,8.14,53.2
deli_meat,7,14.8,0,14.8,20.7
deli_meat,3,11.66,0,11.66,21.1
deli_meat,6,2.77,10,2.5,31.1
deli_meat,6,10.45,0,10.45,17.9
deli_meat,7,3.32,20,2.66,23.1
deli_meat,5,10.49,0,10.49,19.5
deli_meat,6,9.93,0,9.93,24.2
deli_meat,2,9.35,0,9.35,29.2
deli_meat,5,3.79,0,3.79,23.6
deli_meat,4,14.82,0,14.82,18.8
deli_meat,4,14.46,0,14.46,15.9
deli_meat,3,6.6,30,4.62,40.0
deli_meat,7,7.55,50,3.78,56.2
deli_meat,2,4.07,10,3.67,24.0
deli_meat,2,12.0,0,12.0,20.7
deli_meat,0,2.3,0,2.3,24.1
deli_meat,7,12.26,40,7.35,69.3
deli_meat,1,13.96,0,13.96,23.0
deli_meat,0,11.88,10,10.69,41.3
deli_meat,0,4.86,0,4.86,30.0
deli_meat,2,12.71,10,11.44,31.9
deli_meat,0,5.04,40,3.03,62.6
deli_meat,1,11.65,10,10.48,41.2
deli_meat,5,12.31,20,9.84,21.8
deli_meat,4,8.14,20,6.51,30.8
deli_meat,7,2.16,0,2.16,18.4
deli_meat,2,5.45,20,4.36,27.2
deli_meat,2,4.88,30,3.42,33.3
deli_meat,2,10.41,50,5.21,71.1
deli_meat,7,3.61,50,1.8,58.7
deli_meat,0,13.07,20,10.45,44.9
deli_meat,2,2.06,0,2.06,28.3
deli_meat,2,11.55,0,11.55,26.7
deli_meat,1,10.94,10,9.85,30.8
deli_meat,5,2.89,50,1.44,56.9
deli_meat,1,7.92,0,7.92,59.0
deli_meat,3,3.52,20,2.82,39.9
deli_meat,4,6.18,30,4.32,37.4
deli_meat,1,7.46,20,5.97,31.3
deli_meat,5,14.76,10,13.28,28.0
deli_meat,6,2.99,0,2.99,20.6
deli_meat,3,13.54,10,12.18,22.4
deli_meat,5,13.75,0,13.75,11.3
deli_meat,0,12.59,10,11.33,30.0
deli_meat,4,13.0,0,13.0,22.3
deli_meat,2,3.81,30,2.66,45.3
deli_meat,7,2.08,30,1.46,41.7
deli_meat,2,7.45,30,5.22,53.4
deli_meat,6,14.27,0,14.27,26.3
deli_meat,0,14.95,0,14.95,31.9
deli_meat,4,6.61,30,4.63,38.6
deli_meat,5,6.72,20,5.38,19.8
deli_meat,7,10.99,30,7.69,39.4
deli_meat,1,5.51,50,2.75,56.5
deli_meat,1,13.2,10,11.88,38.5
deli_meat,5,13.71,50,6.85,50.3
deli_meat,7,2.22,0,2.22,15.6
deli_meat,1,12.14,50,6.07,97.4
deli_meat,5,8.15,20,6.52,24.2
deli_meat,2,11.26,20,9.01,38.0
deli_meat,0,9.26,0,9.26,27.7
deli_meat,1,3.5,0,3.5,28.7
deli_meat,3,14.6,10,13.14,19.9
deli_meat,6,14.0,20,11.2,25.0
deli_meat,2,4.92,20,3.93,31.8
deli_meat,2,9.16,20,7.33,30.1
deli_meat,5,8.03,40,4.82,48.2
deli_meat,6,2.83,0,2.83,26.6
deli_meat,5,14.37,0,14.37,32.5
deli_meat,4,2.0,0,2.0,13.1
deli_meat,4,10.21,20,8.17,25.7
deli_meat,1,12.46,0,12.46,26.2
deli_meat,1,3.88,20,3.1,49.7
deli_meat,2,14.14,10,12.73,21.5
deli_meat,4,10.91,0,10.91,20.5
deli_meat,2,14.47,0,14.47,18.4
deli_meat,4,5.61,0,5.61,13.7
deli_meat,0,10.08,30,7.06,53.4
deli_meat,0,14.24,50,7.12,70.7
deli_meat,3,12.68,20,10.14,48.9
deli_meat,3,13.62,30,9.54,34.4
deli_meat,4,11.82,20,9.45,34.1
deli_meat,0,8.89,0,8.89,25.2
deli_meat,6,2.27,0,2.27,16.6
deli_meat,4,13.67,20,10.94,34.9
deli_meat,4,8.8,10,7.92,32.0
deli_meat,6,12.22,0,12.22,19.9
deli_meat,7,13.82,30,9.68,22.4
deli_meat,2,5.02,0,5.02,31.0
deli_meat,6,7.53,50,3.76,79.7
deli_meat,4,5.15,0,5.15,12.0
deli_meat,1,9.5,20,7.6,38.4
deli_meat,2,6.63,0,6.63,14.1
deli_meat,5,12.83,0,12.83,18.8
deli_meat,2,3.59,10,3.23,30.1
deli_meat,3,6.38,0,6.38,35.7
deli_meat,6,2.14,10,1.93,14.6
deli_meat,5,14.8,0,14.8,31.6
deli_meat,0,11.6,10,10.44,25.7
deli_meat,0,3.01,20,2.4,25.3
deli_meat,6,8.03,40,4.82,65.4
deli_meat,4,4.95,20,3.96,41.6
deli_meat,0,5.64,20,4.51,50.6
deli_meat,7,9.24,0,9.24,14.5
deli_meat,1,12.01,30,8.41,43.7
deli_meat,1,8.85,10,7.97,31.9
deli_meat,4,6.17,20,4.94,28.1
deli_meat,0,9.01,10,8.11,42.2
deli_meat,2,10.24,0,10.24,19.9
deli_meat,7,2.1,0,2.1,25.9
deli_meat,1,9.31,50,4.65,108.3
deli_meat,7,11.82,50,5.91,73.5
deli_meat,6,8.11,0,8.11,19.8
deli_meat,2,7.87,40,4.72,46.9
deli_meat,7,2.1,20,1.68,30.3
deli_meat,4,6.67,0,6.67,14.3
deli_meat,1,3.01,30,2.11,46.5
deli_meat,6,10.02,0,10.02,11.9
deli_meat,1,11.88,30,8.32,51.7
deli_meat,2,14.48,10,13.03,20.6
deli_meat,4,8.33,10,7.5,34.2
deli_meat,0,6.68,10,6.02,28.4
deli_meat,3,9.45,0,9.45,16.6
deli_meat,2,8.26,0,8.26,25.9
deli_meat,4,9.88,10,8.89,16.8
deli_meat,5,6.94,50,3.47,64.9
deli_meat,2,11.79,10,10.61,35.1
deli_meat,6,10.11,10,9.09,28.7
deli_meat,4,2.57,10,2.31,23.2
deli_meat,5,5.64,40,3.38,44.8
deli_meat,7,10.18,0,10.18,17.3
deli_meat,1,8.65,30,6.05,51.4
deli_meat,3,12.99,0,12.99,16.9
deli_meat,2,13.69,30,9.58,41.4
deli_meat,6,6.39,40,3.84,43.7
deli_meat,3,8.1,0,8.1,29.6
deli_meat,4,8.25,0,8.25,25.5
deli_meat,0,9.49,0,9.49,26.3
deli_meat,7,8.54,0,8.54,22.0
deli_meat,4,7.31,0,7.31,20.9
deli_meat,1,2.76,0,2.76,38.5
deli_meat,5,2.33,10,2.1,27.7
deli_meat,3,10.21,20,8.17,19.2
deli_meat,7,3.49,50,1.74,70.5
deli_meat,7,3.35,0,3.35,17.9
deli_meat,2,11.58,10,10.42,28.8
deli_meat,0,10.27,20,8.21,25.5
deli_meat,5,2.78,10,2.5,19.5
deli_meat,4,8.54,40,5.13,32.7
deli_meat,7,8.11,30,5.68,30.3
deli_meat,0,10.0,0,10.0,29.3
deli_meat,1,10.89,10,9.8,27.8
deli_meat,6,10.28,20,8.22,27.5
deli_meat,5,3.16,10,2.84,25.7
deli_meat,0,3.48,0,3.48,27.4
deli_meat,4,11.39,20,9.11,27.5
deli_meat,0,12.05,20,9.64,34.5
deli_meat,2,11.32,50,5.66,175.8
deli_meat,3,13.46,0,13.46,17.5
deli_meat,3,11.68,20,9.34,24.4
deli_meat,6,11.76,0,11.76,27.5
deli_meat,4,7.75,0,7.75,23.8
deli_meat,1,6.59,0,6.59,33.3
deli_meat,5,4.91,50,2.45,88.2
deli_meat,1,6.23,50,3.11,103.4
deli_meat,4,10.23,20,8.18,34.7
deli_meat,1,14.98,20,11.98,24.7
deli_meat,2,11.42,50,5.71,47.9
deli_meat,4,7.7,10,6.93,22.5
deli_meat,3,13.51,0,13.51,19.2
deli_meat,0,5.06,10,4.56,34.8
deli_meat,5,2.94,50,1.47,70.1
deli_meat,1,12.51,50,6.25,56.9
deli_meat,7,9.34,0,9.34,16.1
deli_meat,5,12.19,30,8.53,42.4
deli_meat,3,11.34,30,7.94,42.6
deli_meat,1,3.15,20,2.52,37.6
deli_meat,1,3.37,40,2.02,34.5
deli_meat,5,14.54,0,14.54,21.8
deli_meat,1,14.63,0,14.63,23.6
deli_meat,0,10.88,10,9.79,39.2
deli_meat,7,6.04,0,6.04,24.7
deli_meat,6,10.87,10,9.79,18.5
deli_meat,6,6.12,50,3.06,66.3
deli_meat,7,6.25,50,3.12,79.1
deli_meat,5,11.83,30,8.28,42.0
deli_meat,5,5.13,40,3.08,27.3
deli_meat,6,9.04,0,9.04,25.6
deli_meat,3,7.26,0,7.26,17.2
deli_meat,5,13.23,0,13.23,20.4
deli_meat,4,8.81,30,6.17,47.1
deli_meat,7,12.11,0,12.11,14.1
deli_meat,5,10.06,0,10.06,21.8
deli_meat,4,7.28,0,7.28,15.3
deli_meat,0,7.1,0,7.1,30.1
deli_meat,6,11.67,50,5.84,54.8
deli_meat,4,9.53,30,6.67,32.9
deli_meat,2,3.42,20,2.74,30.7
deli_meat,2,8.93,30,6.25,45.1
deli_meat,3,14.13,30,9.89,57.9
deli_meat,5,9.31,20,7.44,17.4
deli_meat,5,4.59,0,4.59,20.7
deli_meat,0,9.46,30,6.62,56.7
deli_meat,1,4.14,10,3.73,19.2
deli_meat,1,9.91,20,7.93,32.3
deli_meat,2,8.87,20,7.1,31.4
deli_meat,4,12.67,0,12.67,15.9
deli_meat,5,5.12,10,4.61,13.7
deli_meat,2,10.56,20,8.45,71.4
deli_meat,7,12.32,40,7.39,66.2
deli_meat,3,6.14,10,5.53,31.2
deli_meat,0,6.94,10,6.24,25.3
deli_meat,3,2.41,0,2.41,19.8
deli_meat,4,7.38,30,5.17,26.1
deli_meat,3,3.88,40,2.33,32.9
deli_meat,0,4.15,30,2.91,31.6
deli_meat,6,7.01,10,6.31,31.1
deli_meat,2,8.1,30,5.67,32.0
deli_meat,3,2.31,30,1.62,80.7
deli_meat,3,6.6,0,6.6,40.4
deli_meat,0,2.9,30,2.03,49.6
deli_meat,5,6.08,30,4.25,28.0
deli_meat,5,10.54,0,10.54,21.2
deli_meat,4,6.83,20,5.46,43.1
deli_meat,3,10.06,30,7.05,26.7
deli_meat,4,4.61,0,4.61,10.4
deli_meat,0,5.37,20,4.3,27.6
deli_meat,1,7.59,10,6.83,41.5
deli_meat,3,8.2,10,7.38,26.3
deli_meat,1,7.25,0,7.25,25.6
deli_meat,4,12.99,40,7.79,35.9
deli_meat,7,13.2,50,6.6,57.1
deli_meat,7,7.03,0,7.03,21.4
deli_meat,2,13.19,30,9.23,36.8
deli_meat,5,13.99,0,13.99,24.2
deli_meat,3,13.88,30,9.71,34.9
deli_meat,4,7.39,0,7.39,16.2
deli_meat,0,14.43,20,11.55,37.9
deli_meat,0,4.06,30,2.84,62.8
deli_meat,4,14.21,0,14.21,26.4
deli_meat,1,7.29,10,6.56,26.8
deli_meat,0,2.5,40,1.5,70.5
deli_meat,7,7.3,10,6.57,26.2
deli_meat,3,8.17,0,8.17,25.1
deli_meat,1,4.91,0,4.91,20.0
deli_meat,1,2.97,0,2.97,24.9
deli_meat,0,9.79,0,9.79,22.4
deli_meat,5,5.27,10,4.75,18.1
deli_meat,4,2.05,50,1.02,70.7
deli_meat,0,2.28,20,1.82,50.3
deli_meat,5,7.01,0,7.01,15.0
deli_meat,4,7.66,0,7.66,28.8
deli_meat,5,8.46,50,4.23,47.4
deli_meat,7,11.76,0,11.76,25.6
deli_meat,4,4.4,0,4.4,21.2
deli_meat,1,2.13,40,1.28,53.4
deli_meat,4,11.96,0,11.96,25.2
deli_meat,0,8.44,30,5.91,39.1
deli_meat,2,5.89,50,2.95,63.8
deli_meat,0,6.98,0,6.98,24.8
deli_meat,4,6.56,20,5.25,29.3
deli_meat,3,6.25,20,5.0,32.1
deli_meat,4,10.19,50,5.1,81.0
deli_meat,1,13.66,30,9.56,61.9
deli_meat,7,14.69,20,11.75,25.7
deli_meat,2,3.99,30,2.79,25.3
deli_meat,4,12.76,20,10.21,23.8
deli_meat,3,11.03,30,7.72,29.6
deli_meat,2,11.08,20,8.87,34.9
deli_meat,4,9.45,30,6.62,33.2
deli_meat,2,2.61,0,2.61,41.8
deli_meat,1,11.29,0,11.29,26.3
deli_meat,3,6.99,10,6.29,26.5
deli_meat,6,5.32,40,3.19,43.6
deli_meat,7,14.33,10,12.9,17.1
deli_meat,0,3.94,0,3.94,55.2
deli_meat,3,2.83,50,1.42,70.7
deli_meat,0,5.24,0,5.24,15.8
deli_meat,6,8.98,0,8.98,13.9
deli_meat,3,4.02,30,2.82,37.4
deli_meat,5,4.58,0,4.58,14.3
deli_meat,7,8.38,0,8.38,22.7
deli_meat,3,13.52,40,8.11,51.0
deli_meat,5,3.46,40,2.07,48.0
deli_meat,4,3.83,0,3.83,15.8
deli_meat,7,11.26,0,11.26,26.1
deli_meat,0,5.56,0,5.56,22.2
deli_meat,6,3.2,0,3.2,21.4
deli_meat,0,14.36,30,10.05,58.5
deli_meat,4,11.01,10,9.91,21.7
deli_meat,2,7.42,10,6.68,37.2
deli_meat,4,4.07,50,2.04,55.9
deli_meat,6,12.26,50,6.13,61.7
deli_meat,4,12.39,20,9.91,27.8
deli_meat,3,8.32,50,4.16,63.7
deli_meat,6,6.5,10,5.85,20.7
deli_meat,3,11.44,30,8.01,41.5
deli_meat,1,3.56,10,3.2,36.5
deli_meat,1,11.31,30,7.92,44.1
deli_meat,6,14.19,30,9.93,29.5
deli_meat,5,7.68,0,7.68,13.4
deli_meat,0,13.1,0,13.1,36.2
deli_meat,7,12.16,10,10.95,19.5
deli_meat,7,12.57,50,6.28,63.3
deli_meat,7,9.32,0,9.32,22.7
deli_meat,1,8.84,0,8.84,22.1
deli_meat,0,12.19,30,8.53,40.7
deli_meat,7,2.84,30,1.99,35.9
deli_meat,4,10.92,20,8.74,27.2
deli_meat,7,10.44,30,7.31,31.5
deli_meat,0,6.19,0,6.19,23.5
deli_meat,4,13.9,0,13.9,24.7
deli_meat,2,11.29,40,6.77,40.7
deli_meat,4,3.31,10,2.98,22.5
deli_meat,0,6.64,10,5.98,40.6
deli_meat,0,10.85,30,7.6,25.2
deli_meat,5,4.03,30,2.82,42.2
deli_meat,3,3.23,10,2.91,29.6
deli_meat,1,13.52,10,12.16,25.4
deli_meat,3,5.6,30,3.92,45.5
deli_meat,3,6.52,0,6.52,14.8
deli_meat,2,13.34,20,10.67,26.8
deli_meat,5,3.17,50,1.59,78.0
deli_meat,3,11.26,0,11.26,16.3
deli_meat,0,8.28,0,8.28,22.3
deli_meat,0,12.27,50,6.13,88.9
deli_meat,4,5.63,10,5.07,30.4
deli_meat,0,14.43,50,7.22,89.2
deli_meat,3,13.94,0,13.94,24.0
deli_meat,4,8.9,40,5.34,39.0
deli_meat,0,7.48,30,5.24,51.6
deli_meat,3,2.76,30,1.93,25.8
deli_meat,1,4.76,20,3.81,30.7
deli_meat,1,13.67,0,13.67,33.5
deli_meat,4,5.19,50,2.59,36.6
deli_meat,1,14.91,20,11.93,26.5
deli_meat,0,13.15,20,10.52,41.3
deli_meat,7,11.36,50,5.68,68.9
deli_meat,3,4.69,10,4.22,40.3
deli_meat,0,2.53,0,2.53,22.5
deli_meat,7,4.39,30,3.08,38.0
deli_meat,1,9.12,0,9.12,17.7
deli_meat,6,11.2,40,6.72,33.4
deli_meat,6,7.83,50,3.91,38.2
deli_meat,7,11.16,0,11.16,27.2
deli_meat,6,9.24,0,9.24,17.5
deli_meat,0,12.6,30,8.82,83.4
deli_meat,1,3.47,0,3.47,37.6
deli_meat,0,12.46,50,6.23,70.7
deli_meat,5,9.12,20,7.29,31.0
deli_meat,0,10.04,20,8.03,43.4
deli_meat,7,4.01,50,2.0,59.0
deli_meat,5,8.52,0,8.52,18.3
deli_meat,5,9.47,20,7.57,23.0
deli_meat,7,11.26,0,11.26,21.1
deli_meat,6,11.24,0,11.24,15.4
deli_meat,6,3.05,10,2.74,19.9
deli_meat,1,3.87,0,3.87,34.6
deli_meat,2,10.87,0,10.87,31.4
deli_meat,3,12.18,20,9.74,30.3
deli_meat,5,11.48,30,8.03,56.0
deli_meat,6,5.73,0,5.73,18.8
deli_meat,7,5.12,10,4.6,22.7
deli_meat,7,10.1,10,9.09,17.8
deli_meat,2,14.26,50,7.13,101.0
deli_meat,5,8.82,20,7.05,38.5
deli_meat,1,5.36,20,4.29,36.9
deli_meat,0,2.94,50,1.47,63.3
deli_meat,0,13.52,50,6.76,101.7
deli_meat,3,9.87,30,6.91,33.6
deli_meat,3,14.89,20,11.91,30.1
deli_meat,3,12.72,0,12.72,25.8
deli_meat,7,9.45,10,8.5,25.4
deli_meat,6,14.14,20,11.32,25.3
deli_meat,3,11.24,10,10.12,21.0
deli_meat,2,9.4,50,4.7,81.9
deli_meat,4,4.95,0,4.95,15.4
deli_meat,5,14.52,0,14.52,12.0
deli_meat,1,11.08,0,11.08,25.0
deli_meat,0,5.82,10,5.24,36.8
deli_meat,3,7.42,0,7.42,23.6
deli_meat,0,4.52,10,4.07,33.3
deli_meat,6,4.6,40,2.76,39.4
deli_meat,6,9.27,0,9.27,16.7
deli_meat,2,4.42,10,3.98,27.3
deli_meat,4,13.34,20,10.67,36.7
deli_meat,7,6.15,0,6.15,23.1
deli_meat,3,6.21,0,6.21,27.0
deli_meat,1,3.75,10,3.38,28.8
deli_meat,0,3.54,10,3.18,32.2
deli_meat,5,2.22,30,1.55,50.3
deli_meat,7,9.83,0,9.83,19.8
deli_meat,2,5.98,40,3.59,46.1
deli_meat,5,11.41,0,11.41,29.0
deli_meat,4,8.51,10,7.66,18.7
deli_meat,0,9.63,30,6.74,50.9
deli_meat,3,2.07,10,1.86,19.3
deli_meat,5,9.62,30,6.74,41.5
deli_meat,5,3.94,0,3.94,24.9
deli_meat,2,6.87,30,4.81,59.3
deli_meat,6,7.41,40,4.45,63.2
deli_meat,5,6.35,40,3.81,58.8
deli_meat,4,7.75,30,5.43,48.7
deli_meat,3,10.73,0,10.73,23.6
deli_meat,5,10.69,30,7.48,52.0
deli_meat,7,9.82,10,8.83,31.7
deli_meat,0,8.09,0,8.09,41.3
deli_meat,3,5.73,50,2.86,43.6
deli_meat,4,8.72,30,6.11,30.0
deli_meat,5,2.39,50,1.2,80.4
deli_meat,6,9.76,0,9.76,22.7
deli_meat,4,12.3,0,12.3,28.3
deli_meat,1,8.23,30,5.76,37.5
deli_meat,7,4.93,0,4.93,17.6
deli_meat,6,8.68,0,8.68,27.2
deli_meat,7,13.34,10,12.01,13.9
deli_meat,5,11.74,0,11.74,18.3
deli_meat,7,3.23,10,2.91,18.9
deli_meat,7,2.6,0,2.6,26.1
deli_meat,2,11.52,40,6.91,36.6
deli_meat,4,14.95,10,13.45,23.3
deli_meat,1,5.15,0,5.15,20.3
deli_meat,7,7.55,50,3.78,60.2
deli_meat,7,6.93,0,6.93,18.1
deli_meat,4,9.46,0,9.46,21.4
deli_meat,5,6.96,30,4.87,32.1
deli_meat,4,7.22,0,7.22,17.0
deli_meat,3,14.45,0,14.45,20.3
deli_meat,1,6.94,0,6.94,19.0
deli_meat,2,2.12,0,2.12,37.5
deli_meat,7,4.78,0,4.78,30.4
deli_meat,3,7.48,30,5.24,59.8
deli_meat,2,5.29,30,3.71,43.5
deli_meat,5,6.87,0,6.87,18.2
deli_meat,5,4.16,30,2.91,70.5
deli_meat,5,12.29,10,11.06,18.4
deli_meat,1,2.93,20,2.35,36.5
deli_meat,4,6.52,30,4.57,44.8
deli_meat,3,6.28,30,4.4,34.8
deli_meat,6,5.23,40,3.14,44.1
deli_meat,6,14.55,50,7.28,54.2
deli_meat,0,10.57,30,7.4,35.7
deli_meat,6,4.83,0,4.83,14.9
deli_meat,7,10.88,0,10.88,20.4
deli_meat,7,5.15,0,5.15,17.8
deli_meat,1,2.09,30,1.46,48.4
deli_meat,3,7.75,20,6.2,39.6
deli_meat,4,3.58,0,3.58,24.9
deli_meat,2,7.84,40,4.7,46.9
deli_meat,7,2.22,0,2.22,27.0
deli_meat,4,9.85,0,9.85,17.2
deli_meat,7,7.24,20,5.79,18.1
deli_meat,1,8.25,0,8.25,29.7
deli_meat,1,14.26,20,11.41,38.1
deli_meat,1,6.72,30,4.7,43.1
deli_meat,4,8.84,50,4.42,76.5
deli_meat,5,12.59,20,10.07,26.1
deli_meat,1,10.77,50,5.39,84.4
deli_meat,1,12.59,40,7.55,50.3
deli_meat,4,2.76,0,2.76,15.7
deli_meat,2,4.79,0,4.79,34.4
deli_meat,7,9.94,50,4.97,58.4
deli_meat,2,12.79,0,12.79,23.1
deli_meat,0,12.06,0,12.06,31.7
deli_meat,3,9.0,10,8.1,22.2
deli_meat,4,6.1,0,6.1,28.5
deli_meat,5,6.99,10,6.3,24.3
deli_meat,0,5.76,0,5.76,25.7
deli_meat,5,10.55,0,10.55,18.6
deli_meat,6,13.25,50,6.62,62.5
deli_meat,4,8.23,0,8.23,25.6
deli_meat,5,11.44,0,11.44,18.2
deli_meat,0,3.28,0,3.28,27.9
deli_meat,3,4.23,30,2.96,66.0
deli_meat,4,9.16,10,8.25,21.7
deli_meat,0,10.97,0,10.97,30.4
deli_meat,3,7.46,0,7.46,12.4
deli_meat,4,7.57,20,6.05,31.6
deli_meat,4,7.14,40,4.28,60.5
deli_meat,0,5.66,0,5.66,25.5
deli_meat,1,5.06,10,4.56,35.3
deli_meat,6,11.06,0,11.06,25.4
deli_meat,4,11.66,30,8.16,42.5
deli_meat,4,11.08,50,5.54,79.1
deli_meat,5,12.29,10,11.06,17.4
deli_meat,1,10.5,30,7.35,53.1
deli_meat,0,4.15,20,3.32,51.1
deli_meat,5,14.29,20,11.43,25.4
deli_meat,0,9.77,0,9.77,38.1
deli_meat,2,6.39,30,4.48,51.8
deli_meat,6,10.16,50,5.08,68.1
deli_meat,1,11.51,40,6.91,40.4
deli_meat,0,5.02,50,2.51,103.9
deli_meat,7,8.32,20,6.66,22.9
deli_meat,5,13.79,20,11.04,28.1
deli_meat,1,13.52,30,9.46,54.8
deli_meat,4,5.49,0,5.49,22.2
deli_meat,1,14.89,0,14.89,29.5
deli_meat,4,5.04,0,5.04,39.6
deli_meat,5,4.36,0,4.36,29.6
deli_meat,4,8.6,30,6.02,28.9
deli_meat,1,12.42,30,8.7,36.5
deli_meat,7,2.27,0,2.27,20.0
deli_meat,4,4.47,30,3.13,30.7
deli_meat,4,14.96,20,11.97,33.3
deli_meat,7,7.24,0,7.24,17.8
deli_meat,1,7.44,0,7.44,20.8
deli_meat,1,13.52,10,12.17,36.5
deli_meat,4,12.41,20,9.93,29.9
deli_meat,4,8.01,20,6.41,23.3
deli_meat,0,14.12,50,7.06,86.8
deli_meat,7,8.48,30,5.94,46.0
deli_meat,2,13.12,20,10.5,29.7
deli_meat,1,6.75,0,6.75,14.9
deli_meat,3,7.42,20,5.94,31.1
deli_meat,4,10.02,0,10.02,19.8
deli_meat,5,3.31,40,1.99,48.9
deli_meat,1,8.21,30,5.75,53.5
deli_meat,3,6.79,30,4.75,40.3
deli_meat,7,11.31,20,9.05,26.3
deli_meat,4,14.01,20,11.21,18.5
deli_meat,3,11.64,20,9.31,35.3
deli_meat,4,3.13,10,2.82,24.4
deli_meat,4,11.5,50,5.75,47.9
deli_meat,3,14.82,20,11.85,28.0
deli_meat,6,10.37,50,5.19,84.8
deli_meat,0,5.85,40,3.51,84.4
deli_meat,0,2.5,30,1.75,92.0
deli_meat,2,8.34,0,8.34,25.8
deli_meat,5,11.24,10,10.12,33.0
deli_meat,6,11.87,20,9.5,31.2
deli_meat,6,14.89,30,10.42,34.1
deli_meat,1,9.42,20,7.53,21.7
deli_meat,1,13.03,30,9.12,42.4
deli_meat,2,10.73,0,10.73,35.9
deli_meat,4,5.56,0,5.56,21.0
deli_meat,7,5.13,40,3.08,69.2
deli_meat,0,5.16,0,5.16,21.9
deli_meat,5,7.23,0,7.23,12.1
deli_meat,2,11.18,10,10.06,20.0
deli_meat,3,9.49,10,8.54,15.1
deli_meat,3,6.24,10,5.62,23.8
deli_meat,2,4.66,30,3.26,39.7
deli_meat,7,2.17,20,1.73,31.1
deli_meat,3,12.95,0,12.95,22.8
deli_meat,2,3.7,0,3.7,20.9
deli_meat,0,4.51,20,3.61,32.2
deli_meat,6,6.15,10,5.53,34.9
deli_meat,2,4.49,50,2.24,71.5
deli_meat,1,8.74,30,6.11,46.3
deli_meat,2,3.76,0,3.76,20.5
deli_meat,6,5.17,0,5.17,26.7
deli_meat,2,13.78,20,11.02,25.9
deli_meat,2,3.67,20,2.94,40.9
deli_meat,2,9.07,0,9.07,39.3
deli_meat,0,9.05,50,4.53,76.1
deli_meat,6,14.81,10,13.33,28.2
deli_meat,3,11.58,40,6.95,27.8
deli_meat,4,6.22,10,5.6,37.0
deli_meat,3,7.7,10,6.93,25.4
deli_meat,5,2.47,30,1.73,41.5
deli_meat,6,2.77,40,1.66,32.4
deli_meat,6,7.29,20,5.83,25.6
deli_meat,5,8.04,30,5.63,33.4
deli_meat,0,14.29,30,10.01,64.3
deli_meat,6,9.95,20,7.96,23.7
deli_meat,2,7.82,40,4.69,48.6
deli_meat,7,4.89,0,4.89,24.6
deli_meat,2,13.2,10,11.88,29.6
deli_meat,1,3.84,10,3.46,22.7
deli_meat,2,13.64,30,9.54,35.5
deli_meat,1,12.0,0,12.0,19.8
deli_meat,2,3.71,20,2.97,24.7
deli_meat,4,13.93,0,13.93,18.7
deli_meat,3,9.74,40,5.85,26.2
deli_meat,1,12.7,40,7.62,43.1
deli_meat,4,3.63,20,2.9,20.6
deli_meat,0,14.77,0,14.77,35.4
deli_meat,0,4.58,10,4.13,26.2
deli_meat,4,3.08,0,3.08,15.6
deli_meat,0,3.98,40,2.39,58.9
deli_meat,3,2.29,0,2.29,13.6
deli_meat,0,12.16,30,8.51,40.5
deli_meat,7,9.68,0,9.68,34.6
deli_meat,4,7.74,0,7.74,25.2
deli_meat,7,11.68,0,11.68,16.6
deli_meat,2,11.71,30,8.2,93.2
deli_meat,3,4.23,30,2.96,39.0
deli_meat,5,8.87,40,5.32,45.5
deli_meat,0,8.99,50,4.49,75.7
deli_meat,6,8.64,0,8.64,21.7
deli_meat,2,3.01,40,1.81,59.5
deli_meat,5,6.68,0,6.68,10.0
deli_meat,5,11.16,40,6.7,41.8
deli_meat,1,11.17,10,10.05,29.1
deli_meat,4,3.08,0,3.08,15.2
deli_meat,1,6.89,0,6.89,16.8
deli_meat,3,5.34,30,3.74,39.2
deli_meat,0,7.79,30,5.45,37.5
deli_meat,2,2.28,20,1.82,46.5
deli_meat,5,2.53,20,2.02,19.0
deli_meat,0,10.0,0,10.0,27.1
deli_meat,7,5.19,0,5.19,17.0
deli_meat,0,11.69,20,9.35,38.3
deli_meat,7,2.44,10,2.2,19.3
deli_meat,0,11.49,0,11.49,45.5
deli_meat,1,10.29,0,10.29,35.9
deli_meat,7,9.25,0,9.25,13.4
deli_meat,6,5.52,20,4.42,19.8
deli_meat,1,2.01,0,2.01,15.6
deli_meat,2,4.55,20,3.64,30.9
deli_meat,4,2.2,0,2.2,21.7
deli_meat,4,5.84,40,3.5,36.4
deli_meat,6,5.23,30,3.66,22.3
deli_meat,4,4.59,40,2.75,42.2
deli_meat,0,6.38,20,5.11,35.4
deli_meat,4,11.91,30,8.33,46.9
deli_meat,7,13.87,10,12.48,23.7
deli_meat,1,6.22,10,5.59,31.4
deli_meat,2,4.85,20,3.88,40.4
deli_meat,7,8.76,0,8.76,20.9
deli_meat,7,9.3,0,9.3,19.8
deli_meat,4,9.16,40,5.5,55.3
deli_meat,0,5.39,40,3.23,71.1
deli_meat,6,6.83,10,6.15,24.5
deli_meat,2,13.03,20,10.43,37.6
deli_meat,6,9.07,0,9.07,18.3
deli_meat,3,4.56,30,3.19,64.4
deli_meat,0,10.48,30,7.33,35.6
deli_meat,4,2.42,50,1.21,94.0
deli_meat,5,12.63,10,11.36,21.9
deli_meat,7,9.2,30,6.44,24.9
deli_meat,0,9.06,10,8.16,24.7
deli_meat,7,6.73,40,4.04,35.7
deli_meat,1,8.77,30,6.14,40.1
deli_meat,4,8.3,0,8.3,26.8
deli_meat,0,13.94,20,11.16,49.8
deli_meat,2,8.85,0,8.85,19.8
deli_meat,2,7.15,30,5.0,38.1
deli_meat,4,5.46,0,5.46,22.4
deli_meat,2,2.96,20,2.37,55.7
deli_meat,5,11.65,0,11.65,15.9
deli_meat,5,14.7,0,14.7,20.8
deli_meat,1,8.56,30,5.99,58.2
deli_meat,2,13.65,40,8.19,63.5
deli_meat,7,14.19,20,11.35,38.9
deli_meat,0,13.12,10,11.81,24.2
deli_meat,3,7.74,30,5.42,48.1
deli_meat,3,5.45,0,5.45,27.6
deli_meat,0,6.68,30,4.68,78.0
deli_meat,0,13.1,20,10.48,29.3
deli_meat,3,13.24,30,9.27,40.8
deli_meat,7,9.19,0,9.19,21.8
deli_meat,1,8.56,30,5.99,82.2
deli_meat,2,13.66,30,9.56,25.6
deli_meat,5,6.0,30,4.2,29.6
deli_meat,2,11.35,10,10.21,24.2
deli_meat,0,13.58,20,10.86,43.7
deli_meat,2,9.44,50,4.72,82.2
deli_meat,3,13.89,0,13.89,28.8
deli_meat,0,5.14,10,4.63,33.5
deli_meat,4,2.4,30,1.68,37.2
deli_meat,6,10.63,30,7.44,30.8
deli_meat,0,2.48,0,2.48,23.9
deli_meat,3,7.45,30,5.21,33.4
deli_meat,6,12.5,0,12.5,15.6
deli_meat,1,10.2,10,9.18,46.1
deli_meat,7,10.48,10,9.43,20.8
deli_meat,2,6.12,30,4.29,77.8
deli_meat,1,5.21,40,3.13,70.0
deli_meat,5,11.13,0,11.13,18.3
deli_meat,1,8.4,20,6.72,54.8
deli_meat,1,11.12,10,10.01,46.8
deli_meat,5,4.23,40,2.54,45.8
deli_meat,5,5.37,10,4.83,15.8
deli_meat,5,13.81,20,11.05,26.0
deli_meat,5,13.77,50,6.89,56.5
deli_meat,4,11.11,50,5.56,57.5
deli_meat,5,12.25,20,9.8,37.2
deli_meat,6,14.49,40,8.7,38.9
deli_meat,2,3.01,40,1.8,55.8
deli_meat,6,5.95,50,2.97,46.6
deli_meat,3,10.73,20,8.58,24.7
deli_meat,0,12.59,10,11.33,31.3
deli_meat,2,3.59,20,2.87,41.7
deli_meat,5,4.31,10,3.88,25.5
deli_meat,3,6.98,0,6.98,26.5
deli_meat,1,13.44,30,9.41,49.9
deli_meat,7,2.52,30,1.76,46.8
deli_meat,2,12.48,40,7.49,43.2
deli_meat,1,9.25,10,8.32,34.2
deli_meat,1,12.5,20,10.0,29.7
deli_meat,6,12.97,0,12.97,23.1
deli_meat,2,12.33,0,12.33,18.6
deli_meat,1,13.27,20,10.61,26.4
deli_meat,7,11.72,0,11.72,15.7
deli_meat,0,5.12,30,3.58,29.2
deli_meat,1,4.8,30,3.36,35.7
deli_meat,5,14.4,30,10.08,54.8
deli_meat,6,8.13,0,8.13,16.4
deli_meat,1,10.36,0,10.36,18.7
deli_meat,7,10.74,30,7.52,68.2
deli_meat,7,10.86,0,10.86,12.1
deli_meat,2,9.95,20,7.96,21.7
deli_meat,7,6.22,20,4.97,33.0
deli_meat,7,2.7,20,2.16,15.2
deli_meat,7,2.45,30,1.72,51.1
deli_meat,7,11.44,10,10.3,20.6
deli_meat,2,10.09,0,10.09,26.3
deli_meat,7,3.39,0,3.39,18.0
deli_meat,1,7.79,0,7.79,20.0
deli_meat,6,13.98,0,13.98,22.9
deli_meat,6,6.18,0,6.18,19.7
deli_meat,2,6.55,0,6.55,30.7
deli_meat,3,9.31,0,9.31,26.4
deli_meat,7,3.37,10,3.03,22.6
deli_meat,2,9.26,0,9.26,24.4
deli_meat,1,5.8,30,4.06,35.6
deli_meat,4,2.18,0,2.18,21.7
deli_meat,5,5.35,30,3.74,29.3
deli_meat,3,4.42,0,4.42,19.6
deli_meat,3,4.78,30,3.35,53.0
deli_meat,5,3.48,20,2.78,24.6
deli_meat,1,13.68,0,13.68,30.9
deli_meat,2,5.79,10,5.21,31.2
deli_meat,3,5.71,40,3.43,47.1
deli_meat,7,8.33,10,7.49,28.8
deli_meat,5,7.84,50,3.92,68.0
deli_meat,2,7.89,50,3.94,50.5
deli_meat,5,6.08,0,6.08,29.6
deli_meat,0,12.96,40,7.78,45.9
deli_meat,1,4.5,0,4.5,21.9
deli_meat,7,8.57,30,6.0,32.5
deli_meat,1,11.37,30,7.96,59.9
deli_meat,0,4.61,20,3.68,53.6
deli_meat,7,2.91,50,1.45,33.4
deli_meat,3,12.35,0,12.35,15.0
deli_meat,5,14.14,40,8.48,74.7
deli_meat,7,10.42,20,8.33,24.6
deli_meat,4,13.61,0,13.61,25.2
deli_meat,5,14.88,0,14.88,24.3
deli_meat,5,12.56,10,11.3,21.8
deli_meat,4,12.06,50,6.03,99.5
deli_meat,2,14.72,20,11.77,40.0
deli_meat,4,5.61,20,4.49,21.9
deli_meat,6,7.99,40,4.79,45.5
deli_meat,0,13.89,30,9.72,50.5
deli_meat,2,12.57,50,6.29,65.6
deli_meat,4,14.78,50,7.39,109.2
deli_meat,6,13.34,0,13.34,16.5
deli_meat,2,13.06,10,11.75,44.6
deli_meat,2,11.19,0,11.19,21.1
deli_meat,3,11.87,0,11.87,23.4
deli_meat,0,7.18,40,4.31,54.5
deli_meat,7,3.23,20,2.59,25.7
deli_meat,4,10.96,50,5.48,63.0
deli_meat,0,14.51,10,13.06,32.6
deli_meat,3,3.71,20,2.97,43.6
deli_meat,2,13.09,10,11.78,29.1
deli_meat,3,6.87,0,6.87,30.3
deli_meat,3,5.14,30,3.59,29.5
deli_meat,4,6.18,10,5.56,39.0
deli_meat,6,5.55,0,5.55,28.1
deli_meat,6,13.83,30,9.68,50.8
deli_meat,5,11.25,50,5.63,43.3
deli_meat,3,6.63,0,6.63,31.9
deli_meat,6,11.26,0,11.26,20.4
deli_meat,6,8.23,0,8.23,31.6
deli_meat,2,9.2,30,6.44,23.4
deli_meat,0,10.6,0,10.6,28.5
deli_meat,4,10.0,40,6.0,54.0
deli_meat,7,4.95,30,3.46,31.1
deli_meat,5,7.27,10,6.54,25.4
deli_meat,7,10.77,0,10.77,15.0
deli_meat,5,9.83,10,8.85,24.3
deli_meat,5,7.57,10,6.81,21.0
deli_meat,6,6.74,0,6.74,22.0
deli_meat,5,13.78,10,12.4,26.8
deli_meat,4,2.17,50,1.08,98.9
deli_meat,1,4.05,30,2.83,34.4
deli_meat,4,3.65,0,3.65,20.2
deli_meat,7,14.32,0,14.32,18.8
deli_meat,5,5.64,20,4.51,36.6
deli_meat,7,6.62,0,6.62,18.9
deli_meat,5,5.89,0,5.89,10.3
deli_meat,5,10.33,0,10.33,14.2
deli_meat,3,13.13,0,13.13,18.9
deli_meat,3,3.25,20,2.6,37.5
deli_meat,7,8.02,0,8.02,17.1
deli_meat,1,7.75,20,6.2,45.7
deli_meat,5,2.71,0,2.71,12.8
deli_meat,7,4.41,10,3.97,16.1
deli_meat,7,14.76,0,14.76,16.7
deli_meat,1,2.42,20,1.93,26.1
deli_meat,3,10.66,10,9.59,34.1
deli_meat,5,2.92,0,2.92,27.7
deli_meat,6,13.07,0,13.07,25.0
deli_meat,3,9.24,30,6.46,27.0
deli_meat,0,10.65,0,10.65,28.2
deli_meat,3,6.2,40,3.72,36.6
deli_meat,4,13.85,10,12.47,18.1
deli_meat,6,11.19,30,7.83,41.5
deli_meat,0,12.15,20,9.72,48.2
deli_meat,3,2.5,0,2.5,20.0
deli_meat,4,10.04,10,9.03,19.0
deli_meat,3,12.51,0,12.51,21.0
deli_meat,3,10.38,0,10.38,32.0
deli_meat,4,2.83,50,1.41,41.7
deli_meat,7,11.42,0,11.42,13.0
deli_meat,4,10.23,0,10.23,30.8
deli_meat,3,10.64,50,5.32,65.4
deli_meat,1,7.79,0,7.79,35.0
deli_meat,3,7.29,0,7.29,17.7
deli_meat,1,6.08,0,6.08,25.2
deli_meat,0,5.31,10,4.78,24.1
deli_meat,6,2.24,20,1.79,33.1
deli_meat,3,3.36,30,2.35,47.2
deli_meat,1,4.61,0,4.61,19.7
deli_meat,7,2.16,40,1.3,42.5
deli_meat,5,8.27,10,7.44,27.9
deli_meat,0,6.12,0,6.12,28.9
deli_meat,6,7.47,40,4.48,43.0
deli_meat,5,6.54,20,5.24,37.1
deli_meat,2,3.62,0,3.62,26.4
deli_meat,3,7.58,40,4.55,49.9
deli_meat,2,6.14,10,5.52,42.1
deli_meat,0,5.4,0,5.4,31.4
deli_meat,6,11.06,30,7.74,34.3
deli_meat,2,4.81,0,4.81,17.6
deli_meat,1,4.09,30,2.86,38.0
deli_meat,7,10.0,0,10.0,26.6
deli_meat,1,13.46,0,13.46,24.9
deli_meat,4,12.95,10,11.65,16.5
deli_meat,1,2.08,30,1.46,61.7
deli_meat,0,6.19,0,6.19,29.6
deli_meat,3,14.0,0,14.0,26.9
deli_meat,2,11.28,20,9.02,32.5
deli_meat,0,2.56,0,2.56,23.9
deli_meat,6,5.93,0,5.93,22.8
deli_meat,7,3.13,30,2.19,36.5
deli_meat,4,13.22,10,11.9,28.6
deli_meat,7,14.41,50,7.2,50.5
deli_meat,5,9.55,0,9.55,24.8
deli_meat,5,12.8,20,10.24,17.0
deli_meat,3,8.65,20,6.92,30.8
deli_meat,5,4.72,0,4.72,28.3
deli_meat,1,10.46,10,9.41,27.5
deli_meat,5,5.6,0,5.6,27.5
deli_meat,4,10.32,50,5.16,61.1
deli_meat,1,14.27,0,14.27,25.0
deli_meat,2,4.88,0,4.88,31.5
deli_meat,1,8.86,30,6.2,81.1
deli_meat,3,12.53,10,11.28,27.9
deli_meat,0,2.88,50,1.44,77.6
deli_meat,2,4.45,0,4.45,19.2
deli_meat,3,4.42,10,3.98,19.4
deli_meat,5,6.32,10,5.69,26.1
deli_meat,2,5.48,30,3.84,51.5
deli_meat,0,12.57,10,11.32,35.2
deli_meat,2,9.73,20,7.79,36.1
deli_meat,3,7.5,30,5.25,53.0
deli_meat,1,13.52,20,10.82,55.9
deli_meat,7,14.05,0,14.05,34.9
deli_meat,0,12.8,0,12.8,23.3
deli_meat,2,12.2,0,12.2,16.6
deli_meat,2,10.44,30,7.31,48.5
deli_meat,7,8.84,30,6.19,33.7
deli_meat,1,8.01,0,8.01,25.4
deli_meat,7,5.82,0,5.82,14.4
deli_meat,0,9.5,0,9.5,20.8
deli_meat,5,5.23,0,5.23,19.4
deli_meat,2,2.69,10,2.42,21.4
deli_meat,1,12.05,50,6.02,118.4
deli_meat,6,4.01,0,4.01,21.6
deli_meat,7,4.75,20,3.8,36.1
deli_meat,2,5.68,20,4.54,33.5
deli_meat,4,2.7,0,2.7,21.5
deli_meat,5,8.12,0,8.12,17.8
deli_meat,3,9.51,0,9.51,25.8
deli_meat,4,11.75,0,11.75,19.4
deli_meat,5,3.23,40,1.94,24.8
deli_meat,5,11.56,30,8.09,55.8
deli_meat,6,10.39,50,5.19,76.5
deli_meat,1,4.22,0,4.22,26.3
deli_meat,4,8.27,20,6.61,23.3
deli_meat,1,8.01,20,6.41,30.2
deli_meat,4,5.73,20,4.59,28.9
deli_meat,0,8.65,40,5.19,70.8
deli_meat,5,13.89,0,13.89,16.1
deli_meat,4,3.28,30,2.3,23.0
deli_meat,2,13.61,20,10.89,46.5
deli_meat,4,3.82,0,3.82,23.7
deli_meat,7,13.66,50,6.83,51.3
deli_meat,7,10.9,0,10.9,19.8
deli_meat,0,11.09,10,9.98,29.9
deli_meat,1,8.96,50,4.48,59.1
deli_meat,6,4.88,20,3.91,43.7
deli_meat,5,7.8,20,6.24,27.2
deli_meat,6,6.94,0,6.94,26.3
deli_meat,7,9.38,40,5.63,28.6
deli_meat,0,12.48,0,12.48,20.4
deli_meat,5,13.33,30,9.33,16.6
deli_meat,7,5.89,0,5.89,14.3
deli_meat,1,12.2,10,10.98,29.2
deli_meat,6,12.02,20,9.62,27.9
deli_meat,3,7.79,0,7.79,14.5
deli_meat,1,14.09,10,12.68,35.2
deli_meat,3,11.09,0,11.09,29.2
deli_meat,1,9.32,30,6.52,49.7
deli_meat,4,10.49,0,10.49,18.8
deli_meat,1,3.7,20,2.96,28.3
deli_meat,0,9.2,0,9.2,27.8
deli_meat,2,8.78,50,4.39,92.5
deli_meat,2,6.77,30,4.74,37.2
deli_meat,6,11.85,0,11.85,15.0
deli_meat,0,6.8,30,4.76,34.3
deli_meat,2,11.82,0,11.82,22.8
deli_meat,7,4.55,10,4.09,37.0
deli_meat,1,3.76,0,3.76,23.4
deli_meat,3,6.26,0,6.26,15.9
deli_meat,3,2.9,0,2.9,18.1
deli_meat,0,3.15,0,3.15,25.1
deli_meat,7,2.25,30,1.58,33.0
deli_meat,3,10.41,30,7.29,48.2
deli_meat,1,6.07,40,3.64,55.3
deli_meat,2,14.44,30,10.11,45.6
deli_meat,2,5.02,30,3.51,39.8
deli_meat,4,10.89,50,5.44,83.0
deli_meat,7,10.46,0,10.46,19.3
deli_meat,4,7.0,20,5.6,49.8
deli_meat,1,4.99,0,4.99,30.2
deli_meat,5,5.2,0,5.2,20.8
deli_meat,6,7.47,10,6.73,24.3
deli_meat,5,2.2,50,1.1,72.4
deli_meat,7,13.12,0,13.12,24.6
deli_meat,2,4.34,20,3.47,22.5
deli_meat,1,5.01,0,5.01,22.9
deli_meat,1,4.52,0,4.52,20.2
deli_meat,7,12.62,0,12.62,18.3
deli_meat,6,4.11,10,3.7,21.5
deli_meat,1,14.59,30,10.21,38.0
deli_meat,2,10.53,20,8.43,47.0
deli_meat,7,8.62,0,8.62,16.5
deli_meat,1,4.07,30,2.85,37.1
deli_meat,1,4.87,0,4.87,31.2
deli_meat,0,9.1,10,8.19,43.5
deli_meat,5,9.16,30,6.41,26.4
deli_meat,0,10.58,0,10.58,35.4
deli_meat,2,11.76,40,7.05,43.9
deli_meat,5,10.78,20,8.62,19.9
deli_meat,0,7.35,20,5.88,35.7
deli_meat,3,5.25,50,2.62,57.9
deli_meat,1,3.41,10,3.07,24.2
deli_meat,6,10.45,0,10.45,18.3
deli_meat,2,12.17,0,12.17,24.0
deli_meat,1,8.94,30,6.26,79.7
deli_meat,4,13.74,30,9.62,42.2
deli_meat,3,9.69,20,7.75,20.6
deli_meat,0,8.8,0,8.8,20.3
deli_meat,0,3.87,10,3.48,38.8
deli_meat,3,7.28,0,7.28,16.9
deli_meat,4,8.89,0,8.89,26.9
deli_meat,6,4.05,40,2.43,48.0
deli_meat,7,2.68,0,2.68,14.3
deli_meat,4,11.64,40,6.99,33.1
deli_meat,2,10.25,0,10.25,26.3
deli_meat,7,8.1,10,7.29,15.3
deli_meat,2,15.0,50,7.5,53.1
deli_meat,0,7.96,0,7.96,39.9
deli_meat,3,7.65,20,6.12,23.4
deli_meat,1,3.66,30,2.57,44.3
deli_meat,4,8.52,0,8.52,27.4
deli_meat,1,4.43,0,4.43,27.5
deli_meat,7,4.95,50,2.48,126.3
deli_meat,3,9.05,0,9.05,21.7
deli_meat,1,4.53,0,4.53,15.8
deli_meat,1,11.05,10,9.95,19.6
deli_meat,2,2.24,40,1.34,44.9
deli_meat,0,8.84,20,7.07,29.9
deli_meat,4,11.75,20,9.4,30.2
deli_meat,1,13.12,0,13.12,30.4
deli_meat,5,8.69,10,7.82,26.5
deli_meat,3,6.84,50,3.42,65.7
deli_meat,2,9.9,0,9.9,25.5
deli_meat,1,10.29,20,8.23,48.8
deli_meat,6,13.29,10,11.96,24.7
deli_meat,7,5.32,20,4.25,22.5
deli_meat,7,12.51,0,12.51,18.4
deli_meat,3,9.77,10,8.79,20.2
deli_meat,7,3.12,0,3.12,23.3
deli_meat,7,11.65,50,5.83,64.2
deli_meat,2,2.11,50,1.05,68.5
deli_meat,1,12.04,20,9.63,29.4
deli_meat,3,6.5,20,5.2,28.8
deli_meat,7,6.42,0,6.42,16.2
deli_meat,1,6.81,50,3.41,99.4
deli_meat,7,2.97,0,2.97,12.1
deli_meat,5,13.62,0,13.62,22.4
deli_meat,5,14.62,10,13.16,20.4
deli_meat,1,9.04,0,9.04,28.0
deli_meat,0,3.19,0,3.19,19.4
deli_meat,2,8.85,50,4.42,87.7
deli_meat,4,6.92,0,6.92,23.0
deli_meat,1,2.32,20,1.86,39.8
deli_meat,6,5.58,0,5.58,36.8
deli_meat,2,9.72,20,7.77,20.3
deli_meat,4,2.89,20,2.31,31.0
deli_meat,5,13.24,0,13.24,16.1
deli_meat,0,14.98,20,11.99,41.9
deli_meat,3,11.19,0,11.19,22.0
deli_meat,4,9.68,20,7.74,23.8
deli_meat,3,3.38,0,3.38,30.6
deli_meat,7,6.46,0,6.46,26.2
deli_meat,7,13.9,40,8.34,33.9
deli_meat,0,3.04,0,3.04,25.6
deli_meat,1,8.96,30,6.28,78.7
deli_meat,6,7.81,20,6.25,32.6
deli_meat,4,10.32,10,9.29,28.1
deli_meat,0,12.33,30,8.63,65.1
deli_meat,1,13.04,40,7.82,80.3
deli_meat,7,7.22,30,5.06,31.4
deli_meat,2,13.23,20,10.58,24.4
deli_meat,5,6.02,20,4.81,29.4
deli_meat,1,2.79,0,2.79,30.1
deli_meat,5,4.35,0,4.35,19.8
deli_meat,4,9.51,30,6.65,30.2
deli_meat,4,11.96,40,7.17,43.7
deli_meat,3,2.48,30,1.73,36.8
deli_meat,7,11.87,0,11.87,22.3
deli_meat,7,12.13,0,12.13,20.5
deli_meat,1,6.88,0,6.88,24.9
deli_meat,3,4.9,0,4.9,28.4
deli_meat,0,10.53,20,8.42,49.9
deli_meat,3,10.93,10,9.83,22.8
deli_meat,5,6.54,30,4.58,34.6
deli_meat,0,6.87,0,6.87,29.1
deli_meat,3,3.14,0,3.14,44.8
deli_meat,7,4.34,40,2.6,54.0
deli_meat,2,11.54,0,11.54,45.3
deli_meat,7,12.9,0,12.9,23.1
deli_meat,2,4.75,30,3.33,58.9
deli_meat,0,2.92,30,2.05,54.3
deli_meat,7,13.53,0,13.53,21.3
deli_meat,6,7.96,10,7.16,26.5
deli_meat,4,14.48,0,14.48,21.7
deli_meat,5,6.47,10,5.82,23.0
deli_meat,1,7.85,50,3.93,63.2
deli_meat,4,10.45,30,7.32,54.5
deli_meat,1,9.31,50,4.65,79.4
deli_meat,0,12.75,40,7.65,40.9
deli_meat,5,7.88,30,5.52,29.2
deli_meat,2,14.35,50,7.17,68.3
deli_meat,4,11.79,20,9.43,34.4
deli_meat,3,6.42,20,5.13,27.8
deli_meat,7,10.94,30,7.66,38.2
deli_meat,3,11.06,0,11.06,26.4
deli_meat,1,8.75,0,8.75,24.6
deli_meat,1,3.32,20,2.66,34.7
deli_meat,1,8.26,50,4.13,62.8
deli_meat,0,3.35,0,3.35,29.4
deli_meat,2,3.2,30,2.24,31.6
deli_meat,6,8.95,0,8.95,20.6
deli_meat,5,11.47,0,11.47,22.6
deli_meat,4,2.75,40,1.65,42.7
deli_meat,5,11.97,0,11.97,18.0
deli_meat,0,4.95,40,2.97,68.3
deli_meat,4,2.19,20,1.75,21.1
deli_meat,6,9.78,20,7.82,35.7
deli_meat,6,12.32,20,9.86,20.7
deli_meat,0,7.17,0,7.17,22.5
deli_meat,1,11.68,40,7.01,61.7
deli_meat,2,8.71,0,8.71,26.1
deli_meat,6,10.99,20,8.79,36.6
deli_meat,0,6.74,20,5.39,51.1
deli_meat,6,8.27,20,6.61,21.0
deli_meat,2,13.24,50,6.62,91.7
deli_meat,6,9.6,0,9.6,20.9
deli_meat,4,14.22,0,14.22,19.1
deli_meat,1,3.63,40,2.18,74.3
deli_meat,5,12.46,10,11.21,37.1
deli_meat,2,13.66,20,10.92,37.0
deli_meat,4,14.53,30,10.17,26.1
deli_meat,0,13.91,40,8.34,81.0
deli_meat,7,3.61,10,3.25,14.9
deli_meat,6,2.2,0,2.2,28.8
deli_meat,1,14.57,0,14.57,28.0
deli_meat,3,7.56,50,3.78,67.6
deli_meat,1,12.93,0,12.93,32.7
deli_meat,1,12.05,30,8.44,35.7
deli_meat,7,4.2,0,4.2,14.1
deli_meat,4,4.83,0,4.83,25.0
deli_meat,6,13.81,20,11.05,30.9
deli_meat,0,9.05,30,6.34,79.6
deli_meat,7,6.08,10,5.47,24.5
deli_meat,1,9.47,0,9.47,21.2
deli_meat,2,10.39,30,7.28,39.3
deli_meat,3,4.66,0,4.66,17.2
deli_meat,5,9.39,30,6.57,44.3
deli_meat,2,11.52,20,9.21,46.2
deli_meat,6,12.08,20,9.67,27.7
deli_meat,5,9.85,50,4.93,45.3
deli_meat,6,11.88,0,11.88,18.6
deli_meat,4,4.59,30,3.22,40.2
deli_meat,0,10.68,0,10.68,31.0
deli_meat,1,2.44,0,2.44,34.0
deli_meat,6,3.21,0,3.21,21.3
deli_meat,2,14.2,30,9.94,39.8
deli_meat,5,8.81,0,8.81,19.4
deli_meat,1,6.84,20,5.48,51.2
deli_meat,4,13.19,0,13.19,17.2
deli_meat,4,8.31,20,6.65,26.0
deli_meat,3,2.29,30,1.61,53.9
deli_meat,4,6.8,0,6.8,26.4
deli_meat,1,6.94,40,4.16,46.0
deli_meat,1,12.19,0,12.19,21.0
deli_meat,6,9.34,10,8.41,36.0
deli_meat,1,3.75,50,1.87,46.1
deli_meat,3,11.41,0,11.41,21.1
deli_meat,3,14.68,50,7.34,66.6
deli_meat,6,5.5,10,4.95,27.9
deli_meat,1,8.52,20,6.82,25.9
deli_meat,7,7.6,0,7.6,15.4
deli_meat,7,4.11,40,2.47,33.6
deli_meat,7,11.21,40,6.72,42.6
deli_meat,5,7.47,0,7.47,22.3
deli_meat,3,9.36,40,5.62,46.9
deli_meat,1,4.1,20,3.28,34.3
deli_meat,0,4.58,0,4.58,30.0
deli_meat,4,3.91,40,2.35,45.9
deli_meat,5,5.08,0,5.08,24.7
deli_meat,2,3.51,0,3.51,18.7
deli_meat,5,8.74,40,5.24,55.1
deli_meat,7,9.52,0,9.52,14.5
deli_meat,0,9.77,40,5.86,54.0
deli_meat,3,11.7,0,11.7,19.2
deli_meat,2,8.47,20,6.78,26.5
deli_meat,1,3.84,20,3.07,33.9
deli_meat,2,11.98,50,5.99,86.0
deli_meat,6,7.64,20,6.11,34.3
deli_meat,1,3.59,30,2.51,90.0
deli_meat,5,12.86,20,10.29,33.7
deli_meat,1,11.43,0,11.43,18.2
deli_meat,6,4.73,20,3.78,35.0
deli_meat,6,3.45,20,2.76,38.5
deli_meat,2,9.92,20,7.94,32.5
deli_meat,5,7.75,20,6.2,26.6
deli_meat,0,3.87,0,3.87,33.8
deli_meat,7,11.93,20,9.54,19.7
deli_meat,1,13.25,0,13.25,22.0
deli_meat,0,13.76,10,12.39,37.3
deli_meat,2,6.28,0,6.28,21.0
deli_meat,1,12.4,10,11.16,22.7
deli_meat,7,4.14,10,3.73,16.7
deli_meat,5,13.26,50,6.63,79.3
deli_meat,1,5.97,50,2.99,57.0
deli_meat,1,7.21,0,7.21,32.4
deli_meat,4,4.76,10,4.28,21.6
deli_meat,2,5.5,0,5.5,25.7
deli_meat,3,6.5,50,3.25,49.2
deli_meat,1,8.15,0,8.15,21.3
deli_meat,1,14.49,30,10.14,38.3
deli_meat,0,7.42,0,7.42,29.7
deli_meat,6,11.76,30,8.23,40.9
deli_meat,6,8.68,10,7.81,18.7
deli_meat,6,8.49,0,8.49,19.0
deli_meat,1,5.94,0,5.94,25.2
deli_meat,7,11.46,20,9.17,38.4
deli_meat,6,11.0,0,11.0,23.1
deli_meat,5,11.43,20,9.15,50.2
deli_meat,1,10.36,0,10.36,35.0
deli_meat,1,2.17,0,2.17,34.2
deli_meat,4,7.81,0,7.81,15.7
deli_meat,4,4.05,0,4.05,16.0
deli_meat,5,2.05,50,1.03,67.5
deli_meat,4,2.11,20,1.69,28.9
deli_meat,5,14.57,30,10.2,37.7
deli_meat,3,8.04,10,7.24,31.0
deli_meat,4,2.39,20,1.91,25.7
deli_meat,7,9.13,0,9.13,18.4
deli_meat,4,9.07,0,9.07,19.5
deli_meat,0,13.37,0,13.37,31.7
deli_meat,0,9.44,30,6.61,44.5
deli_meat,6,13.56,0,13.56,24.3
deli_meat,7,7.85,20,6.28,30.8
deli_meat,0,8.29,50,4.14,96.4
deli_meat,3,5.33,0,5.33,29.6
deli_meat,4,4.86,0,4.86,22.3
deli_meat,6,5.48,10,4.93,18.6
deli_meat,4,9.99,50,5.0,62.5
deli_meat,7,7.4,10,6.66,32.7
deli_meat,1,11.72,30,8.2,37.5
deli_meat,5,12.84,0,12.84,12.8
deli_meat,0,4.94,50,2.47,158.9
deli_meat,2,6.77,10,6.09,22.4
deli_meat,2,4.13,50,2.06,69.8
deli_meat,7,8.72,40,5.23,53.5
deli_meat,2,9.52,0,9.52,20.3
deli_meat,4,9.52,0,9.52,26.9
deli_meat,2,4.06,50,2.03,63.3
deli_meat,0,9.74,0,9.74,34.5
deli_meat,7,11.82,20,9.46,43.7
deli_meat,4,14.38,0,14.38,24.1
deli_meat,5,5.14,0,5.14,10.7
deli_meat,3,9.81,0,9.81,16.8
deli_meat,0,14.05,10,12.64,36.3
deli_meat,2,4.42,0,4.42,14.0
deli_meat,2,9.58,0,9.58,28.1
deli_meat,3,8.81,20,7.05,45.6
deli_meat,5,10.07,10,9.06,30.4
deli_meat,0,2.66,0,2.66,33.9
deli_meat,3,14.6,50,7.3,63.7
deli_meat,0,5.15,30,3.61,45.3
deli_meat,6,12.14,20,9.72,24.7
deli_meat,5,4.46,20,3.57,24.4
deli_meat,6,13.84,20,11.07,25.6
deli_meat,7,7.7,40,4.62,38.6
deli_meat,6,14.64,40,8.78,45.9
deli_meat,4,7.98,50,3.99,88.0
deli_meat,7,7.74,20,6.19,24.9
deli_meat,5,2.04,40,1.22,48.9
deli_meat,2,8.16,0,8.16,25.9
deli_meat,5,12.43,20,9.95,24.4
deli_meat,6,12.1,50,6.05,70.2
deli_meat,5,2.34,20,1.87,19.5
deli_meat,1,10.88,30,7.62,23.2
deli_meat,7,3.64,0,3.64,28.5
deli_meat,2,7.98,30,5.58,37.8
deli_meat,7,12.5,0,12.5,20.6
deli_meat,4,9.01,40,5.41,28.7
deli_meat,5,6.66,30,4.67,31.0
deli_meat,0,8.78,10,7.9,37.7
deli_meat,7,6.04,10,5.44,11.5
deli_meat,0,10.19,0,10.19,27.9
deli_meat,7,7.48,20,5.99,24.9
deli_meat,6,11.21,30,7.85,68.4
deli_meat,4,10.87,10,9.78,22.6
deli_meat,0,2.88,30,2.01,36.1
deli_meat,2,7.52,0,7.52,19.3
deli_meat,2,3.39,40,2.03,77.3
deli_meat,3,5.36,50,2.68,70.5
deli_meat,6,12.59,20,10.07,44.0
deli_meat,2,8.51,20,6.81,37.7
deli_meat,0,4.63,0,4.63,27.6
deli_meat,7,7.87,10,7.09,18.7
deli_meat,0,5.73,0,5.73,30.0
deli_meat,5,7.37,10,6.64,23.9
deli_meat,4,7.12,0,7.12,24.4
deli_meat,3,12.2,0,12.2,13.6
deli_meat,6,2.33,0,2.33,17.2
deli_meat,3,8.26,0,8.26,35.7
deli_meat,0,9.75,40,5.85,47.6
deli_meat,5,9.19,0,9.19,22.8
deli_meat,5,5.72,10,5.15,24.3
deli_meat,3,2.41,40,1.45,54.0
deli_meat,3,8.14,20,6.51,48.7
deli_meat,0,14.32,0,14.32,28.0
deli_meat,5,6.01,0,6.01,16.4
deli_meat,6,13.4,30,9.38,37.9
deli_meat,6,11.64,30,8.15,30.1
deli_meat,3,4.19,20,3.35,27.4
deli_meat,5,12.91,0,12.91,19.7
deli_meat,2,6.02,0,6.02,19.8
deli_meat,5,13.24,0,13.24,18.8
deli_meat,3,4.95,20,3.96,26.1
deli_meat,4,4.43,0,4.43,14.2
deli_meat,5,13.48,20,10.78,32.8
deli_meat,7,7.66,10,6.9,15.7
deli_meat,6,12.29,0,12.29,19.8
deli_meat,1,13.87,0,13.87,21.3
deli_meat,6,2.68,0,2.68,16.4
deli_meat,3,10.41,10,9.37,30.4
deli_meat,3,10.63,0,10.63,16.2
deli_meat,3,6.59,0,6.59,24.5
deli_meat,0,12.31,20,9.85,40.5
deli_meat,0,7.8,30,5.46,49.8
deli_meat,2,10.04,10,9.03,30.0
deli_meat,1,4.53,0,4.53,29.2
deli_meat,0,13.79,10,12.41,24.0
deli_meat,6,3.76,0,3.76,18.9
deli_meat,4,3.57,0,3.57,16.5
deli_meat,7,9.35,40,5.61,33.3
deli_meat,7,6.17,10,5.56,19.1
deli_meat,4,9.28,10,8.35,28.0
deli_meat,5,3.43,30,2.4,31.8
deli_meat,2,2.57,0,2.57,34.4
deli_meat,5,2.58,0,2.58,21.7
deli_meat,0,6.41,0,6.41,28.6
deli_meat,3,12.29,20,9.83,26.7
deli_meat,7,6.58,0,6.58,21.4
deli_meat,0,4.9,30,3.43,68.6
deli_meat,7,9.58,0,9.58,19.2
deli_meat,5,14.28,10,12.85,23.1
deli_meat,3,7.72,0,7.72,26.5
deli_meat,4,6.9,20,5.52,21.7
deli_meat,0,2.65,50,1.33,95.1
deli_meat,5,10.21,20,8.17,27.7
deli_meat,6,5.14,0,5.14,18.3
deli_meat,1,6.04,30,4.23,41.9
deli_meat,4,12.64,10,11.38,17.8
deli_meat,4,7.48,40,4.49,49.1
deli_meat,0,2.69,30,1.88,74.9
deli_meat,1,6.17,10,5.56,28.8
deli_meat,5,10.17,10,9.15,24.9
deli_meat,1,2.43,0,2.43,30.7
deli_meat,4,13.89,20,11.11,33.0
deli_meat,7,13.12,0,13.12,22.1
deli_meat,4,10.07,0,10.07,17.6
deli_meat,3,11.07,0,11.07,23.5
deli_meat,2,7.51,20,6.01,38.9
deli_meat,7,12.1,50,6.05,45.8
deli_meat,0,9.86,50,4.93,68.4
deli_meat,1,4.98,0,4.98,19.7
deli_meat,0,8.26,30,5.79,46.1
deli_meat,0,12.96,20,10.37,33.1
deli_meat,0,14.12,30,9.88,45.2
deli_meat,0,11.61,0,11.61,35.8
deli_meat,1,4.2,0,4.2,26.3
deli_meat,4,3.41,0,3.41,17.3
deli_meat,4,10.01,30,7.01,25.0
deli_meat,5,12.7,40,7.62,55.0
deli_meat,7,6.07,20,4.86,40.5
deli_meat,3,11.64,0,11.64,20.0
deli_meat,2,5.53,10,4.98,13.3
deli_meat,4,9.89,20,7.91,25.5
deli_meat,2,6.18,0,6.18,23.0
deli_meat,1,7.17,20,5.73,35.2
deli_meat,2,12.61,0,12.61,19.3
deli_meat,1,13.98,40,8.39,72.7
deli_meat,7,13.32,30,9.32,34.4
deli_meat,6,13.73,0,13.73,25.8
deli_meat,3,5.97,30,4.18,50.0
deli_meat,7,2.12,10,1.91,29.2
deli_meat,7,11.29,10,10.16,21.4
deli_meat,4,4.19,50,2.1,42.0
deli_meat,6,10.08,10,9.07,21.0
deli_meat,5,3.38,20,2.7,28.1
deli_meat,2,11.96,10,10.76,30.2
deli_meat,3,9.36,20,7.49,32.2
deli_meat,1,12.54,0,12.54,13.3
deli_meat,4,4.78,40,2.87,44.6
deli_meat,2,13.06,50,6.53,59.0
deli_meat,1,4.43,10,3.99,22.2
deli_meat,3,7.9,0,7.9,22.1
deli_meat,4,6.11,50,3.05,58.8
deli_meat,0,11.68,50,5.84,128.8
deli_meat,7,4.34,10,3.91,18.7
deli_meat,1,8.05,30,5.64,51.2
deli_meat,0,12.14,0,12.14,21.6
deli_meat,2,7.21,50,3.61,54.5
deli_meat,0,4.49,40,2.69,39.8
deli_meat,7,3.13,50,1.57,110.1
deli_meat,3,10.21,20,8.17,29.9
deli_meat,4,3.5,10,3.15,37.7
deli_meat,4,11.5,10,10.35,21.3
deli_meat,5,7.6,30,5.32,45.4
deli_meat,5,8.25,10,7.42,31.4
deli_meat,0,4.79,20,3.84,45.2
deli_meat,1,4.45,0,4.45,27.5
deli_meat,2,8.28,0,8.28,15.8
deli_meat,0,4.5,10,4.05,41.9
deli_meat,4,5.09,40,3.05,51.6
deli_meat,6,8.67,30,6.07,42.7
deli_meat,2,7.3,40,4.38,60.4
deli_meat,1,12.14,30,8.5,47.1
deli_meat,4,9.6,20,7.68,22.8
deli_meat,6,3.14,10,2.83,23.5
deli_meat,3,14.42,0,14.42,18.2
deli_meat,7,13.05,0,13.05,25.7
deli_meat,6,5.84,10,5.25,28.4
deli_meat,5,9.83,30,6.88,29.1
deli_meat,2,7.58,0,7.58,19.2
deli_meat,0,9.68,30,6.77,50.9
deli_meat,0,10.6,10,9.54,34.9
deli_meat,0,3.13,0,3.13,31.6
deli_meat,4,10.94,10,9.84,25.2
deli_meat,6,4.14,10,3.73,22.2
deli_meat,7,11.52,50,5.76,74.4
deli_meat,2,4.64,30,3.25,25.4
deli_meat,3,4.66,0,4.66,25.1
deli_meat,4,4.72,0,4.72,19.4
deli_meat,1,10.08,0,10.08,26.9
deli_meat,5,12.51,0,12.51,15.9
deli_meat,4,11.19,30,7.83,45.3
deli_meat,1,5.47,40,3.28,69.3
deli_meat,5,13.49,50,6.75,63.2
deli_meat,0,14.13,10,12.72,29.3
deli_meat,0,9.56,40,5.74,62.3
deli_meat,1,9.22,10,8.3,37.4
deli_meat,2,4.16,30,2.91,55.2
deli_meat,4,8.62,0,8.62,22.1
deli_meat,3,2.51,0,2.51,27.0
deli_meat,1,2.3,0,2.3,22.6
deli_meat,7,4.43,20,3.55,27.5
deli_meat,7,4.39,10,3.95,21.4
deli_meat,7,5.99,20,4.79,24.7
deli_meat,3,7.7,0,7.7,20.7
deli_meat,2,9.03,40,5.42,45.0
deli_meat,2,14.15,40,8.49,65.0
deli_meat,4,9.0,40,5.4,42.6
deli_meat,2,2.26,10,2.03,36.1
deli_meat,2,11.27,40,6.76,69.9
deli_meat,7,7.98,30,5.58,46.4
deli_meat,3,4.72,0,4.72,17.9
deli_meat,7,4.01,0,4.01,27.4
deli_meat,7,13.61,20,10.89,24.9
deli_meat,2,8.73,10,7.86,32.8
deli_meat,3,14.67,20,11.74,33.3
deli_meat,7,12.59,20,10.07,24.7
deli_meat,5,10.36,20,8.29,54.4
deli_meat,4,10.36,50,5.18,51.9
deli_meat,1,13.76,0,13.76,32.4
deli_meat,7,6.91,0,6.91,26.1
deli_meat,7,10.52,30,7.36,29.9
deli_meat,5,13.04,0,13.04,15.6
deli_meat,2,2.51,0,2.51,27.9
deli_meat,7,6.24,40,3.74,40.9
deli_meat,4,2.45,0,2.45,22.4
deli_meat,5,11.67,50,5.84,58.3
deli_meat,3,11.92,20,9.53,25.1
deli_meat,7,11.51,50,5.75,73.8
deli_meat,5,2.93,0,2.93,14.4
deli_meat,6,14.9,30,10.43,30.2
deli_meat,5,2.54,20,2.04,26.7
deli_meat,2,13.51,0,13.51,26.4
deli_meat,0,5.16,20,4.13,34.0
deli_meat,1,7.27,40,4.36,65.8
deli_meat,5,9.04,50,4.52,94.3
deli_meat,6,4.25,0,4.25,18.3
deli_meat,3,5.15,40,3.09,38.5
deli_meat,7,6.79,20,5.43,30.2
deli_meat,5,7.83,0,7.83,17.8
deli_meat,3,7.41,20,5.93,19.8
deli_meat,5,7.17,40,4.3,38.9
deli_meat,2,12.54,0,12.54,18.6
deli_meat,4,8.68,0,8.68,23.5
deli_meat,1,12.22,0,12.22,19.9
deli_meat,2,4.57,10,4.12,21.2
deli_meat,4,14.78,30,10.35,33.5
deli_meat,4,12.91,30,9.04,37.8
deli_meat,6,14.27,10,12.84,24.1
deli_meat,5,11.15,0,11.15,23.7
deli_meat,3,7.1,20,5.68,41.3
deli_meat,7,9.55,20,7.64,24.3
deli_meat,4,6.87,50,3.44,44.8
deli_meat,3,7.02,0,7.02,23.8
deli_meat,6,13.84,10,12.46,32.4
deli_meat,5,4.97,40,2.98,47.9
deli_meat,7,13.7,0,13.7,17.1
deli_meat,6,5.01,10,4.51,17.6
deli_meat,0,4.54,0,4.54,27.7
deli_meat,1,2.15,40,1.29,53.4
deli_meat,0,11.66,0,11.66,23.9
deli_meat,6,2.03,20,1.62,25.5
deli_meat,2,5.14,50,2.57,46.2
deli_meat,2,13.62,30,9.53,41.2
deli_meat,6,8.32,10,7.49,22.7
deli_meat,1,14.65,20,11.72,34.5
deli_meat,3,7.1,20,5.68,25.3
deli_meat,6,7.9,40,4.74,50.2
deli_meat,7,9.67,0,9.67,17.9
deli_meat,7,12.49,30,8.74,27.9
deli_meat,5,8.53,0,8.53,18.7
deli_meat,2,8.87,0,8.87,25.7
deli_meat,3,3.69,0,3.69,24.6
deli_meat,1,3.13,0,3.13,20.1
deli_meat,6,14.18,50,7.09,90.9
deli_meat,0,12.98,0,12.98,30.0
deli_meat,3,12.45,0,12.45,13.6
deli_meat,2,5.12,10,4.61,36.1
deli_meat,0,10.21,10,9.19,29.9
deli_meat,6,2.66,50,1.33,66.3
deli_meat,6,5.79,0,5.79,25.2
deli_meat,0,3.41,30,2.39,62.6
deli_meat,6,4.59,30,3.21,26.2
deli_meat,2,12.19,0,12.19,17.0
deli_meat,6,7.35,0,7.35,20.3
deli_meat,6,13.72,50,6.86,45.1
deli_meat,5,5.62,0,5.62,19.7
deli_meat,1,12.19,0,12.19,38.7
deli_meat,4,10.04,30,7.03,38.8
deli_meat,1,12.22,0,12.22,20.9
deli_meat,7,10.97,20,8.78,32.1
deli_meat,4,2.05,10,1.84,27.0
deli_meat,7,6.95,30,4.87,36.2
deli_meat,2,12.74,10,11.46,27.1
deli_meat,6,5.64,10,5.07,20.0
deli_meat,1,13.31,0,13.31,27.3
deli_meat,6,10.28,20,8.22,47.0
deli_meat,0,4.8,20,3.84,42.0
deli_meat,6,8.74,20,6.99,27.1
deli_meat,7,12.94,0,12.94,20.2
deli_meat,0,8.22,0,8.22,35.9
deli_meat,5,13.83,30,9.68,36.6
deli_meat,0,9.85,30,6.89,36.2
deli_meat,3,7.89,10,7.1,44.4
deli_meat,0,14.28,40,8.57,66.9
deli_meat,3,11.37,50,5.68,88.5
deli_meat,1,10.05,20,8.04,47.7
deli_meat,4,11.66,20,9.33,43.8
deli_meat,4,8.4,0,8.4,14.4
deli_meat,4,12.38,10,11.15,19.4
deli_meat,5,3.51,10,3.16,27.7
deli_meat,1,8.6,40,5.16,109.4
deli_meat,4,7.42,40,4.45,33.6
deli_meat,5,12.12,20,9.7,26.1
deli_meat,6,3.41,30,2.39,58.2
deli_meat,6,11.89,40,7.13,40.9
deli_meat,1,6.35,30,4.45,38.8
deli_meat,5,6.74,0,6.74,24.2
deli_meat,6,7.23,20,5.78,18.8
deli_meat,2,6.92,30,4.84,61.3
deli_meat,3,4.16,0,4.16,26.9
deli_meat,2,11.88,10,10.69,26.2
deli_meat,1,7.9,0,7.9,27.8
deli_meat,5,13.99,50,6.99,53.0
deli_meat,5,3.43,40,2.06,34.2
deli_meat,6,12.6,0,12.6,19.1
deli_meat,4,13.89,0,13.89,23.1
deli_meat,2,14.82,40,8.89,70.6
deli_meat,5,9.15,50,4.58,51.6
deli_meat,5,12.63,30,8.84,30.8
deli_meat,1,4.89,30,3.42,42.1
deli_meat,1,8.56,10,7.71,38.2
deli_meat,6,8.54,20,6.83,21.0
deli_meat,1,4.53,40,2.72,48.9
deli_meat,4,8.17,20,6.53,38.7
deli_meat,7,10.01,0,10.01,25.5
deli_meat,1,4.82,30,3.37,58.5
deli_meat,3,8.51,40,5.1,36.0
deli_meat,2,10.63,50,5.31,46.6
deli_meat,0,3.27,20,2.62,27.4
deli_meat,2,6.7,0,6.7,29.3
deli_meat,4,12.56,50,6.28,94.4
deli_meat,6,2.91,20,2.33,25.7
deli_meat,6,4.5,10,4.05,24.2
deli_meat,5,8.28,10,7.45,16.7
deli_meat,1,5.76,40,3.46,72.2
deli_meat,7,12.86,0,12.86,14.1
deli_meat,4,6.38,50,3.19,86.3
deli_meat,7,8.26,10,7.43,20.6
deli_meat,3,9.94,30,6.96,35.7
deli_meat,3,2.11,0,2.11,23.7
deli_meat,6,14.8,20,11.84,21.8
deli_meat,6,4.48,30,3.14,29.4
deli_meat,1,10.84,10,9.76,46.1
deli_meat,0,4.19,20,3.36,45.9
deli_meat,6,14.02,10,12.62,23.3
deli_meat,5,13.04,10,11.74,22.9
deli_meat,5,3.97,50,1.98,47.9
deli_meat,0,5.32,20,4.25,50.3
deli_meat,1,11.11,20,8.89,29.0
deli_meat,2,7.81,30,5.47,49.0
deli_meat,5,13.0,40,7.8,38.1
deli_meat,3,6.53,50,3.27,60.0
deli_meat,2,12.0,0,12.0,19.5
deli_meat,1,12.44,0,12.44,21.7
deli_meat,2,3.79,10,3.41,19.0
deli_meat,3,8.07,0,8.07,31.7
deli_meat,3,3.23,30,2.26,35.5
deli_meat,1,7.19,0,7.19,38.0
deli_meat,1,2.37,10,2.13,41.8
deli_meat,6,4.37,0,4.37,16.6
deli_meat,0,14.61,40,8.77,56.0
deli_meat,1,10.26,0,10.26,14.6
deli_meat,6,9.18,10,8.26,20.5
deli_meat,4,2.75,10,2.47,28.9
deli_meat,5,6.28,10,5.65,19.7
deli_meat,4,7.31,10,6.58,29.0
deli_meat,3,6.4,20,5.12,26.6
deli_meat,4,4.48,10,4.03,17.8
deli_meat,7,3.22,30,2.26,41.6
deli_meat,5,12.8,40,7.68,58.1
deli_meat,6,3.91,0,3.91,26.0
deli_meat,6,5.8,10,5.22,22.6
deli_meat,5,5.79,20,4.63,28.0
deli_meat,6,10.16,40,6.09,32.3
deli_meat,5,11.23,40,6.74,29.7
deli_meat,4,2.17,40,1.3,26.1
deli_meat,0,12.07,50,6.03,94.7
deli_meat,1,12.24,50,6.12,85.6
deli_meat,3,3.04,0,3.04,20.4
deli_meat,6,5.97,30,4.18,26.5
deli_meat,6,10.56,0,10.56,14.7
deli_meat,0,8.49,0,8.49,16.5
deli_meat,2,6.0,30,4.2,25.1
deli_meat,3,3.22,10,2.9,28.8
deli_meat,7,10.96,50,5.48,65.5
deli_meat,7,13.4,10,12.06,18.5
deli_meat,1,9.41,30,6.59,56.0
deli_meat,2,8.74,0,8.74,20.9
deli_meat,0,3.66,0,3.66,12.9
deli_meat,6,8.57,10,7.72,31.8
deli_meat,7,9.8,40,5.88,36.8
deli_meat,3,13.85,50,6.92,63.9
deli_meat,4,7.02,0,7.02,28.8
deli_meat,3,9.91,10,8.92,29.0
deli_meat,5,10.48,0,10.48,18.2
deli_meat,7,8.72,0,8.72,20.5
deli_meat,2,3.94,0,3.94,36.0
deli_meat,1,10.61,20,8.49,36.6
deli_meat,3,4.91,40,2.95,72.1
deli_meat,6,13.29,0,13.29,20.6
deli_meat,5,13.11,50,6.55,66.7
deli_meat,6,10.89,10,9.8,16.9
deli_meat,2,13.49,0,13.49,13.7
deli_meat,5,13.45,0,13.45,17.1
deli_meat,2,6.26,50,3.13,47.1
deli_meat,1,7.52,20,6.01,34.7
deli_meat,5,9.97,0,9.97,17.5
deli_meat,0,6.7,0,6.7,16.8
deli_meat,1,2.21,20,1.77,71.4
deli_meat,7,5.3,40,3.18,42.9
deli_meat,2,3.33,0,3.33,23.1
deli_meat,0,8.12,40,4.87,46.9
deli_meat,6,4.26,0,4.26,17.8
deli_meat,2,7.43,0,7.43,19.3
deli_meat,4,13.06,10,11.75,21.5
deli_meat,2,6.62,0,6.62,13.6
deli_meat,4,7.36,0,7.36,23.3
deli_meat,6,3.81,30,2.67,39.6
deli_meat,4,13.31,0,13.31,25.9
deli_meat,4,3.69,0,3.69,16.2
deli_meat,0,12.83,0,12.83,24.1
deli_meat,5,13.2,30,9.24,34.9
deli_meat,0,5.39,30,3.78,34.2
deli_meat,0,8.88,50,4.44,107.7
deli_meat,4,7.75,50,3.87,53.4
deli_meat,7,12.01,40,7.21,48.7
deli_meat,6,4.52,30,3.17,42.8
deli_meat,4,6.49,10,5.84,20.2
deli_meat,6,10.99,30,7.7,38.9
deli_meat,6,14.29,0,14.29,29.3
deli_meat,3,11.0,10,9.9,36.2
deli_meat,3,14.23,0,14.23,15.3
deli_meat,1,7.32,0,7.32,23.6
deli_meat,0,13.09,40,7.85,71.4
deli_meat,6,5.24,10,4.71,21.8
deli_meat,7,5.37,30,3.76,32.3
deli_meat,5,7.11,20,5.69,28.4
deli_meat,6,4.85,10,4.37,17.6
deli_meat,1,8.19,10,7.37,29.8
deli_meat,7,3.08,0,3.08,29.6
deli_meat,5,6.08,40,3.65,47.9
deli_meat,5,13.18,0,13.18,21.6
deli_meat,6,12.15,0,12.15,18.3
deli_meat,3,2.13,50,1.07,47.3
deli_meat,5,2.17,20,1.73,24.3
deli_meat,0,2.12,40,1.27,46.3
deli_meat,5,10.04,10,9.04,25.7
deli_meat,3,11.1,10,9.99,20.7
deli_meat,6,11.96,10,10.76,16.9
deli_meat,1,12.13,30,8.49,42.7
deli_meat,5,8.24,40,4.94,19.4
deli_meat,3,7.28,0,7.28,20.4
deli_meat,3,8.88,0,8.88,20.5
deli_meat,1,12.77,40,7.66,51.5
deli_meat,0,13.83,50,6.91,65.8
deli_meat,4,4.29,0,4.29,20.6
deli_meat,2,9.54,10,8.58,35.9
deli_meat,5,4.32,20,3.46,29.5
deli_meat,0,2.89,10,2.6,32.2
deli_meat,5,6.15,20,4.92,26.5
deli_meat,0,8.31,0,8.31,28.0
deli_meat,7,2.92,10,2.63,28.9
deli_meat,4,4.68,0,4.68,28.1
deli_meat,5,14.07,0,14.07,20.9
deli_meat,4,13.93,10,12.53,14.0
deli_meat,5,7.3,0,7.3,12.7
deli_meat,2,10.0,0,10.0,27.1
deli_meat,2,9.57,30,6.7,54.1
deli_meat,7,14.94,0,14.94,17.1
deli_meat,6,2.03,0,2.03,13.7
deli_meat,0,6.84,30,4.79,62.1
deli_meat,0,7.78,30,5.45,47.8
deli_meat,5,14.59,20,11.67,25.3
deli_meat,4,12.41,0,12.41,13.6
deli_meat,6,11.75,40,7.05,47.7
deli_meat,7,11.11,20,8.89,21.1
deli_meat,1,4.76,10,4.28,27.8
deli_meat,3,8.86,0,8.86,26.2
deli_meat,2,10.17,0,10.17,23.5
deli_meat,6,4.24,50,2.12,41.3
deli_meat,3,11.7,0,11.7,19.3
deli_meat,3,3.78,50,1.89,104.1
deli_meat,4,4.46,10,4.01,35.6
deli_meat,4,3.2,0,3.2,15.0
deli_meat,3,3.48,20,2.78,29.6
deli_meat,1,9.19,20,7.35,46.7
deli_meat,5,8.58,30,6.01,55.7
deli_meat,6,14.26,0,14.26,16.3
deli_meat,6,10.23,40,6.14,43.2
deli_meat,7,13.85,0,13.85,18.3
deli_meat,3,6.71,40,4.03,46.9
deli_meat,5,12.47,0,12.47,16.2
deli_meat,2,2.99,0,2.99,23.0
deli_meat,4,5.04,0,5.04,14.5
deli_meat,6,10.87,50,5.43,63.4
deli_meat,2,15.0,10,13.5,24.0
deli_meat,6,12.61,30,8.83,46.7
deli_meat,0,3.19,30,2.24,66.5
deli_meat,3,3.02,0,3.02,23.6
deli_meat,7,9.02,0,9.02,33.6
deli_meat,6,11.99,0,11.99,16.1
deli_meat,7,13.74,30,9.62,32.1
deli_meat,2,14.01,0,14.01,18.0
deli_meat,4,11.41,20,9.13,34.8
deli_meat,2,7.19,0,7.19,36.2
deli_meat,6,14.93,30,10.45,35.0
deli_meat,6,3.38,50,1.69,49.5
deli_meat,3,4.27,30,2.99,35.6
deli_meat,4,7.67,20,6.14,25.6
deli_meat,0,13.05,0,13.05,21.5
deli_meat,6,3.13,10,2.82,21.5
deli_meat,6,8.5,30,5.95,29.2
deli_meat,0,4.56,30,3.19,77.2
deli_meat,0,13.21,0,13.21,28.0
deli_meat,7,6.02,10,5.42,19.8
deli_meat,1,8.13,0,8.13,43.7
deli_meat,3,8.26,30,5.78,61.6
deli_meat,4,3.21,30,2.25,35.7
deli_meat,0,9.9,0,9.9,15.4
deli_meat,2,13.15,0,13.15,35.4
deli_meat,3,5.23,0,5.23,21.5
deli_meat,4,13.73,10,12.36,13.7
deli_meat,1,14.56,50,7.28,50.2
deli_meat,7,6.29,0,6.29,26.4
deli_meat,3,7.64,40,4.59,68.4
deli_meat,1,6.11,0,6.11,22.3
deli_meat,6,2.51,0,2.51,13.3
deli_meat,5,12.59,0,12.59,18.0
deli_meat,2,3.12,30,2.18,43.1
deli_meat,7,14.8,0,14.8,28.1
deli_meat,0,10.24,0,10.24,35.5
deli_meat,3,8.87,40,5.32,54.7
deli_meat,3,9.2,0,9.2,23.4
deli_meat,1,5.75,40,3.45,52.3
deli_meat,7,5.61,0,5.61,17.9
deli_meat,0,3.19,20,2.55,52.8
deli_meat,0,11.88,10,10.69,47.2
deli_meat,4,11.47,10,10.32,19.9
deli_meat,6,7.38,50,3.69,49.5
deli_meat,2,8.12,0,8.12,22.0
deli_meat,2,9.74,20,7.79,30.5
deli_meat,4,6.98,50,3.49,47.3
deli_meat,2,7.32,30,5.13,30.7
deli_meat,5,10.77,0,10.77,21.2
deli_meat,6,10.74,30,7.52,44.3
deli_meat,3,8.21,10,7.39,20.7
deli_meat,6,11.19,30,7.83,30.7
deli_meat,6,5.76,20,4.61,19.7
deli_meat,0,4.6,20,3.68,32.8
deli_meat,6,3.98,10,3.59,29.2
deli_meat,3,8.15,0,8.15,30.5
deli_meat,0,9.79,10,8.81,48.2
deli_meat,3,8.92,40,5.35,74.9
deli_meat,0,12.15,10,10.93,39.9
deli_meat,2,3.85,40,2.31,92.4
deli_meat,2,8.99,10,8.09,25.3
deli_meat,2,10.78,30,7.54,42.7
deli_meat,7,5.42,30,3.79,30.9
deli_meat,6,10.77,40,6.46,39.7
deli_meat,3,7.24,40,4.34,56.7
deli_meat,1,2.8,40,1.68,66.4
deli_meat,3,5.73,50,2.86,49.1
deli_meat,3,8.32,40,4.99,42.8
deli_meat,1,7.13,0,7.13,31.0
deli_meat,7,4.48,50,2.24,84.9
deli_meat,1,10.08,20,8.06,28.5
deli_meat,1,9.01,10,8.11,19.0
deli_meat,4,9.08,40,5.45,53.9
deli_meat,1,2.69,30,1.89,97.5
deli_meat,6,4.2,20,3.36,17.5
deli_meat,2,13.11,20,10.49,50.6
deli_meat,2,2.67,0,2.67,39.5
deli_meat,7,2.67,40,1.6,37.3
deli_meat,5,9.18,0,9.18,10.6
deli_meat,6,14.13,0,14.13,14.6
deli_meat,6,6.37,50,3.18,79.0
deli_meat,2,13.34,20,10.67,23.9
deli_meat,2,11.72,10,10.55,34.3
deli_meat,4,5.71,0,5.71,17.8
deli_meat,1,12.34,10,11.11,61.4
deli_meat,1,13.08,40,7.85,55.7
deli_meat,3,7.89,40,4.73,54.6
deli_meat,2,3.82,30,2.67,27.8
deli_meat,4,6.42,0,6.42,25.9
deli_meat,5,9.71,0,9.71,17.3
deli_meat,3,4.8,0,4.8,36.9
deli_meat,5,12.01,20,9.61,20.0
deli_meat,3,6.54,0,6.54,24.1
deli_meat,1,8.96,50,4.48,55.5
deli_meat,6,14.34,50,7.17,72.3
deli_meat,7,12.45,10,11.21,35.9
deli_meat,3,13.19,10,11.87,27.8
deli_meat,5,4.33,10,3.9,18.9
deli_meat,2,4.01,50,2.01,49.9
deli_meat,6,4.12,10,3.71,22.6
deli_meat,4,11.34,10,10.21,17.9
deli_meat,5,7.52,40,4.51,35.3
deli_meat,5,12.7,0,12.7,18.8
deli_meat,2,2.84,50,1.42,64.0
deli_meat,5,4.59,30,3.21,20.2
deli_meat,7,13.32,0,13.32,16.7
deli_meat,2,6.45,30,4.52,32.7
deli_meat,5,3.96,0,3.96,22.8
deli_meat,6,4.04,30,2.83,42.6
deli_meat,7,9.07,0,9.07,19.1
deli_meat,6,9.32,10,8.39,19.6
deli_meat,7,3.73,0,3.73,17.5
deli_meat,1,5.56,0,5.56,34.8
deli_meat,2,8.85,50,4.42,43.7
deli_meat,3,11.83,40,7.1,49.8
deli_meat,0,3.06,50,1.53,82.0
deli_meat,2,5.26,0,5.26,24.1
deli_meat,6,4.65,30,3.25,48.9
deli_meat,4,13.5,50,6.75,74.3
deli_meat,3,6.09,10,5.48,37.2
deli_meat,0,3.2,10,2.88,40.5
deli_meat,6,12.47,0,12.47,22.5
deli_meat,6,2.17,40,1.3,31.2
deli_meat,3,8.2,10,7.38,33.3
deli_meat,1,11.64,10,10.47,45.9
deli_meat,4,12.5,20,10.0,32.6
deli_meat,1,2.45,10,2.21,42.3
deli_meat,6,3.71,0,3.71,28.5
deli_meat,0,4.21,30,2.95,39.4
deli_meat,4,4.82,0,4.82,13.5
deli_meat,7,3.4,20,2.72,30.9
deli_meat,6,2.76,10,2.48,19.4
deli_meat,6,6.26,30,4.38,34.6
deli_meat,2,8.4,0,8.4,18.0
deli_meat,6,4.61,30,3.23,29.9
deli_meat,1,11.12,10,10.01,39.0
deli_meat,7,3.87,0,3.87,17.5
deli_meat,7,12.9,10,11.61,24.3
deli_meat,1,13.88,0,13.88,25.4
deli_meat,0,9.23,0,9.23,26.7
deli_meat,5,7.46,30,5.22,32.3
deli_meat,0,13.1,10,11.79,32.9
deli_meat,5,12.94,50,6.47,60.8
deli_meat,0,3.79,40,2.27,86.6
deli_meat,3,3.29,0,3.29,20.1
deli_meat,6,11.98,0,11.98,22.9
deli_meat,2,12.73,30,8.91,30.7
deli_meat,3,11.71,30,8.2,27.5
deli_meat,4,8.55,0,8.55,17.9
deli_meat,2,9.37,50,4.68,59.3
deli_meat,5,10.91,0,10.91,24.0
deli_meat,6,2.94,30,2.06,40.2
deli_meat,0,13.71,10,12.34,26.2
deli_meat,1,12.34,0,12.34,28.0
deli_meat,1,9.01,0,9.01,16.2
deli_meat,4,3.75,40,2.25,42.6
deli_meat,0,8.45,10,7.61,18.1
deli_meat,3,9.87,10,8.88,25.4
deli_meat,4,6.26,0,6.26,17.7
deli_meat,3,6.42,20,5.13,25.4
deli_meat,1,2.92,30,2.05,40.2
deli_meat,5,13.36,50,6.68,39.9
deli_meat,3,8.38,20,6.7,31.6
deli_meat,6,5.19,30,3.63,42.0
deli_meat,6,8.68,0,8.68,16.5
deli_meat,7,6.85,0,6.85,18.5
deli_meat,1,9.74,0,9.74,15.5
deli_meat,3,3.68,20,2.94,27.2
deli_meat,0,10.99,0,10.99,34.1
deli_meat,7,14.35,0,14.35,13.8
deli_meat,7,9.52,0,9.52,19.3
deli_meat,5,10.12,0,10.12,25.1
deli_meat,5,11.78,50,5.89,63.3
deli_meat,6,9.88,20,7.9,30.9
deli_meat,1,13.48,10,12.13,27.6
deli_meat,7,14.89,30,10.42,51.8
deli_meat,2,4.01,10,3.61,38.1
deli_meat,7,3.95,20,3.16,27.6
deli_meat,0,4.78,10,4.31,25.0
deli_meat,1,4.77,20,3.82,25.5
deli_meat,1,2.26,10,2.04,29.4
deli_meat,2,12.98,30,9.09,51.4
deli_meat,1,11.95,30,8.37,44.5
deli_meat,2,6.74,30,4.72,36.2
deli_meat,6,6.54,0,6.54,28.2
deli_meat,4,10.09,40,6.05,39.3
deli_meat,5,11.85,40,7.11,28.0
deli_meat,4,12.99,20,10.39,36.0
deli_meat,7,4.57,50,2.29,32.7
deli_meat,7,11.37,10,10.23,21.5
deli_meat,3,12.99,30,9.09,35.4
deli_meat,3,10.22,10,9.2,34.7
deli_meat,6,5.88,0,5.88,28.8
deli_meat,2,6.03,0,6.03,25.4
deli_meat,7,2.38,40,1.43,46.5
deli_meat,4,12.99,0,12.99,20.2
deli_meat,7,10.07,20,8.06,23.9
deli_meat,7,12.26,0,12.26,21.3
deli_meat,4,9.65,10,8.68,19.8
deli_meat,4,9.51,0,9.51,35.2
deli_meat,6,8.22,30,5.75,35.4
deli_meat,1,12.07,20,9.66,29.5
deli_meat,0,10.86,30,7.6,68.3
deli_meat,2,14.21,0,14.21,33.3
deli_meat,5,10.35,0,10.35,13.7
deli_meat,1,11.37,40,6.82,65.1
deli_meat,3,5.72,20,4.58,37.4
deli_meat,5,2.76,30,1.93,31.8
deli_meat,4,4.85,40,2.91,42.9
deli_meat,1,6.78,0,6.78,23.0
deli_meat,2,14.14,20,11.31,40.8
deli_meat,5,2.34,30,1.64,41.0
deli_meat,7,8.34,10,7.5,23.5
deli_meat,7,6.09,20,4.87,36.1
deli_meat,3,4.93,10,4.44,29.9
deli_meat,0,3.11,50,1.56,89.2
deli_meat,4,13.46,10,12.11,24.9
deli_meat,7,12.78,20,10.22,27.0
deli_meat,2,2.25,40,1.35,39.3
deli_meat,6,9.81,0,9.81,26.7
deli_meat,5,12.09,40,7.25,35.0
deli_meat,1,7.66,10,6.89,30.8
deli_meat,1,3.17,0,3.17,29.3
deli_meat,5,7.45,20,5.96,41.8
deli_meat,2,8.96,0,8.96,16.1
deli_meat,2,10.58,0,10.58,25.3
deli_meat,2,6.75,40,4.05,71.3
deli_meat,4,7.43,40,4.46,91.9
deli_meat,6,6.09,0,6.09,16.7
deli_meat,1,6.82,0,6.82,35.4
deli_meat,5,6.28,50,3.14,55.5
deli_meat,2,12.48,30,8.74,38.2
deli_meat,3,14.86,20,11.88,24.6
deli_meat,5,7.97,20,6.37,22.4
deli_meat,0,9.05,20,7.24,46.8
deli_meat,2,5.65,20,4.52,46.7
deli_meat,1,6.78,30,4.75,42.7
deli_meat,1,3.43,0,3.43,21.0
deli_meat,5,3.92,0,3.92,21.0
deli_meat,2,4.77,10,4.29,25.9
deli_meat,4,10.2,0,10.2,29.9
deli_meat,0,6.37,50,3.18,165.8
deli_meat,2,12.51,0,12.51,20.9
deli_meat,5,3.79,0,3.79,20.1
deli_meat,5,2.5,10,2.25,21.8
deli_meat,7,5.49,30,3.84,40.5
deli_meat,3,9.71,30,6.8,41.8
deli_meat,6,9.72,30,6.8,23.2
deli_meat,3,8.98,10,8.08,16.9
deli_meat,6,3.81,20,3.05,47.6
deli_meat,1,14.29,40,8.57,65.4
deli_meat,5,6.77,0,6.77,25.7
deli_meat,2,13.29,20,10.64,43.0
deli_meat,5,3.44,20,2.75,30.3
deli_meat,0,5.69,0,5.69,50.0
deli_meat,7,9.14,10,8.22,15.2
deli_meat,2,12.29,10,11.06,25.7
deli_meat,0,8.15,40,4.89,44.0
deli_meat,7,6.15,0,6.15,31.0
deli_meat,5,2.28,10,2.06,38.5
deli_meat,1,12.56,20,10.05,29.0
deli_meat,6,5.97,0,5.97,18.8
deli_meat,5,10.39,50,5.19,49.5
deli_meat,2,14.93,0,14.93,20.9
deli_meat,1,3.34,30,2.34,56.8
deli_meat,1,13.51,50,6.76,133.2
deli_meat,0,11.48,0,11.48,24.7
deli_meat,1,14.11,10,12.7,26.1
deli_meat,7,8.74,0,8.74,25.2
deli_meat,5,7.7,0,7.7,17.8
deli_meat,4,13.11,0,13.11,15.8
deli_meat,2,11.58,20,9.26,30.7
deli_meat,5,11.62,0,11.62,24.2
deli_meat,1,11.03,0,11.03,18.4
deli_meat,1,8.82,20,7.06,49.1
deli_meat,4,2.22,40,1.33,48.6
deli_meat,0,5.34,20,4.27,55.2
deli_meat,0,6.89,0,6.89,33.5
deli_meat,7,11.61,10,10.45,24.5
deli_meat,7,14.63,10,13.17,24.2
deli_meat,2,7.23,0,7.23,23.0
deli_meat,0,7.48,0,7.48,28.3
deli_meat,0,5.3,0,5.3,36.8
deli_meat,3,13.19,40,7.91,90.6
deli_meat,3,3.44,20,2.75,27.2
deli_meat,6,2.27,0,2.27,23.5
deli_meat,4,3.07,40,1.84,52.2
deli_meat,0,8.27,10,7.44,26.1
deli_meat,6,7.94,0,7.94,25.7
deli_meat,1,7.59,0,7.59,30.7
deli_meat,6,11.69,10,10.52,31.0
deli_meat,7,14.22,0,14.22,18.7
deli_meat,7,10.95,20,8.76,22.7
deli_meat,3,10.21,0,10.21,37.5
deli_meat,2,3.27,40,1.96,52.9
deli_meat,6,11.05,10,9.95,20.3
deli_meat,3,4.09,50,2.05,52.4
deli_meat,3,5.34,0,5.34,21.2
deli_meat,0,4.34,0,4.34,32.5
deli_meat,0,11.01,30,7.7,61.7
deli_meat,3,7.23,0,7.23,11.6
deli_meat,3,13.75,0,13.75,21.5
deli_meat,2,5.4,40,3.24,32.3
deli_meat,0,12.0,0,12.0,27.1
deli_meat,7,9.82,10,8.84,21.0
deli_meat,4,7.34,50,3.67,85.1
deli_meat,0,12.34,30,8.64,37.4
deli_meat,5,5.3,30,3.71,35.4
deli_meat,2,10.08,0,10.08,24.5
deli_meat,7,13.48,0,13.48,18.9
deli_meat,7,7.17,20,5.73,28.8
deli_meat,5,6.17,0,6.17,28.2
deli_meat,7,2.04,10,1.84,20.6
deli_meat,3,11.18,0,11.18,20.6
deli_meat,6,5.69,0,5.69,19.3
deli_meat,3,3.09,30,2.16,32.7
deli_meat,0,10.06,30,7.04,72.2
deli_meat,5,6.29,0,6.29,13.8
deli_meat,4,10.46,10,9.41,25.2
deli_meat,4,12.6,10,11.34,31.3
deli_meat,7,3.66,40,2.2,40.5
deli_meat,5,7.15,10,6.44,30.6
deli_meat,0,14.1,0,14.1,35.1
deli_meat,5,6.55,20,5.24,39.0
deli_meat,6,4.98,50,2.49,79.2
deli_meat,0,9.75,0,9.75,24.7
deli_meat,5,13.01,20,10.41,26.4
deli_meat,0,14.08,0,14.08,35.8
deli_meat,4,13.46,40,8.07,44.6
deli_meat,2,2.7,10,2.43,23.5
deli_meat,0,13.86,10,12.48,45.2
deli_meat,0,10.15,0,10.15,26.7
deli_meat,2,9.77,20,7.82,32.0
deli_meat,5,5.89,20,4.71,19.4
deli_meat,5,14.75,0,14.75,20.7
deli_meat,4,6.43,0,6.43,30.1
deli_meat,4,13.0,0,13.0,21.6
deli_meat,7,9.56,20,7.65,29.7
deli_meat,4,3.4,10,3.06,17.5
deli_meat,1,12.64,20,10.12,29.0
deli_meat,1,9.83,0,9.83,22.2
deli_meat,4,10.74,40,6.45,60.8
deli_meat,4,14.46,10,13.01,31.8
deli_meat,3,3.3,30,2.31,33.1
deli_meat,5,8.82,0,8.82,12.4
deli_meat,1,14.04,20,11.23,26.6
deli_meat,7,7.99,20,6.4,28.5
deli_meat,6,7.14,40,4.28,38.0
deli_meat,6,10.28,50,5.14,79.5
deli_meat,6,10.25,0,10.25,15.7
deli_meat,2,13.86,20,11.09,31.0
deli_meat,1,12.59,40,7.55,60.4
deli_meat,4,2.27,30,1.59,39.0
deli_meat,0,7.28,10,6.55,22.6
deli_meat,1,13.47,30,9.43,57.9
deli_meat,7,3.09,10,2.78,21.2
deli_meat,4,7.55,10,6.8,25.8
deli_meat,2,13.3,0,13.3,17.4
deli_meat,5,14.69,20,11.75,36.1
deli_meat,0,5.08,40,3.05,38.0
deli_meat,2,10.47,10,9.42,21.1
deli_meat,7,13.25,10,11.93,26.2
deli_meat,5,4.23,10,3.81,22.4
deli_meat,2,2.87,0,2.87,22.0
deli_meat,1,12.34,0,12.34,27.4
deli_meat,1,7.12,10,6.41,30.0
deli_meat,4,13.35,0,13.35,19.4
deli_meat,4,11.77,20,9.42,39.9
deli_meat,1,7.07,10,6.36,32.2
deli_meat,5,5.61,50,2.81,56.6
deli_meat,0,14.89,10,13.4,31.9
deli_meat,2,12.44,0,12.44,28.6
deli_meat,6,3.96,50,1.98,56.1
deli_meat,7,12.6,20,10.08,19.4
deli_meat,2,11.42,10,10.27,36.2
deli_meat,1,4.98,0,4.98,25.0
deli_meat,5,8.01,50,4.0,62.3
deli_meat,1,13.91,20,11.13,47.4
deli_meat,6,12.15,0,12.15,21.8
deli_meat,6,3.73,20,2.98,28.7
deli_meat,3,5.99,30,4.2,50.6
deli_meat,1,4.93,40,2.96,67.0
deli_meat,6,13.26,10,11.93,27.5
deli_meat,0,4.85,50,2.42,126.9
deli_meat,6,13.58,0,13.58,28.5
deli_meat,1,12.33,10,11.1,35.2
deli_meat,4,8.8,50,4.4,64.5
deli_meat,6,3.34,50,1.67,54.6
deli_meat,7,14.88,0,14.88,19.9
deli_meat,7,6.31,50,3.15,65.4
deli_meat,2,3.1,10,2.79,40.6
deli_meat,1,6.15,0,6.15,27.4
deli_meat,5,9.25,20,7.4,29.4
deli_meat,5,11.06,10,9.95,13.8
deli_meat,0,12.56,0,12.56,35.0
deli_meat,7,3.85,0,3.85,21.3
deli_meat,7,7.74,40,4.64,48.7
deli_meat,0,4.98,0,4.98,27.1
deli_meat,4,3.07,20,2.45,38.8
deli_meat,7,2.99,30,2.09,46.1
deli_meat,3,11.27,10,10.14,23.3
deli_meat,4,3.41,0,3.41,21.2
deli_meat,5,4.2,40,2.52,43.3
deli_meat,0,10.4,20,8.32,42.4
deli_meat,2,7.5,0,7.5,17.8
deli_meat,6,6.6,40,3.96,43.3
deli_meat,5,8.29,20,6.63,28.0
deli_meat,0,3.44,40,2.07,69.7
deli_meat,2,5.53,10,4.98,28.5
deli_meat,4,4.45,0,4.45,25.6
deli_meat,1,8.63,20,6.9,24.6
deli_meat,3,9.0,0,9.0,20.6
deli_meat,1,5.53,30,3.87,36.4
deli_meat,2,5.57,30,3.9,55.5
deli_meat,1,4.98,30,3.49,32.7
deli_meat,2,4.84,0,4.84,13.0
deli_meat,4,3.65,0,3.65,25.3
deli_meat,7,13.99,20,11.19,37.9
deli_meat,0,6.12,40,3.67,90.6
deli_meat,3,7.97,0,7.97,20.3
deli_meat,5,8.13,20,6.5,23.7
deli_meat,7,11.98,30,8.38,44.7
deli_meat,1,6.47,10,5.83,22.7
deli_meat,1,7.27,0,7.27,23.4
deli_meat,7,5.2,30,3.64,40.1
deli_meat,7,9.43,0,9.43,26.4
deli_meat,0,3.2,0,3.2,28.0
deli_meat,6,4.32,30,3.02,35.9
deli_meat,6,3.89,0,3.89,15.6
deli_meat,2,6.12,30,4.28,47.8
deli_meat,4,12.13,0,12.13,17.9
deli_meat,7,12.76,0,12.76,17.9
deli_meat,0,3.27,30,2.29,52.6
deli_meat,6,6.09,40,3.65,68.5
deli_meat,5,2.53,50,1.27,49.8
deli_meat,1,14.61,20,11.69,32.2
deli_meat,4,4.77,0,4.77,15.1
deli_meat,7,8.03,0,8.03,20.1
deli_meat,4,8.87,10,7.99,24.5
deli_meat,2,7.33,0,7.33,14.7
deli_meat,5,11.37,30,7.96,44.3
deli_meat,6,11.31,0,11.31,22.6
deli_meat,0,14.41,0,14.41,27.6
deli_meat,6,10.82,30,7.57,30.4
deli_meat,4,4.86,0,4.86,20.5
deli_meat,3,7.52,20,6.01,22.8
deli_meat,5,15.0,20,12.0,21.9
deli_meat,1,12.19,0,12.19,19.2
deli_meat,0,4.83,0,4.83,42.5
deli_meat,1,10.25,0,10.25,25.0
deli_meat,3,14.01,50,7.0,116.3
deli_meat,7,9.84,0,9.84,16.1
deli_meat,3,2.26,0,2.26,22.8
deli_meat,7,2.27,50,1.14,51.1
deli_meat,1,11.01,0,11.01,43.3
deli_meat,5,5.88,30,4.12,24.8
deli_meat,6,7.84,0,7.84,16.7
deli_meat,6,10.09,10,9.08,23.3
deli_meat,0,3.7,0,3.7,19.3
deli_meat,6,5.17,0,5.17,11.3
deli_meat,0,9.43,0,9.43,21.4
deli_meat,5,11.62,0,11.62,21.6
deli_meat,2,5.56,0,5.56,10.6
deli_meat,0,8.81,40,5.28,100.6
deli_meat,0,2.67,30,1.87,48.6
deli_meat,0,8.5,40,5.1,56.2
deli_meat,7,4.9,30,3.43,38.7
deli_meat,5,7.98,30,5.59,32.1
deli_meat,1,8.06,20,6.44,48.2
deli_meat,1,7.65,30,5.36,38.3
deli_meat,5,2.96,20,2.37,27.6
deli_meat,5,8.87,40,5.32,33.7
deli_meat,4,3.57,40,2.14,57.2
deli_meat,7,4.93,50,2.47,72.8
deli_meat,4,12.93,40,7.76,45.6
deli_meat,7,10.17,30,7.12,52.9
deli_meat,4,9.87,30,6.91,47.4
deli_meat,4,2.61,0,2.61,14.7
deli_meat,2,14.08,30,9.85,59.6
deli_meat,4,13.08,40,7.85,39.0
deli_meat,2,2.66,0,2.66,22.0
deli_meat,4,5.99,0,5.99,13.8
deli_meat,6,2.03,0,2.03,26.3
deli_meat,6,11.4,20,9.12,32.1
deli_meat,1,6.38,20,5.1,36.3
deli_meat,6,10.21,20,8.17,22.4
deli_meat,6,4.64,40,2.78,71.3
deli_meat,7,7.09,20,5.67,23.7
deli_meat,6,8.71,10,7.84,24.2
deli_meat,0,7.8,10,7.02,30.2
deli_meat,5,11.59,0,11.59,28.0
deli_meat,5,2.56,50,1.28,61.0
deli_meat,2,11.47,30,8.03,52.4
deli_meat,0,11.75,40,7.05,74.8
deli_meat,2,11.0,0,11.0,21.3
deli_meat,4,13.79,30,9.65,45.2
deli_meat,7,3.53,50,1.76,52.6
deli_meat,4,12.68,40,7.61,58.6
deli_meat,3,11.37,0,11.37,24.3
deli_meat,7,9.55,30,6.69,43.7
deli_meat,1,14.28,0,14.28,34.3
deli_meat,1,13.54,10,12.19,40.8
deli_meat,4,8.71,0,8.71,13.4
deli_meat,3,11.55,10,10.4,25.8
deli_meat,5,3.54,30,2.48,45.6
deli_meat,6,14.53,40,8.72,41.1
deli_meat,1,8.13,0,8.13,22.1
deli_meat,0,11.41,50,5.7,73.5
deli_meat,4,2.81,0,2.81,22.8
deli_meat,4,3.72,10,3.35,23.1
deli_meat,3,5.95,40,3.57,83.2
deli_meat,4,11.45,40,6.87,26.0
deli_meat,4,5.87,30,4.11,34.3
deli_meat,4,6.73,30,4.71,46.6
deli_meat,5,11.65,10,10.49,35.9
deli_meat,6,11.67,20,9.33,26.1
deli_meat,2,4.65,50,2.32,79.6
deli_meat,2,7.93,30,5.55,39.8
deli_meat,2,13.7,0,13.7,28.9
deli_meat,1,12.11,0,12.11,18.2
deli_meat,1,7.17,40,4.3,83.9
deli_meat,5,9.62,20,7.7,28.3
deli_meat,2,8.97,20,7.17,49.6
deli_meat,2,10.72,0,10.72,18.2
deli_meat,7,10.7,10,9.63,17.1
deli_meat,7,10.57,0,10.57,26.6
deli_meat,3,4.06,0,4.06,21.1
deli_meat,7,3.44,0,3.44,23.4
deli_meat,5,2.67,30,1.87,29.0
deli_meat,7,4.27,30,2.99,16.6
deli_meat,6,12.72,0,12.72,27.3
deli_meat,5,3.71,20,2.96,23.1
deli_meat,4,7.71,10,6.94,25.4
deli_meat,0,6.1,0,6.1,30.7
deli_meat,3,3.1,40,1.86,45.7
deli_meat,2,6.64,30,4.64,43.3
deli_meat,7,11.04,40,6.62,54.8
deli_meat,3,13.53,0,13.53,27.3
deli_meat,7,6.29,0,6.29,19.9
deli_meat,3,3.51,30,2.46,42.7
deli_meat,0,9.3,40,5.58,54.6
deli_meat,7,2.14,0,2.14,24.2
deli_meat,7,8.25,30,5.77,29.5
deli_meat,5,8.35,0,8.35,18.0
deli_meat,4,3.29,30,2.3,29.9
deli_meat,1,14.64,10,13.18,22.4
deli_meat,1,2.42,30,1.7,45.6
deli_meat,5,2.87,0,2.87,23.7
deli_meat,6,8.12,50,4.06,34.3
deli_meat,7,12.58,10,11.32,34.6
deli_meat,7,5.59,0,5.59,16.4
deli_meat,0,2.03,20,1.62,47.5
deli_meat,0,8.86,20,7.09,33.8
deli_meat,3,8.17,0,8.17,20.7
deli_meat,3,12.89,0,12.89,28.9
deli_meat,3,4.58,0,4.58,22.9
deli_meat,5,9.71,50,4.85,27.8
deli_meat,2,9.55,0,9.55,28.9
deli_meat,7,9.66,0,9.66,14.5
deli_meat,2,14.67,10,13.2,34.3
deli_meat,1,2.72,50,1.36,55.1
deli_meat,5,8.49,0,8.49,13.3
deli_meat,3,9.14,20,7.31,19.8
deli_meat,4,7.51,40,4.5,46.7
deli_meat,6,7.61,10,6.84,26.4
deli_meat,1,14.38,40,8.63,94.0
deli_meat,1,10.01,20,8.01,28.5
deli_meat,2,5.92,0,5.92,17.8
deli_meat,7,9.5,30,6.65,33.7
deli_meat,6,14.18,20,11.34,32.3
deli_meat,2,12.49,0,12.49,21.0
deli_meat,4,5.53,20,4.43,29.6
deli_meat,5,7.77,20,6.22,45.2
deli_meat,5,7.46,20,5.97,18.7
deli_meat,0,2.19,20,1.75,34.7
deli_meat,6,3.85,0,3.85,27.9
deli_meat,1,2.3,30,1.61,42.9
deli_meat,1,9.99,0,9.99,29.3
deli_meat,6,9.59,20,7.67,30.2
deli_meat,7,2.29,0,2.29,26.5
deli_meat,4,8.12,50,4.06,39.9
deli_meat,2,11.16,30,7.81,40.4
deli_meat,5,8.18,0,8.18,28.1
deli_meat,1,9.03,50,4.51,95.1
deli_meat,1,12.75,0,12.75,30.5
deli_meat,1,5.25,0,5.25,20.7
deli_meat,6,7.3,30,5.11,37.4
deli_meat,6,7.36,20,5.89,15.5
deli_meat,4,7.59,40,4.55,44.8
deli_meat,0,13.27,0,13.27,22.7
deli_meat,0,4.61,30,3.23,45.8
deli_meat,0,12.97,0,12.97,24.6
deli_meat,2,6.4,0,6.4,25.1
deli_meat,3,6.45,20,5.16,21.0
deli_meat,4,6.42,10,5.78,30.6
deli_meat,2,2.38,0,2.38,23.7
deli_meat,4,3.81,10,3.43,24.7
deli_meat,4,9.5,10,8.55,18.7
deli_meat,2,4.82,0,4.82,32.7
deli_meat,0,14.83,0,14.83,46.5
deli_meat,2,9.48,0,9.48,25.4
deli_meat,4,7.57,20,6.05,36.7
deli_meat,2,11.66,20,9.32,37.6
deli_meat,4,8.64,0,8.64,11.5
deli_meat,7,2.58,20,2.06,20.6
deli_meat,3,3.44,10,3.1,20.8
deli_meat,1,14.43,30,10.1,42.6
deli_meat,4,14.34,20,11.47,26.4
deli_meat,4,8.57,0,8.57,28.5
deli_meat,4,4.59,0,4.59,21.6
deli_meat,4,13.18,0,13.18,17.5
deli_meat,6,8.25,0,8.25,40.2
deli_meat,4,4.24,50,2.12,47.9
deli_meat,6,9.64,20,7.71,22.0
deli_meat,0,3.48,0,3.48,25.5
deli_meat,3,12.35,40,7.41,48.6
deli_meat,6,2.03,0,2.03,17.5
deli_meat,6,7.67,40,4.6,72.6
deli_meat,0,2.7,50,1.35,84.8
deli_meat,6,12.68,10,11.41,17.2
deli_meat,0,14.08,10,12.67,30.9
deli_meat,5,13.44,0,13.44,18.3
deli_meat,4,5.34,30,3.74,25.0
deli_meat,1,12.16,30,8.51,42.1
deli_meat,0,12.57,0,12.57,27.9
deli_meat,4,9.14,0,9.14,12.1
deli_meat,0,3.32,40,1.99,51.7
deli_meat,6,3.36,50,1.68,57.5
deli_meat,5,11.27,10,10.14,32.4
deli_meat,5,2.4,10,2.16,23.4
deli_meat,6,12.21,10,10.99,15.7
deli_meat,3,5.76,50,2.88,71.7
deli_meat,1,4.5,0,4.5,26.0
deli_meat,4,6.32,20,5.06,21.4
deli_meat,2,11.45,30,8.02,26.0
deli_meat,3,11.19,0,11.19,28.3
deli_meat,3,8.05,0,8.05,24.2
deli_meat,4,10.5,40,6.3,41.0
deli_meat,3,14.24,50,7.12,62.6
deli_meat,2,6.85,20,5.48,38.8
deli_meat,0,13.16,30,9.21,49.9
deli_meat,3,12.15,10,10.93,18.2
deli_meat,3,13.36,10,12.02,36.8
deli_meat,3,2.69,0,2.69,22.3
deli_meat,1,12.53,0,12.53,27.2
deli_meat,7,6.26,0,6.26,21.1
deli_meat,1,2.17,40,1.3,48.0
deli_meat,1,5.23,20,4.19,39.4
deli_meat,6,13.89,50,6.95,68.5
deli_meat,5,10.43,10,9.39,25.3
deli_meat,5,5.66,0,5.66,20.9
deli_meat,4,4.18,40,2.51,34.9
deli_meat,1,3.75,40,2.25,97.5
deli_meat,7,8.41,0,8.41,20.2
deli_meat,0,11.08,40,6.65,55.7
deli_meat,0,7.32,20,5.86,31.3
deli_meat,1,11.03,0,11.03,28.1
deli_meat,1,3.94,20,3.15,43.3
deli_meat,3,4.42,0,4.42,12.9
deli_meat,5,10.77,20,8.61,33.1
deli_meat,0,13.27,0,13.27,26.3
deli_meat,3,9.41,0,9.41,25.0
deli_meat,1,9.33,0,9.33,38.4
deli_meat,5,5.45,10,4.91,26.6
deli_meat,7,12.32,0,12.32,19.4
deli_meat,4,9.01,30,6.3,66.7
deli_meat,7,2.37,10,2.13,21.6
deli_meat,0,13.2,40,7.92,100.4
deli_meat,4,11.73,0,11.73,19.3
deli_meat,2,2.84,10,2.55,32.4
deli_meat,1,11.21,30,7.84,55.0
deli_meat,3,3.09,0,3.09,17.2
deli_meat,3,2.17,20,1.74,27.5
deli_meat,6,11.56,20,9.25,25.1
deli_meat,5,8.79,20,7.04,29.3
deli_meat,7,7.65,0,7.65,19.1
deli_meat,0,8.85,10,7.96,35.1
deli_meat,0,2.05,10,1.85,37.4
deli_meat,7,10.95,40,6.57,36.1
deli_meat,2,7.01,20,5.6,36.6
deli_meat,1,7.13,0,7.13,14.2
deli_meat,4,14.08,20,11.27,43.1
deli_meat,4,14.8,30,10.36,38.1
deli_meat,3,3.81,50,1.91,40.7
deli_meat,0,12.18,10,10.97,40.7
deli_meat,1,4.91,0,4.91,18.9
deli_meat,5,12.18,0,12.18,16.9
deli_meat,5,4.56,30,3.19,33.5
deli_meat,1,13.61,20,10.89,30.4
deli_meat,0,10.28,20,8.23,38.8
deli_meat,6,2.92,50,1.46,79.8
deli_meat,0,14.86,30,10.4,47.3
deli_meat,5,9.21,20,7.37,25.9
deli_meat,2,10.3,30,7.21,62.3
deli_meat,1,10.06,0,10.06,21.0
deli_meat,3,11.2,10,10.08,26.5
deli_meat,4,6.77,0,6.77,18.9
deli_meat,0,6.22,30,4.35,59.2
deli_meat,0,9.74,30,6.82,49.0
deli_meat,0,13.65,10,12.28,34.6
deli_meat,5,8.92,20,7.13,21.9
deli_meat,7,8.53,0,8.53,25.3
deli_meat,2,5.6,20,4.48,30.1
deli_meat,2,10.04,0,10.04,32.7
deli_meat,7,11.08,0,11.08,22.1
deli_meat,2,7.22,30,5.06,42.0
deli_meat,4,3.03,0,3.03,27.0
deli_meat,6,2.47,0,2.47,19.9
deli_meat,4,3.61,0,3.61,17.8
deli_meat,0,11.14,10,10.03,35.8
deli_meat,5,8.76,50,4.38,41.4
deli_meat,5,11.16,0,11.16,18.2
deli_meat,7,8.18,20,6.55,38.0
deli_meat,5,13.86,20,11.08,24.4
deli_meat,2,4.25,0,4.25,22.9
deli_meat,5,8.4,0,8.4,16.2
deli_meat,1,3.94,20,3.15,27.9
deli_meat,0,14.3,50,7.15,77.4
deli_meat,0,6.69,50,3.35,91.1
deli_meat,7,10.3,20,8.24,22.6
deli_meat,1,5.75,0,5.75,27.5
deli_meat,4,8.04,0,8.04,20.6
deli_meat,6,6.16,0,6.16,20.9
deli_meat,6,5.27,50,2.64,80.7
deli_meat,1,2.8,0,2.8,17.1
deli_meat,6,11.07,0,11.07,11.3
deli_meat,0,9.52,30,6.67,28.4
deli_meat,5,11.2,40,6.72,37.0
deli_meat,1,5.81,20,4.65,40.7
deli_meat,2,12.13,0,12.13,22.5
deli_meat,5,7.57,30,5.3,37.9
deli_meat,6,12.08,50,6.04,59.3
deli_meat,4,14.53,10,13.07,29.2
deli_meat,3,8.19,0,8.19,16.5
deli_meat,4,12.15,0,12.15,16.8
deli_meat,1,9.69,40,5.82,65.8
deli_meat,6,10.56,30,7.39,31.9
deli_meat,1,12.11,30,8.47,50.7
deli_meat,4,5.6,10,5.04,23.5
deli_meat,2,9.36,20,7.49,30.9
deli_meat,1,4.16,40,2.49,68.4
deli_meat,1,10.17,0,10.17,18.5
deli_meat,6,8.65,30,6.06,32.6
deli_meat,6,7.26,20,5.81,19.7
deli_meat,7,13.64,10,12.27,16.0
deli_meat,0,9.96,0,9.96,36.0
deli_meat,5,8.67,20,6.93,34.0
deli_meat,1,8.43,0,8.43,29.0
deli_meat,0,14.86,0,14.86,24.1
deli_meat,3,5.5,20,4.4,31.7
deli_meat,1,12.79,10,11.51,31.3
deli_meat,0,7.06,20,5.65,55.9
deli_meat,7,8.48,0,8.48,15.1
deli_meat,5,6.77,30,4.74,32.9
deli_meat,3,4.69,50,2.35,72.4
deli_meat,2,4.37,0,4.37,27.1
deli_meat,5,3.17,30,2.22,38.0
deli_meat,1,6.95,0,6.95,20.6
deli_meat,5,8.09,40,4.86,47.6
deli_meat,0,7.1,0,7.1,31.6
deli_meat,7,7.71,10,6.94,26.5
deli_meat,2,13.12,30,9.18,114.9
deli_meat,7,10.87,10,9.79,18.3
deli_meat,6,14.9,20,11.92,17.4
deli_meat,4,5.36,20,4.29,30.2
deli_meat,4,14.26,40,8.56,37.3
deli_meat,1,14.87,0,14.87,27.8
deli_meat,5,5.35,10,4.81,24.5
deli_meat,7,2.98,10,2.69,28.5
deli_meat,2,2.81,0,2.81,24.7
deli_meat,7,4.86,10,4.38,29.5
deli_meat,3,6.87,20,5.49,23.9
deli_meat,5,6.34,50,3.17,40.3
deli_meat,6,13.94,0,13.94,21.3
deli_meat,4,11.31,0,11.31,22.6
deli_meat,0,8.93,0,8.93,23.6
deli_meat,0,14.2,0,14.2,23.7
deli_meat,2,2.24,40,1.34,55.8
deli_meat,4,10.21,20,8.17,27.2
deli_meat,0,14.8,0,14.8,25.0
deli_meat,3,9.37,40,5.62,45.3
deli_meat,7,4.85,30,3.39,46.0
deli_meat,6,11.0,0,11.0,26.0
deli_meat,7,3.04,10,2.74,23.0
deli_meat,4,5.72,50,2.86,97.7
deli_meat,0,7.36,0,7.36,43.8
deli_meat,1,10.05,0,10.05,33.6
deli_meat,7,12.99,30,9.1,32.6
deli_meat,1,4.34,0,4.34,20.8
deli_meat,4,13.67,30,9.57,35.5
deli_meat,0,3.87,30,2.71,43.6
deli_meat,0,2.76,20,2.21,36.7
deli_meat,0,11.96,0,11.96,31.0
deli_meat,0,2.34,0,2.34,17.8
deli_meat,7,6.38,0,6.38,21.1
deli_meat,2,13.76,40,8.25,38.3
deli_meat,6,9.72,50,4.86,72.7
deli_meat,7,4.62,30,3.24,50.4
deli_meat,0,13.42,50,6.71,76.9
deli_meat,1,8.42,0,8.42,25.7
deli_meat,3,2.02,0,2.02,22.4
deli_meat,7,10.28,30,7.2,39.0
deli_meat,4,8.19,0,8.19,32.9
deli_meat,5,11.45,0,11.45,20.4
deli_meat,1,12.0,0,12.0,24.2
deli_meat,3,2.21,20,1.77,21.0
deli_meat,0,12.53,10,11.28,38.8
deli_meat,5,4.51,30,3.16,45.6
deli_meat,2,12.34,0,12.34,20.2
deli_meat,3,5.74,0,5.74,24.1
deli_meat,4,12.7,0,12.7,15.1
deli_meat,2,12.45,0,12.45,18.9
deli_meat,2,3.71,20,2.97,30.8
deli_meat,1,6.99,40,4.2,48.1
deli_meat,3,2.11,50,1.06,50.6
deli_meat,4,13.11,10,11.8,27.0
deli_meat,7,13.18,30,9.23,39.6
deli_meat,7,4.79,20,3.83,35.7
deli_meat,1,2.51,0,2.51,26.0
deli_meat,2,10.99,20,8.79,32.1
deli_meat,1,13.29,20,10.63,46.6
deli_meat,3,8.66,50,4.33,78.6
deli_meat,2,14.45,0,14.45,17.2
deli_meat,1,11.08,0,11.08,18.9
deli_meat,7,13.45,30,9.41,27.3
deli_meat,3,9.39,30,6.57,42.6
deli_meat,3,12.07,20,9.65,28.1
deli_meat,3,11.15,0,11.15,22.5
deli_meat,6,10.73,20,8.59,29.8
deli_meat,4,5.52,0,5.52,28.2
deli_meat,7,3.24,20,2.59,34.3
deli_meat,4,14.71,20,11.77,35.9
deli_meat,4,14.76,20,11.81,22.8
deli_meat,7,12.21,30,8.55,44.9
deli_meat,5,2.83,0,2.83,20.7
deli_meat,5,7.73,10,6.96,15.3
deli_meat,5,6.11,50,3.05,77.1
deli_meat,7,4.75,20,3.8,19.5
deli_meat,7,11.33,0,11.33,16.2
deli_meat,6,8.43,30,5.9,28.0
deli_meat,6,7.54,30,5.27,45.8
deli_meat,5,4.92,10,4.43,29.8
deli_meat,5,3.61,30,2.53,33.6
deli_meat,6,3.01,0,3.01,20.7
deli_meat,5,2.58,10,2.33,20.4
deli_meat,6,5.69,20,4.55,22.8
deli_meat,5,12.06,0,12.06,24.3
deli_meat,4,7.45,10,6.7,24.6
deli_meat,5,5.71,0,5.71,13.7
deli_meat,3,9.97,0,9.97,20.2
deli_meat,0,11.23,20,8.98,28.7
deli_meat,4,6.42,30,4.49,36.1
deli_meat,6,12.25,30,8.58,30.3
deli_meat,3,5.72,0,5.72,15.0
deli_meat,5,7.05,0,7.05,14.1
deli_meat,3,2.86,10,2.57,32.5
deli_meat,2,13.59,20,10.87,25.0
deli_meat,5,6.68,50,3.34,52.2
deli_meat,1,10.0,10,9.0,26.0
deli_meat,4,9.95,0,9.95,27.6
deli_meat,6,5.18,50,2.59,56.0
deli_meat,6,3.32,50,1.66,74.2
deli_meat,7,6.24,0,6.24,17.8
deli_meat,1,2.17,0,2.17,30.0
deli_meat,5,6.87,10,6.18,17.2
deli_meat,6,5.1,30,3.57,29.9
deli_meat,1,7.67,30,5.37,46.9
deli_meat,4,5.02,50,2.51,44.1
deli_meat,0,5.05,30,3.53,65.4
deli_meat,2,14.84,20,11.88,23.1
deli_meat,1,9.71,0,9.71,25.1
deli_meat,1,8.98,10,8.08,30.0
deli_meat,4,4.78,0,4.78,23.6
deli_meat,3,11.35,40,6.81,54.6
deli_meat,3,10.21,30,7.14,31.8
deli_meat,7,2.91,0,2.91,24.7
deli_meat,0,5.68,30,3.98,50.8
deli_meat,5,8.24,50,4.12,36.9
deli_meat,7,8.44,0,8.44,31.9
deli_meat,5,6.14,10,5.52,30.6
deli_meat,7,10.87,10,9.78,19.8
deli_meat,7,9.24,20,7.39,34.0
deli_meat,0,10.39,0,10.39,26.2
deli_meat,2,7.1,0,7.1,36.1
deli_meat,7,11.43,0,11.43,28.2
deli_meat,7,12.06,20,9.65,22.1
deli_meat,3,9.17,10,8.25,32.5
deli_meat,0,6.79,40,4.07,34.6
deli_meat,4,12.09,20,9.67,28.7
deli_meat,2,6.5,0,6.5,17.8
deli_meat,0,5.88,0,5.88,30.1
deli_meat,7,9.25,0,9.25,19.6
deli_meat,7,11.65,40,6.99,57.5
deli_meat,1,11.25,50,5.63,109.6
deli_meat,1,3.33,50,1.67,81.3
deli_meat,1,6.38,0,6.38,26.6
deli_meat,1,8.73,30,6.11,46.8
deli_meat,6,8.02,50,4.01,81.7
deli_meat,4,12.98,20,10.38,24.6
deli_meat,3,14.58,0,14.58,19.1
deli_meat,5,4.93,30,3.45,21.1
deli_meat,5,3.32,10,2.99,24.4
deli_meat,0,9.97,40,5.98,76.0
deli_meat,4,13.68,0,13.68,22.2
deli_meat,0,12.02,20,9.61,41.6
deli_meat,4,7.71,30,5.4,38.3
deli_meat,7,9.79,0,9.79,11.3
deli_meat,4,14.05,0,14.05,10.6
deli_meat,2,3.12,10,2.81,24.1
deli_meat,4,14.42,10,12.98,26.2
deli_meat,7,4.91,40,2.94,47.7
deli_meat,7,14.65,0,14.65,22.7
deli_meat,1,13.21,20,10.57,27.8
deli_meat,3,2.65,0,2.65,24.2
deli_meat,6,14.21,10,12.79,28.5
deli_meat,3,8.44,40,5.06,43.2
deli_meat,7,9.95,40,5.97,39.7
deli_meat,1,13.41,0,13.41,38.2
deli_meat,2,9.43,0,9.43,26.0
deli_meat,2,9.63,20,7.7,34.0
deli_meat,5,9.37,0,9.37,12.0
deli_meat,6,5.33,50,2.66,45.7
deli_meat,4,4.75,10,4.28,27.7
deli_meat,0,6.55,40,3.93,70.8
deli_meat,4,13.53,0,13.53,18.9
deli_meat,0,2.99,30,2.09,47.9
deli_meat,5,12.18,20,9.75,24.3
deli_meat,0,3.74,0,3.74,39.3
deli_meat,5,10.67,20,8.54,22.6
deli_meat,1,3.26,40,1.95,54.4
deli_meat,4,14.01,0,14.01,14.0
deli_meat,1,12.55,0,12.55,21.3
deli_meat,3,10.12,10,9.11,27.1
deli_meat,6,4.79,0,4.79,21.5
deli_meat,6,8.88,20,7.11,34.6
deli_meat,1,14.17,0,14.17,23.1
deli_meat,6,5.48,30,3.84,30.9
deli_meat,3,10.77,40,6.46,53.5
deli_meat,0,13.5,10,12.15,45.9
deli_meat,7,2.14,20,1.71,21.5
deli_meat,7,13.95,0,13.95,20.3
deli_meat,5,8.34,0,8.34,20.9
deli_meat,7,4.96,0,4.96,19.0
deli_meat,5,3.21,0,3.21,20.8
deli_meat,6,6.62,10,5.96,17.8
deli_meat,2,9.29,50,4.65,97.8
deli_meat,7,12.16,0,12.16,27.4
deli_meat,7,3.71,20,2.97,24.5
deli_meat,7,8.76,30,6.13,36.1
deli_meat,6,4.08,0,4.08,20.5
deli_meat,4,10.34,0,10.34,12.3
deli_meat,5,13.96,40,8.38,33.9
deli_meat,4,6.78,30,4.74,30.0
deli_meat,3,6.05,30,4.24,55.6
deli_meat,5,3.96,0,3.96,23.3
deli_meat,3,9.7,0,9.7,21.8
deli_meat,7,12.62,20,10.1,40.8
deli_meat,4,9.64,40,5.79,34.3
deli_meat,2,5.07,20,4.06,29.8
deli_meat,2,12.33,10,11.09,28.3
deli_meat,5,5.44,20,4.35,26.4
deli_meat,0,8.08,30,5.65,32.4
deli_meat,2,9.0,10,8.1,17.7
deli_meat,3,5.1,50,2.55,56.5
deli_meat,5,4.95,40,2.97,33.8
deli_meat,6,2.03,50,1.02,37.7
deli_meat,0,4.49,50,2.24,88.8
deli_meat,5,6.37,30,4.46,32.2
deli_meat,6,12.25,50,6.13,56.0
deli_meat,6,12.0,50,6.0,56.8
deli_meat,1,2.25,0,2.25,25.3
deli_meat,2,2.04,10,1.84,25.8
deli_meat,2,9.02,20,7.22,37.1
deli_meat,6,14.12,50,7.06,47.8
deli_meat,7,2.95,0,2.95,15.0
deli_meat,2,10.79,50,5.4,63.0
deli_meat,1,10.74,0,10.74,23.7
deli_meat,7,11.62,0,11.62,34.0
deli_meat,4,5.65,30,3.96,35.1
deli_meat,5,13.31,0,13.31,26.1
deli_meat,7,5.08,0,5.08,21.4
deli_meat,5,9.19,30,6.44,24.2
deli_meat,5,8.89,0,8.89,26.2
deli_meat,0,13.41,20,10.73,31.2
deli_meat,7,9.26,10,8.33,22.4
deli_meat,3,5.38,40,3.23,43.7
deli_meat,6,4.9,30,3.43,43.2
deli_meat,3,14.42,50,7.21,95.1
deli_meat,0,3.46,20,2.77,50.5
deli_meat,5,6.54,0,6.54,19.3
deli_meat,0,7.52,30,5.26,29.9
deli_meat,1,10.23,0,10.23,44.0
deli_meat,3,11.53,50,5.76,66.3
deli_meat,7,14.34,40,8.6,34.1
deli_meat,3,7.87,0,7.87,25.6
deli_meat,3,2.09,40,1.25,67.0
deli_meat,6,8.35,0,8.35,16.8
deli_meat,6,9.14,30,6.4,42.2
deli_meat,6,8.85,30,6.19,34.1
deli_meat,3,12.5,40,7.5,57.9
deli_meat,0,2.49,30,1.74,47.8
deli_meat,5,2.76,50,1.38,88.8
deli_meat,4,5.98,40,3.59,43.7
deli_meat,2,8.21,20,6.57,26.8
deli_meat,6,4.69,40,2.81,72.0
deli_meat,3,12.15,20,9.72,37.6
deli_meat,3,14.93,0,14.93,17.0
deli_meat,4,13.66,10,12.3,24.6
deli_meat,4,2.39,0,2.39,21.8
deli_meat,3,9.16,40,5.5,35.5
deli_meat,0,10.43,30,7.3,39.3
deli_meat,4,4.94,0,4.94,20.5
deli_meat,3,12.81,20,10.25,32.2
deli_meat,0,3.52,0,3.52,31.6
deli_meat,2,6.91,0,6.91,23.2
deli_meat,5,10.33,0,10.33,17.5
deli_meat,2,3.06,0,3.06,25.9
deli_meat,7,10.51,30,7.36,24.7
deli_meat,4,7.42,0,7.42,19.9
deli_meat,4,11.81,20,9.45,27.3
deli_meat,1,11.58,0,11.58,24.8
deli_meat,7,11.44,40,6.86,41.5
deli_meat,7,12.34,50,6.17,35.6
deli_meat,5,12.36,30,8.65,24.9
deli_meat,3,10.63,0,10.63,15.9
deli_meat,5,13.93,50,6.96,52.0
deli_meat,6,12.13,10,10.91,23.5
deli_meat,2,12.11,0,12.11,26.2
deli_meat,6,11.72,10,10.55,27.4
deli_meat,7,12.32,20,9.86,20.2
deli_meat,0,12.09,40,7.25,60.2
deli_meat,7,6.24,0,6.24,18.6
deli_meat,2,6.9,0,6.9,29.4
deli_meat,4,5.4,40,3.24,45.8
deli_meat,0,11.96,0,11.96,34.7
deli_meat,4,13.26,30,9.28,32.3
deli_meat,2,9.37,20,7.5,53.8
deli_meat,7,2.91,0,2.91,20.6
deli_meat,0,14.97,0,14.97,31.7
deli_meat,6,6.03,20,4.83,21.5
deli_meat,3,4.78,20,3.82,39.6
deli_meat,7,4.91,40,2.95,35.8
deli_meat,3,5.93,20,4.74,39.4
deli_meat,4,7.31,0,7.31,18.4
deli_meat,3,3.23,0,3.23,20.8
deli_meat,2,6.76,0,6.76,17.6
deli_meat,5,11.43,10,10.29,28.0
deli_meat,2,10.0,40,6.0,54.2
deli_meat,0,2.19,0,2.19,26.7
deli_meat,5,5.19,20,4.15,35.7
deli_meat,4,6.15,20,4.92,39.6
deli_meat,6,14.45,30,10.11,45.7
deli_meat,2,6.37,20,5.09,28.8
deli_meat,4,9.62,40,5.77,37.5
deli_meat,3,4.38,10,3.94,23.6
deli_meat,3,9.49,20,7.59,23.2
deli_meat,4,3.07,10,2.76,19.7
prepared_meals,6,12.65,0,12.65,13.7
prepared_meals,4,6.11,10,5.5,25.0
prepared_meals,3,12.48,10,11.23,27.3
prepared_meals,7,14.06,0,14.06,21.1
prepared_meals,4,5.12,0,5.12,18.1
prepared_meals,2,9.39,10,8.45,13.7
prepared_meals,5,6.83,10,6.15,15.7
prepared_meals,2,6.53,0,6.53,16.2
prepared_meals,0,2.67,20,2.14,40.1
prepared_meals,3,12.62,40,7.57,50.3
prepared_meals,7,10.67,30,7.47,36.8
prepared_meals,7,11.89,0,11.89,19.4
prepared_meals,6,14.42,50,7.21,82.4
prepared_meals,2,11.34,0,11.34,17.6
prepared_meals,1,12.41,50,6.2,131.1
prepared_meals,5,6.03,30,4.22,46.8
prepared_meals,1,2.84,50,1.42,130.0
prepared_meals,7,5.15,0,5.15,14.4
prepared_meals,2,13.2,30,9.24,42.1
prepared_meals,4,13.25,10,11.92,16.0
prepared_meals,3,9.96,0,9.96,29.1
prepared_meals,4,11.16,0,11.16,14.6
prepared_meals,3,4.61,10,4.15,15.7
prepared_meals,6,13.92,50,6.96,101.1
prepared_meals,1,11.88,30,8.31,43.2
prepared_meals,7,11.98,20,9.58,20.1
prepared_meals,1,8.77,10,7.89,29.9
prepared_meals,0,10.55,0,10.55,17.2
prepared_meals,4,12.95,30,9.06,45.8
prepared_meals,5,2.08,0,2.08,26.2
prepared_meals,6,2.38,0,2.38,11.6
prepared_meals,3,14.61,40,8.76,40.8
prepared_meals,0,8.44,30,5.91,59.5
prepared_meals,6,13.94,10,12.54,12.6
prepared_meals,1,3.43,0,3.43,18.4
prepared_meals,6,8.2,50,4.1,50.2
prepared_meals,5,11.91,40,7.15,57.4
prepared_meals,1,12.27,0,12.27,35.8
prepared_meals,6,14.37,40,8.62,55.0
prepared_meals,7,4.69,0,4.69,18.6
prepared_meals,7,13.33,30,9.33,42.4
prepared_meals,4,2.67,10,2.4,27.0
prepared_meals,2,14.2,0,14.2,24.1
prepared_meals,2,5.48,30,3.83,42.7
prepared_meals,1,6.64,10,5.97,21.5
prepared_meals,7,8.44,0,8.44,11.5
prepared_meals,4,9.7,0,9.7,15.1
prepared_meals,6,9.68,50,4.84,94.3
prepared_meals,5,6.97,0,6.97,12.2
prepared_meals,1,9.71,40,5.83,69.7
prepared_meals,3,9.42,30,6.6,49.8
prepared_meals,7,4.84,0,4.84,11.9
prepared_meals,1,11.55,0,11.55,23.0
prepared_meals,6,11.15,30,7.8,29.5
prepared_meals,5,2.02,0,2.02,13.4
prepared_meals,7,14.03,50,7.01,78.7
prepared_meals,1,12.74,0,12.74,28.3
prepared_meals,5,7.64,0,7.64,20.0
prepared_meals,4,2.24,40,1.34,31.8
prepared_meals,0,4.0,0,4.0,36.9
prepared_meals,2,3.16,20,2.53,28.3
prepared_meals,5,6.13,10,5.52,10.7
prepared_meals,2,4.26,0,4.26,16.8
prepared_meals,7,13.46,30,9.42,30.3
prepared_meals,7,12.21,0,12.21,18.5
prepared_meals,7,8.87,20,7.1,27.6
prepared_meals,2,13.4,50,6.7,85.9
prepared_meals,3,6.62,40,3.97,50.8
prepared_meals,5,10.52,50,5.26,93.0
prepared_meals,7,9.46,0,9.46,21.0
prepared_meals,3,7.85,50,3.92,74.0
prepared_meals,1,9.38,50,4.69,89.9
prepared_meals,4,4.02,20,3.21,34.7
prepared_meals,4,3.96,0,3.96,16.3
prepared_meals,4,2.55,50,1.28,53.8
prepared_meals,4,6.06,30,4.24,57.3
prepared_meals,6,7.6,50,3.8,54.8
prepared_meals,1,10.59,0,10.59,17.7
prepared_meals,1,6.99,10,6.29,13.4
prepared_meals,0,13.29,0,13.29,16.9
prepared_meals,0,8.22,40,4.93,86.5
prepared_meals,1,11.4,0,11.4,19.2
prepared_meals,6,14.27,30,9.99,39.4
prepared_meals,5,7.16,0,7.16,12.8
prepared_meals,3,2.71,0,2.71,19.4
prepared_meals,2,13.92,40,8.35,67.1
prepared_meals,2,14.34,10,12.91,14.3
prepared_meals,2,9.45,30,6.62,30.2
prepared_meals,7,13.49,40,8.09,48.7
prepared_meals,3,5.23,40,3.14,41.1
prepared_meals,0,7.76,10,6.98,34.2
prepared_meals,4,2.73,20,2.18,30.9
prepared_meals,4,10.16,40,6.1,46.1
prepared_meals,5,8.85,30,6.19,58.1
prepared_meals,0,4.85,40,2.91,66.6
prepared_meals,3,11.96,30,8.38,32.2
prepared_meals,0,8.11,50,4.05,133.3
prepared_meals,4,6.0,0,6.0,16.0
prepared_meals,0,11.1,50,5.55,172.3
prepared_meals,1,5.26,10,4.74,18.2
prepared_meals,4,11.22,30,7.85,57.4
prepared_meals,6,7.61,0,7.61,16.7
prepared_meals,7,4.17,0,4.17,21.0
prepared_meals,0,8.18,0,8.18,27.5
prepared_meals,3,9.87,10,8.88,22.5
prepared_meals,2,5.22,20,4.17,35.8
prepared_meals,6,11.16,0,11.16,17.1
prepared_meals,0,12.77,10,11.49,21.2
prepared_meals,2,13.83,0,13.83,13.5
prepared_meals,2,13.16,30,9.21,48.9
prepared_meals,0,12.24,0,12.24,20.4
prepared_meals,6,10.93,0,10.93,11.7
prepared_meals,2,13.75,40,8.25,39.0
prepared_meals,5,10.64,30,7.45,43.6
prepared_meals,0,4.91,0,4.91,17.3
prepared_meals,1,14.37,10,12.93,30.2
prepared_meals,2,14.89,0,14.89,23.1
prepared_meals,4,13.6,20,10.88,27.7
prepared_meals,7,7.12,0,7.12,9.3
prepared_meals,5,3.55,20,2.84,26.7
prepared_meals,0,12.65,10,11.38,40.3
prepared_meals,4,11.31,0,11.31,18.1
prepared_meals,4,6.17,0,6.17,10.3
prepared_meals,3,13.34,30,9.34,45.6
prepared_meals,2,9.67,50,4.84,74.2
prepared_meals,0,6.56,0,6.56,20.5
prepared_meals,3,12.28,0,12.28,26.5
prepared_meals,2,13.24,0,13.24,15.7
prepared_meals,0,9.92,30,6.95,50.4
prepared_meals,4,14.09,10,12.68,17.0
prepared_meals,4,13.2,20,10.56,40.5
prepared_meals,0,3.51,20,2.8,29.6
prepared_meals,7,7.83,30,5.48,28.8
prepared_meals,4,8.9,20,7.12,44.1
prepared_meals,1,13.54,0,13.54,15.7
prepared_meals,6,9.99,40,6.0,35.7
prepared_meals,3,13.32,40,7.99,48.7
prepared_meals,2,11.48,50,5.74,95.0
prepared_meals,1,6.31,20,5.05,27.7
prepared_meals,0,7.16,10,6.44,24.3
prepared_meals,4,12.9,20,10.32,28.2
prepared_meals,5,8.18,40,4.91,71.9
prepared_meals,5,2.97,0,2.97,19.7
prepared_meals,7,9.96,0,9.96,18.0
prepared_meals,5,7.04,0,7.04,9.1
prepared_meals,2,10.48,30,7.33,30.6
prepared_meals,0,2.75,0,2.75,25.2
prepared_meals,5,2.86,40,1.72,40.9
prepared_meals,4,2.81,0,2.81,14.8
prepared_meals,2,14.06,0,14.06,16.1
prepared_meals,2,13.99,10,12.59,20.9
prepared_meals,5,9.85,10,8.87,16.7
prepared_meals,2,5.72,40,3.43,64.8
prepared_meals,5,12.53,10,11.28,27.3
prepared_meals,0,3.11,50,1.55,135.0
prepared_meals,0,14.53,50,7.27,106.3
prepared_meals,6,12.2,0,12.2,26.1
prepared_meals,1,6.35,40,3.81,66.5
prepared_meals,6,6.75,0,6.75,10.1
prepared_meals,6,2.01,20,1.61,29.9
prepared_meals,1,3.14,20,2.51,34.4
prepared_meals,0,9.14,40,5.48,72.2
prepared_meals,3,13.18,40,7.91,55.3
prepared_meals,1,12.43,50,6.21,127.2
prepared_meals,5,2.21,40,1.32,69.7
prepared_meals,7,8.79,0,8.79,22.1
prepared_meals,3,10.8,10,9.72,28.1
prepared_meals,3,4.0,20,3.2,29.7
prepared_meals,5,3.58,30,2.51,51.4
prepared_meals,3,4.4,0,4.4,15.6
prepared_meals,7,14.51,10,13.06,21.2
prepared_meals,2,6.43,0,6.43,12.1
prepared_meals,5,12.53,50,6.26,62.4
prepared_meals,3,12.81,0,12.81,17.8
prepared_meals,5,14.77,10,13.29,26.1
prepared_meals,1,9.81,50,4.91,108.4
prepared_meals,0,9.19,50,4.6,173.0
prepared_meals,2,2.89,0,2.89,26.4
prepared_meals,5,7.83,0,7.83,14.4
prepared_meals,6,3.64,10,3.28,16.4
prepared_meals,2,3.89,0,3.89,25.1
prepared_meals,1,14.78,0,14.78,18.6
prepared_meals,2,13.21,0,13.21,15.5
prepared_meals,1,5.9,0,5.9,25.8
prepared_meals,4,14.62,50,7.31,84.4
prepared_meals,1,12.34,20,9.87,41.9
prepared_meals,7,2.75,10,2.48,16.4
prepared_meals,2,4.97,30,3.48,67.4
prepared_meals,6,4.8,0,4.8,22.1
prepared_meals,4,11.82,30,8.27,44.0
prepared_meals,7,11.4,20,9.12,28.7
prepared_meals,4,3.46,40,2.08,47.0
prepared_meals,6,13.28,30,9.3,17.9
prepared_meals,5,2.9,20,2.32,27.4
prepared_meals,5,11.91,30,8.34,28.2
prepared_meals,4,2.52,0,2.52,19.3
prepared_meals,7,12.29,10,11.06,24.8
prepared_meals,6,5.38,0,5.38,16.1
prepared_meals,4,3.95,40,2.37,48.6
prepared_meals,0,9.33,0,9.33,19.5
prepared_meals,1,11.47,30,8.03,51.8
prepared_meals,1,9.75,0,9.75,14.8
prepared_meals,6,13.53,30,9.47,48.2
prepared_meals,6,6.98,40,4.19,63.8
prepared_meals,1,10.97,30,7.68,57.4
prepared_meals,4,2.52,0,2.52,12.8
prepared_meals,5,14.91,20,11.93,25.0
prepared_meals,5,10.73,0,10.73,16.6
prepared_meals,1,12.32,10,11.08,28.1
prepared_meals,4,7.73,10,6.96,14.3
prepared_meals,0,11.12,0,11.12,12.8
prepared_meals,7,9.38,0,9.38,16.0
prepared_meals,6,2.18,0,2.18,22.7
prepared_meals,1,14.12,0,14.12,14.9
prepared_meals,5,11.12,40,6.67,71.5
prepared_meals,2,10.73,10,9.66,38.4
prepared_meals,2,13.8,30,9.66,31.2
prepared_meals,0,8.04,10,7.23,28.9
prepared_meals,6,11.49,0,11.49,12.7
prepared_meals,7,13.49,30,9.44,37.4
prepared_meals,1,8.67,30,6.07,48.7
prepared_meals,4,12.13,40,7.28,42.0
prepared_meals,2,9.98,0,9.98,14.6
prepared_meals,1,14.21,10,12.79,25.0
prepared_meals,7,4.07,0,4.07,15.7
prepared_meals,5,12.53,0,12.53,17.0
prepared_meals,6,6.18,0,6.18,10.4
prepared_meals,0,10.42,20,8.33,27.0
prepared_meals,4,8.39,40,5.03,56.0
prepared_meals,0,12.99,50,6.5,238.9
prepared_meals,5,8.49,10,7.64,16.4
prepared_meals,0,5.36,40,3.22,101.4
prepared_meals,0,12.96,0,12.96,21.3
prepared_meals,5,11.65,20,9.32,24.6
prepared_meals,5,7.76,10,6.98,16.7
prepared_meals,1,8.28,20,6.63,41.3
prepared_meals,4,5.32,30,3.73,52.1
prepared_meals,1,11.33,50,5.67,74.3
prepared_meals,7,3.32,10,2.99,17.1
prepared_meals,2,7.46,30,5.22,36.9
prepared_meals,1,10.19,20,8.15,36.9
prepared_meals,0,6.37,0,6.37,23.4
prepared_meals,4,10.71,40,6.43,115.7
prepared_meals,1,5.19,20,4.15,49.3
prepared_meals,0,4.6,20,3.68,32.5
prepared_meals,2,10.38,0,10.38,14.3
prepared_meals,2,6.18,0,6.18,16.6
prepared_meals,2,7.86,20,6.28,20.7
prepared_meals,0,4.78,10,4.3,23.2
prepared_meals,1,5.15,0,5.15,15.0
prepared_meals,5,5.58,0,5.58,12.9
prepared_meals,1,4.37,20,3.5,29.1
prepared_meals,5,13.92,20,11.14,45.2
prepared_meals,0,2.23,30,1.56,49.9
prepared_meals,0,9.05,0,9.05,14.3
prepared_meals,0,13.56,40,8.14,95.7
prepared_meals,0,5.0,0,5.0,13.5
prepared_meals,6,6.21,20,4.97,22.0
prepared_meals,5,14.91,10,13.42,24.4
prepared_meals,4,13.27,10,11.95,26.1
prepared_meals,2,12.51,0,12.51,14.9
prepared_meals,7,14.26,0,14.26,19.1
prepared_meals,7,6.56,0,6.56,9.9
prepared_meals,0,12.01,0,12.01,21.8
prepared_meals,4,9.59,0,9.59,13.9
prepared_meals,7,13.4,10,12.06,29.1
prepared_meals,1,13.52,40,8.11,57.3
prepared_meals,6,10.45,50,5.23,161.7
prepared_meals,6,5.91,20,4.73,31.3
prepared_meals,1,14.83,0,14.83,17.6
prepared_meals,1,14.51,0,14.51,25.7
prepared_meals,3,4.91,0,4.91,22.0
prepared_meals,7,4.4,40,2.64,63.0
prepared_meals,1,9.86,0,9.86,16.4
prepared_meals,7,2.67,30,1.87,49.0
prepared_meals,6,12.09,0,12.09,15.3
prepared_meals,1,9.2,40,5.52,78.0
prepared_meals,1,6.61,40,3.97,133.4
prepared_meals,0,14.15,0,14.15,23.6
prepared_meals,5,13.86,30,9.7,54.6
prepared_meals,6,4.44,30,3.11,29.6
prepared_meals,0,7.51,30,5.26,59.8
prepared_meals,5,13.2,0,13.2,14.3
prepared_meals,0,7.34,0,7.34,31.2
prepared_meals,3,7.51,20,6.0,22.5
prepared_meals,0,14.25,0,14.25,24.5
prepared_meals,4,3.3,40,1.98,46.3
prepared_meals,0,10.28,40,6.17,101.6
prepared_meals,7,12.35,30,8.65,60.6
prepared_meals,7,3.42,0,3.42,13.7
prepared_meals,6,6.42,0,6.42,15.9
prepared_meals,4,10.88,10,9.79,18.0
prepared_meals,1,9.66,50,4.83,90.1
prepared_meals,7,12.25,30,8.58,34.4
prepared_meals,7,12.91,20,10.33,24.2
prepared_meals,6,11.42,10,10.27,22.6
prepared_meals,0,2.51,40,1.5,68.6
prepared_meals,2,13.51,40,8.11,41.6
prepared_meals,6,6.56,0,6.56,10.2
prepared_meals,2,13.2,0,13.2,20.2
prepared_meals,6,12.41,0,12.41,14.0
prepared_meals,4,11.84,40,7.1,51.0
prepared_meals,2,3.41,10,3.07,23.7
prepared_meals,1,7.96,0,7.96,13.6
prepared_meals,0,14.2,10,12.78,26.5
prepared_meals,2,10.58,0,10.58,16.8
prepared_meals,0,9.81,50,4.91,186.8
prepared_meals,7,5.05,50,2.53,95.9
prepared_meals,5,11.04,0,11.04,11.8
prepared_meals,5,8.19,20,6.55,31.0
prepared_meals,5,12.0,0,12.0,14.6
prepared_meals,2,8.01,20,6.41,29.8
prepared_meals,0,9.96,10,8.96,21.3
prepared_meals,0,6.74,20,5.39,55.3
prepared_meals,6,14.97,0,14.97,16.7
prepared_meals,1,9.88,20,7.9,30.0
prepared_meals,7,4.36,30,3.05,29.6
prepared_meals,1,13.17,0,13.17,20.1
prepared_meals,4,14.93,0,14.93,14.6
prepared_meals,0,14.86,30,10.4,31.9
prepared_meals,4,8.9,0,8.9,18.2
prepared_meals,5,2.34,20,1.87,32.6
prepared_meals,5,5.44,30,3.81,33.6
prepared_meals,2,6.03,10,5.43,27.1
prepared_meals,5,9.59,0,9.59,22.8
prepared_meals,6,5.32,30,3.72,34.2
prepared_meals,4,12.5,30,8.75,28.2
prepared_meals,4,9.59,30,6.71,38.6
prepared_meals,6,2.4,0,2.4,19.9
prepared_meals,6,7.42,0,7.42,22.1
prepared_meals,7,6.57,20,5.26,33.6
prepared_meals,4,6.18,0,6.18,24.5
prepared_meals,7,6.83,50,3.41,100.1
prepared_meals,4,10.44,0,10.44,22.6
prepared_meals,3,10.62,0,10.62,13.6
prepared_meals,7,11.91,40,7.15,76.0
prepared_meals,3,11.37,20,9.1,49.5
prepared_meals,3,7.95,0,7.95,15.1
prepared_meals,7,4.07,30,2.85,45.0
prepared_meals,4,10.15,20,8.12,30.8
prepared_meals,6,3.24,0,3.24,13.6
prepared_meals,5,2.71,0,2.71,19.2
prepared_meals,7,2.23,0,2.23,15.8
prepared_meals,6,2.82,30,1.97,32.9
prepared_meals,5,12.1,30,8.47,47.3
prepared_meals,7,2.99,10,2.69,17.8
prepared_meals,2,6.17,0,6.17,16.6
prepared_meals,4,4.54,20,3.63,18.2
prepared_meals,6,4.41,0,4.41,21.9
prepared_meals,5,14.01,0,14.01,24.1
prepared_meals,1,13.89,0,13.89,22.3
prepared_meals,5,3.22,30,2.25,45.1
prepared_meals,2,12.8,0,12.8,14.0
prepared_meals,7,7.35,0,7.35,12.6
prepared_meals,1,5.53,10,4.98,44.7
prepared_meals,4,2.29,0,2.29,12.9
prepared_meals,1,4.95,30,3.46,48.9
prepared_meals,2,2.69,0,2.69,13.5
prepared_meals,7,3.52,0,3.52,24.9
prepared_meals,4,9.39,0,9.39,14.1
prepared_meals,5,6.64,20,5.32,22.6
prepared_meals,7,9.19,20,7.35,24.2
prepared_meals,2,4.05,30,2.83,50.4
prepared_meals,1,7.4,0,7.4,17.9
prepared_meals,4,3.98,0,3.98,16.2
prepared_meals,2,11.37,40,6.82,50.1
prepared_meals,1,8.8,30,6.16,59.6
prepared_meals,6,11.96,0,11.96,13.9
prepared_meals,4,13.54,30,9.48,48.2
prepared_meals,6,6.7,0,6.7,13.0
prepared_meals,3,7.22,0,7.22,19.9
prepared_meals,6,3.47,30,2.43,42.5
prepared_meals,0,7.87,0,7.87,23.4
prepared_meals,0,8.31,30,5.82,57.2
prepared_meals,6,6.34,10,5.7,16.8
prepared_meals,5,13.14,0,13.14,21.2
prepared_meals,6,9.94,0,9.94,13.3
prepared_meals,4,9.18,50,4.59,133.9
prepared_meals,1,9.88,10,8.89,23.3
prepared_meals,1,14.1,0,14.1,18.8
prepared_meals,5,12.24,10,11.01,20.4
prepared_meals,6,10.74,40,6.44,71.9
prepared_meals,1,12.82,30,8.97,54.7
prepared_meals,2,8.26,0,8.26,18.0
prepared_meals,6,12.69,40,7.61,49.1
prepared_meals,4,3.87,0,3.87,13.7
prepared_meals,1,7.5,0,7.5,28.2
prepared_meals,2,5.43,10,4.89,21.7
prepared_meals,3,5.42,20,4.34,17.0
prepared_meals,0,5.75,0,5.75,19.5
prepared_meals,7,3.55,20,2.84,17.2
prepared_meals,4,5.42,20,4.34,29.5
prepared_meals,2,10.18,0,10.18,26.5
prepared_meals,5,13.12,30,9.18,33.1
prepared_meals,1,12.05,10,10.84,25.2
prepared_meals,6,3.31,0,3.31,14.3
prepared_meals,2,6.53,0,6.53,19.2
prepared_meals,2,11.6,0,11.6,16.7
prepared_meals,2,7.33,40,4.4,69.1
prepared_meals,7,10.9,10,9.81,22.9
prepared_meals,4,4.11,40,2.46,53.0
prepared_meals,4,4.34,0,4.34,20.1
prepared_meals,5,7.87,10,7.08,18.5
prepared_meals,2,8.81,0,8.81,22.0
prepared_meals,5,7.87,30,5.51,24.0
prepared_meals,0,10.99,50,5.5,85.7
prepared_meals,6,11.38,0,11.38,14.8
prepared_meals,3,7.7,50,3.85,52.2
prepared_meals,6,6.91,0,6.91,9.2
prepared_meals,4,13.87,10,12.48,23.7
prepared_meals,0,13.65,10,12.29,25.5
prepared_meals,1,9.22,20,7.37,49.4
prepared_meals,7,13.1,30,9.17,61.6
prepared_meals,0,2.65,10,2.38,29.0
prepared_meals,0,4.04,0,4.04,22.4
prepared_meals,7,7.66,0,7.66,14.8
prepared_meals,3,14.4,0,14.4,17.1
prepared_meals,6,11.79,20,9.43,26.8
prepared_meals,6,14.3,20,11.44,22.9
prepared_meals,1,10.43,10,9.39,29.6
prepared_meals,5,2.39,0,2.39,33.9
prepared_meals,6,12.32,40,7.39,45.5
prepared_meals,2,9.74,0,9.74,17.0
prepared_meals,6,11.57,0,11.57,17.7
prepared_meals,6,4.25,40,2.55,103.5
prepared_meals,7,10.83,0,10.83,22.8
prepared_meals,6,3.87,20,3.1,32.7
prepared_meals,2,2.91,0,2.91,16.0
prepared_meals,6,13.48,10,12.14,19.1
prepared_meals,1,11.06,10,9.96,25.4
prepared_meals,7,6.47,20,5.18,30.1
prepared_meals,7,5.37,50,2.68,130.1
prepared_meals,4,10.66,0,10.66,13.3
prepared_meals,2,14.04,40,8.43,60.8
prepared_meals,2,4.8,20,3.84,31.9
prepared_meals,0,14.2,0,14.2,22.4
prepared_meals,0,4.09,30,2.86,39.2
prepared_meals,6,13.54,0,13.54,18.0
prepared_meals,1,12.63,40,7.58,71.5
prepared_meals,1,10.78,0,10.78,21.4
prepared_meals,6,8.84,30,6.19,24.6
prepared_meals,0,6.85,0,6.85,17.5
prepared_meals,4,2.5,10,2.25,18.0
prepared_meals,7,3.24,0,3.24,13.5
prepared_meals,5,5.99,40,3.6,70.5
prepared_meals,4,13.6,50,6.8,79.6
prepared_meals,5,6.61,0,6.61,11.3
prepared_meals,0,6.86,20,5.49,49.5
prepared_meals,6,14.46,0,14.46,11.3
prepared_meals,4,8.85,10,7.97,32.9
prepared_meals,3,13.02,40,7.81,43.8
prepared_meals,6,4.8,30,3.36,38.0
prepared_meals,2,10.15,40,6.09,63.5
prepared_meals,6,3.04,0,3.04,14.5
prepared_meals,1,5.39,20,4.31,54.1
prepared_meals,3,8.99,10,8.09,39.6
prepared_meals,7,11.06,50,5.53,167.7
prepared_meals,2,2.9,20,2.32,34.8
prepared_meals,4,11.14,30,7.8,34.9
prepared_meals,3,6.98,0,6.98,15.2
prepared_meals,5,11.72,40,7.03,68.4
prepared_meals,4,12.9,0,12.9,19.5
prepared_meals,6,14.74,0,14.74,18.5
prepared_meals,2,13.46,0,13.46,18.2
prepared_meals,3,5.91,0,5.91,11.8
prepared_meals,1,8.14,50,4.07,124.3
prepared_meals,5,6.61,0,6.61,12.3
prepared_meals,3,2.74,0,2.74,12.3
prepared_meals,3,13.9,50,6.95,126.0
prepared_meals,0,14.09,20,11.27,26.6
prepared_meals,7,6.4,0,6.4,12.1
prepared_meals,0,14.18,10,12.76,24.9
prepared_meals,6,14.24,40,8.54,49.0
prepared_meals,6,9.29,10,8.37,23.9
prepared_meals,2,2.32,20,1.86,37.6
prepared_meals,2,14.25,10,12.82,34.6
prepared_meals,6,10.84,20,8.67,37.7
prepared_meals,7,11.81,30,8.27,39.2
prepared_meals,2,13.83,20,11.06,26.9
prepared_meals,6,8.61,30,6.03,48.7
prepared_meals,7,8.38,0,8.38,15.5
prepared_meals,5,11.78,30,8.25,26.2
prepared_meals,0,9.97,30,6.98,36.1
prepared_meals,7,4.52,30,3.16,42.5
prepared_meals,7,8.16,10,7.35,19.3
prepared_meals,5,2.66,0,2.66,14.4
prepared_meals,7,5.87,20,4.7,41.5
prepared_meals,0,6.67,30,4.67,66.7
prepared_meals,4,2.57,20,2.06,24.6
prepared_meals,5,5.72,0,5.72,11.5
prepared_meals,7,4.9,50,2.45,58.1
prepared_meals,1,14.59,30,10.21,85.6
prepared_meals,6,8.23,0,8.23,18.9
prepared_meals,6,7.4,20,5.92,22.7
prepared_meals,6,3.67,0,3.67,19.0
prepared_meals,7,3.52,30,2.46,37.3
prepared_meals,4,13.78,0,13.78,14.4
prepared_meals,4,7.53,10,6.78,16.0
prepared_meals,2,3.63,0,3.63,14.1
prepared_meals,7,7.34,0,7.34,26.3
prepared_meals,1,11.97,20,9.58,36.4
prepared_meals,0,2.72,40,1.63,98.2
prepared_meals,6,9.29,40,5.58,64.4
prepared_meals,4,6.19,40,3.72,44.4
prepared_meals,1,11.51,40,6.91,82.7
prepared_meals,3,11.38,0,11.38,10.8
prepared_meals,0,6.38,0,6.38,14.9
prepared_meals,3,6.59,30,4.61,36.1
prepared_meals,6,3.91,0,3.91,13.5
prepared_meals,3,14.46,0,14.46,27.2
prepared_meals,7,2.46,0,2.46,16.3
prepared_meals,5,12.9,30,9.03,34.2
prepared_meals,3,6.23,30,4.36,46.1
prepared_meals,6,14.74,0,14.74,23.8
prepared_meals,7,12.67,20,10.14,23.8
prepared_meals,1,7.37,10,6.63,32.9
prepared_meals,7,2.94,20,2.35,24.3
prepared_meals,6,8.45,20,6.76,26.1
prepared_meals,0,6.28,30,4.4,54.8
prepared_meals,0,11.22,10,10.1,35.4
prepared_meals,0,13.97,0,13.97,15.8
prepared_meals,1,4.64,10,4.17,33.7
prepared_meals,4,6.14,0,6.14,11.4
prepared_meals,5,4.95,10,4.45,19.4
prepared_meals,0,8.6,20,6.88,28.0
prepared_meals,6,8.9,40,5.34,80.9
prepared_meals,2,9.11,0,9.11,13.6
prepared_meals,3,6.14,0,6.14,10.9
prepared_meals,0,9.29,30,6.5,63.5
prepared_meals,2,4.28,0,4.28,21.8
prepared_meals,6,2.81,0,2.81,12.9
prepared_meals,6,10.29,50,5.14,114.1
prepared_meals,4,13.42,0,13.42,10.3
prepared_meals,2,9.47,20,7.58,27.7
prepared_meals,3,5.51,40,3.3,50.4
prepared_meals,6,2.91,10,2.62,15.5
prepared_meals,5,10.28,10,9.25,17.3
prepared_meals,3,7.88,0,7.88,17.0
prepared_meals,4,5.29,0,5.29,13.9
prepared_meals,7,4.53,40,2.72,55.8
prepared_meals,0,12.54,50,6.27,111.8
prepared_meals,7,8.82,10,7.94,24.3
prepared_meals,0,11.42,50,5.71,137.7
prepared_meals,5,12.11,40,7.26,53.7
prepared_meals,6,7.84,20,6.27,31.5
prepared_meals,4,13.1,40,7.86,50.2
prepared_meals,2,14.92,40,8.95,66.8
prepared_meals,1,5.4,40,3.24,69.1
prepared_meals,6,7.76,50,3.88,166.4
prepared_meals,4,13.77,0,13.77,17.8
prepared_meals,6,2.16,20,1.73,44.8
prepared_meals,6,7.15,30,5.01,28.1
prepared_meals,5,9.66,0,9.66,11.5
prepared_meals,5,5.11,30,3.58,23.9
prepared_meals,7,9.61,50,4.81,72.1
prepared_meals,1,14.64,30,10.25,47.5
prepared_meals,5,8.89,30,6.23,39.6
prepared_meals,3,14.81,20,11.85,30.6
prepared_meals,6,8.77,10,7.9,13.5
prepared_meals,3,7.12,10,6.41,25.3
prepared_meals,1,2.97,40,1.78,91.1
prepared_meals,6,8.93,20,7.15,33.5
prepared_meals,1,4.73,0,4.73,17.9
prepared_meals,7,10.71,20,8.57,40.3
prepared_meals,0,10.39,50,5.2,156.1
prepared_meals,4,11.1,50,5.55,111.3
prepared_meals,2,3.34,20,2.67,20.1
prepared_meals,2,8.97,0,8.97,17.6
prepared_meals,7,12.7,30,8.89,81.2
prepared_meals,1,6.02,0,6.02,20.1
prepared_meals,0,4.92,40,2.95,92.8
prepared_meals,7,13.78,20,11.02,31.6
prepared_meals,4,4.99,0,4.99,9.8
prepared_meals,1,12.92,0,12.92,19.2
prepared_meals,6,13.51,0,13.51,14.5
prepared_meals,1,5.52,30,3.86,33.2
prepared_meals,6,6.39,0,6.39,12.0
prepared_meals,5,13.76,20,11.0,36.7
prepared_meals,7,11.64,20,9.31,36.6
prepared_meals,5,3.94,30,2.76,30.1
prepared_meals,7,9.18,30,6.43,50.6
prepared_meals,7,6.84,30,4.79,38.0
prepared_meals,0,9.06,20,7.25,30.7
prepared_meals,4,4.38,30,3.07,31.1
prepared_meals,4,8.54,0,8.54,17.9
prepared_meals,0,10.31,20,8.25,42.4
prepared_meals,0,7.2,10,6.48,19.0
prepared_meals,1,6.92,50,3.46,139.2
prepared_meals,1,10.13,10,9.12,26.5
prepared_meals,6,3.89,20,3.11,33.7
prepared_meals,3,10.5,40,6.3,59.5
prepared_meals,4,2.21,40,1.32,44.7
prepared_meals,0,11.33,10,10.2,31.4
prepared_meals,6,6.26,0,6.26,13.2
prepared_meals,1,10.64,50,5.32,160.8
prepared_meals,6,3.56,10,3.2,16.3
prepared_meals,3,2.76,50,1.38,76.0
prepared_meals,1,4.96,0,4.96,19.0
prepared_meals,6,14.9,10,13.41,17.1
prepared_meals,4,4.97,10,4.47,20.1
prepared_meals,3,9.14,0,9.14,17.5
prepared_meals,1,3.04,0,3.04,19.3
prepared_meals,4,12.65,0,12.65,15.7
prepared_meals,5,14.36,0,14.36,13.0
prepared_meals,3,8.87,40,5.32,49.5
prepared_meals,0,7.42,30,5.2,29.1
prepared_meals,0,5.63,10,5.07,45.9
prepared_meals,6,14.25,0,14.25,19.4
prepared_meals,0,13.2,20,10.56,32.9
prepared_meals,2,11.58,0,11.58,25.3
prepared_meals,3,3.51,0,3.51,11.8
prepared_meals,7,3.48,20,2.79,14.2
prepared_meals,6,8.26,40,4.96,61.2
prepared_meals,5,6.38,20,5.1,23.0
prepared_meals,0,8.91,0,8.91,18.7
prepared_meals,5,14.81,50,7.41,53.6
prepared_meals,4,7.24,0,7.24,17.5
prepared_meals,0,5.84,50,2.92,196.7
prepared_meals,3,4.13,30,2.89,38.1
prepared_meals,7,2.42,10,2.18,14.6
prepared_meals,3,14.28,40,8.57,77.2
prepared_meals,5,5.08,0,5.08,24.0
prepared_meals,2,2.9,0,2.9,18.6
prepared_meals,3,5.43,10,4.89,21.3
prepared_meals,1,3.58,50,1.79,104.2
prepared_meals,3,3.38,0,3.38,9.1
prepared_meals,1,13.48,30,9.44,60.2
prepared_meals,5,7.49,0,7.49,15.9
prepared_meals,7,12.22,0,12.22,18.7
prepared_meals,7,6.67,40,4.0,53.2
prepared_meals,5,13.17,30,9.22,30.5
prepared_meals,0,6.04,10,5.44,29.4
prepared_meals,3,8.76,40,5.26,74.5
prepared_meals,0,4.74,0,4.74,19.4
prepared_meals,1,10.98,0,10.98,24.0
prepared_meals,3,14.0,10,12.6,19.6
prepared_meals,0,11.3,50,5.65,184.1
prepared_meals,1,11.74,0,11.74,21.3
prepared_meals,3,6.34,30,4.44,74.4
prepared_meals,4,8.35,0,8.35,12.6
prepared_meals,1,8.25,10,7.43,20.4
prepared_meals,1,12.05,10,10.85,24.7
prepared_meals,3,12.64,0,12.64,12.3
prepared_meals,1,10.59,20,8.47,26.6
prepared_meals,4,6.42,0,6.42,18.4
prepared_meals,1,4.06,50,2.03,152.2
prepared_meals,1,13.17,10,11.85,26.8
prepared_meals,0,11.55,0,11.55,16.3
prepared_meals,3,9.33,0,9.33,17.2
prepared_meals,3,6.67,20,5.34,23.9
prepared_meals,6,12.98,0,12.98,10.9
prepared_meals,6,10.55,0,10.55,15.7
prepared_meals,0,12.75,0,12.75,19.0
prepared_meals,1,8.05,0,8.05,12.3
prepared_meals,1,4.95,10,4.46,23.2
prepared_meals,5,9.17,40,5.5,43.8
prepared_meals,3,5.03,50,2.52,94.3
prepared_meals,1,6.56,10,5.91,34.5
prepared_meals,2,12.49,40,7.5,59.8
prepared_meals,3,5.17,20,4.14,30.1
prepared_meals,2,10.38,0,10.38,28.2
prepared_meals,6,9.95,50,4.98,131.1
prepared_meals,2,4.13,30,2.89,40.0
prepared_meals,4,14.95,40,8.97,47.3
prepared_meals,6,6.0,0,6.0,19.3
prepared_meals,6,4.39,50,2.19,77.1
prepared_meals,2,13.67,0,13.67,17.6
prepared_meals,0,11.98,40,7.19,69.2
prepared_meals,1,13.38,30,9.37,46.6
prepared_meals,1,13.66,0,13.66,21.3
prepared_meals,0,6.75,30,4.72,54.2
prepared_meals,3,10.06,40,6.04,80.5
prepared_meals,3,3.51,0,3.51,10.5
prepared_meals,2,6.28,10,5.65,30.8
prepared_meals,2,13.27,0,13.27,21.4
prepared_meals,4,12.95,40,7.77,47.8
prepared_meals,7,2.34,50,1.17,72.1
prepared_meals,7,12.68,10,11.41,19.5
prepared_meals,2,5.74,0,5.74,19.9
prepared_meals,0,8.49,30,5.94,48.4
prepared_meals,4,12.23,0,12.23,12.6
prepared_meals,7,2.01,0,2.01,16.7
prepared_meals,4,10.39,30,7.27,50.4
prepared_meals,5,8.08,20,6.46,18.3
prepared_meals,0,13.25,0,13.25,13.1
prepared_meals,3,8.3,0,8.3,11.5
prepared_meals,3,2.57,20,2.06,19.1
prepared_meals,1,3.41,0,3.41,26.8
prepared_meals,6,5.42,20,4.33,20.2
prepared_meals,6,11.44,10,10.3,19.3
prepared_meals,6,6.1,20,4.88,35.8
prepared_meals,5,4.02,10,3.62,26.4
prepared_meals,4,4.47,0,4.47,19.2
prepared_meals,6,12.35,0,12.35,19.4
prepared_meals,4,3.37,20,2.7,37.5
prepared_meals,0,4.98,50,2.49,108.6
prepared_meals,3,2.25,40,1.35,48.5
prepared_meals,6,10.13,20,8.1,21.7
prepared_meals,1,11.75,20,9.4,35.5
prepared_meals,5,14.11,40,8.47,52.4
prepared_meals,7,13.04,30,9.13,34.7
prepared_meals,7,9.69,20,7.76,31.3
prepared_meals,0,13.32,10,11.99,23.8
prepared_meals,7,5.83,0,5.83,16.8
prepared_meals,3,12.64,50,6.32,86.1
prepared_meals,3,7.69,0,7.69,15.6
prepared_meals,6,7.46,0,7.46,12.7
prepared_meals,5,14.71,20,11.77,32.5
prepared_meals,6,2.35,20,1.88,29.4
prepared_meals,6,8.6,20,6.88,14.2
prepared_meals,0,8.54,0,8.54,16.3
prepared_meals,6,6.79,0,6.79,17.1
prepared_meals,4,12.27,50,6.13,77.7
prepared_meals,3,3.46,30,2.42,49.9
prepared_meals,3,2.66,0,2.66,22.6
prepared_meals,6,3.99,20,3.19,26.7
prepared_meals,4,5.41,20,4.32,27.5
prepared_meals,3,13.26,30,9.28,29.5
prepared_meals,1,2.48,0,2.48,17.2
prepared_meals,0,3.24,10,2.91,23.4
prepared_meals,7,6.86,0,6.86,14.7
prepared_meals,6,6.69,40,4.01,35.8
prepared_meals,5,7.55,20,6.04,23.9
prepared_meals,7,6.16,0,6.16,23.5
prepared_meals,1,5.24,0,5.24,18.9
prepared_meals,6,10.02,0,10.02,13.8
prepared_meals,1,6.86,20,5.49,30.8
prepared_meals,4,4.27,40,2.56,31.8
prepared_meals,1,14.72,30,10.3,55.7
prepared_meals,3,6.59,30,4.61,43.4
prepared_meals,5,7.21,50,3.6,58.8
prepared_meals,4,13.15,50,6.58,128.6
prepared_meals,1,8.9,0,8.9,30.7
prepared_meals,6,9.83,0,9.83,15.0
prepared_meals,6,11.81,20,9.45,25.5
prepared_meals,4,11.24,0,11.24,23.4
prepared_meals,6,8.29,0,8.29,17.9
prepared_meals,4,10.68,0,10.68,16.5
prepared_meals,7,13.74,0,13.74,14.1
prepared_meals,2,3.45,40,2.07,51.0
prepared_meals,7,4.49,0,4.49,10.7
prepared_meals,5,8.32,0,8.32,14.9
prepared_meals,5,2.55,30,1.78,50.2
prepared_meals,3,2.79,0,2.79,11.0
prepared_meals,3,6.03,0,6.03,16.3
prepared_meals,7,14.72,10,13.25,20.6
prepared_meals,6,13.86,30,9.7,50.4
prepared_meals,6,4.65,20,3.72,25.3
prepared_meals,6,8.07,0,8.07,11.0
prepared_meals,3,3.23,20,2.58,36.5
prepared_meals,6,14.55,20,11.64,22.3
prepared_meals,5,9.28,30,6.49,21.0
prepared_meals,3,3.9,0,3.9,15.8
prepared_meals,7,7.77,20,6.21,31.2
prepared_meals,1,14.54,40,8.72,59.5
prepared_meals,1,5.26,40,3.16,98.2
prepared_meals,5,2.26,0,2.26,11.6
prepared_meals,7,6.69,0,6.69,12.6
prepared_meals,3,2.59,40,1.55,62.0
prepared_meals,1,14.92,10,13.43,20.2
prepared_meals,1,3.01,0,3.01,20.0
prepared_meals,2,13.85,0,13.85,20.1
prepared_meals,0,4.68,0,4.68,16.1
prepared_meals,2,11.99,0,11.99,23.2
prepared_meals,6,3.04,0,3.04,17.2
prepared_meals,7,3.71,10,3.34,30.0
prepared_meals,4,5.98,40,3.59,60.3
prepared_meals,5,4.8,0,4.8,17.8
prepared_meals,4,12.74,50,6.37,83.7
prepared_meals,2,10.73,0,10.73,21.4
prepared_meals,7,3.63,50,1.82,151.5
prepared_meals,7,14.92,40,8.95,72.8
prepared_meals,6,6.5,0,6.5,14.6
prepared_meals,4,3.08,20,2.46,30.9
prepared_meals,1,7.69,30,5.38,39.5
prepared_meals,1,4.97,50,2.49,71.1
prepared_meals,0,11.05,20,8.84,55.6
prepared_meals,7,10.34,0,10.34,21.5
prepared_meals,0,14.33,0,14.33,24.6
prepared_meals,6,6.69,40,4.01,63.6
prepared_meals,4,4.13,0,4.13,16.7
prepared_meals,7,14.35,20,11.48,21.4
prepared_meals,5,13.79,10,12.41,24.3
prepared_meals,6,8.12,0,8.12,18.0
prepared_meals,2,13.82,10,12.44,18.2
prepared_meals,3,6.01,50,3.01,45.0
prepared_meals,4,4.42,0,4.42,23.7
prepared_meals,4,7.92,50,3.96,80.2
prepared_meals,7,2.59,0,2.59,15.6
prepared_meals,4,4.13,10,3.71,20.8
prepared_meals,1,7.66,50,3.83,99.7
prepared_meals,4,4.22,30,2.95,29.1
prepared_meals,4,6.96,40,4.17,29.9
prepared_meals,5,10.99,20,8.79,15.7
prepared_meals,1,8.13,40,4.88,37.6
prepared_meals,7,9.36,0,9.36,18.9
prepared_meals,5,4.11,10,3.7,16.6
prepared_meals,3,9.48,30,6.63,37.7
prepared_meals,2,13.07,0,13.07,15.3
prepared_meals,0,7.77,0,7.77,16.4
prepared_meals,3,12.19,10,10.97,16.1
prepared_meals,4,11.36,20,9.09,25.3
prepared_meals,4,10.7,20,8.56,23.4
prepared_meals,6,7.66,40,4.59,56.1
prepared_meals,7,10.99,30,7.69,37.1
prepared_meals,5,3.92,20,3.14,36.6
prepared_meals,7,4.95,0,4.95,24.7
prepared_meals,7,3.18,0,3.18,24.1
prepared_meals,3,4.68,50,2.34,91.9
prepared_meals,3,12.12,30,8.48,55.1
prepared_meals,3,5.52,30,3.87,31.2
prepared_meals,1,13.8,30,9.66,42.0
prepared_meals,7,6.49,20,5.19,34.5
prepared_meals,7,14.4,10,12.96,27.8
prepared_meals,2,6.68,10,6.01,23.4
prepared_meals,7,3.2,20,2.56,23.7
prepared_meals,4,10.24,0,10.24,18.5
prepared_meals,7,10.93,10,9.84,22.0
prepared_meals,4,9.71,50,4.86,95.4
prepared_meals,3,6.21,10,5.59,14.5
prepared_meals,2,6.44,0,6.44,15.2
prepared_meals,5,10.1,10,9.09,24.3
prepared_meals,0,12.22,0,12.22,25.6
prepared_meals,2,4.62,40,2.77,79.2
prepared_meals,1,14.92,30,10.44,65.2
prepared_meals,5,4.26,10,3.83,34.6
prepared_meals,5,6.86,0,6.86,15.4
prepared_meals,4,4.67,30,3.27,51.5
prepared_meals,2,14.44,0,14.44,20.4
prepared_meals,7,7.98,30,5.59,28.0
prepared_meals,1,5.05,0,5.05,15.1
prepared_meals,4,5.84,10,5.25,14.7
prepared_meals,2,14.33,10,12.9,14.2
prepared_meals,4,8.69,30,6.08,49.8
prepared_meals,5,10.03,10,9.03,17.8
prepared_meals,7,14.65,20,11.72,42.2
prepared_meals,7,10.94,30,7.66,48.8
prepared_meals,2,9.75,0,9.75,16.5
prepared_meals,5,2.66,0,2.66,24.2
prepared_meals,5,13.01,40,7.81,46.4
prepared_meals,3,10.13,30,7.09,27.2
prepared_meals,7,10.8,0,10.8,16.4
prepared_meals,0,10.48,30,7.34,52.3
prepared_meals,3,14.95,20,11.96,39.1
prepared_meals,6,10.02,10,9.02,28.6
prepared_meals,0,14.08,0,14.08,34.5
prepared_meals,0,5.81,50,2.91,94.0
prepared_meals,1,5.77,0,5.77,19.8
prepared_meals,2,8.84,0,8.84,19.2
prepared_meals,6,12.79,0,12.79,11.9
prepared_meals,2,5.0,50,2.5,96.3
prepared_meals,0,5.28,20,4.23,34.3
prepared_meals,7,9.85,10,8.86,15.2
prepared_meals,4,12.72,20,10.17,32.8
prepared_meals,4,13.74,10,12.36,30.2
prepared_meals,3,10.02,10,9.01,15.0
prepared_meals,6,10.88,0,10.88,12.6
prepared_meals,4,8.28,20,6.63,39.9
prepared_meals,2,11.15,0,11.15,19.7
prepared_meals,5,3.34,40,2.0,51.1
prepared_meals,2,10.6,30,7.42,44.8
prepared_meals,5,14.53,20,11.62,15.6
prepared_meals,7,6.12,40,3.67,59.0
prepared_meals,1,5.51,50,2.76,87.1
prepared_meals,3,14.68,10,13.22,19.1
prepared_meals,7,3.9,10,3.51,20.8
prepared_meals,3,8.26,0,8.26,18.1
prepared_meals,4,13.66,10,12.29,10.1
prepared_meals,7,7.45,0,7.45,9.2
prepared_meals,1,7.37,0,7.37,26.5
prepared_meals,7,5.66,0,5.66,22.0
prepared_meals,1,6.35,20,5.08,38.8
prepared_meals,2,11.65,10,10.49,35.5
prepared_meals,6,14.31,30,10.02,43.8
prepared_meals,1,12.91,40,7.75,62.7
prepared_meals,2,14.97,10,13.47,30.4
prepared_meals,7,13.27,0,13.27,14.7
prepared_meals,3,14.83,0,14.83,13.4
prepared_meals,2,8.46,20,6.77,32.2
prepared_meals,4,13.98,0,13.98,11.9
prepared_meals,4,11.65,0,11.65,15.5
prepared_meals,3,2.54,0,2.54,19.0
prepared_meals,1,11.2,10,10.08,15.7
prepared_meals,3,8.08,50,4.04,90.6
prepared_meals,5,14.74,40,8.84,45.7
prepared_meals,1,9.42,0,9.42,25.8
prepared_meals,7,10.42,30,7.29,26.4
prepared_meals,4,5.69,0,5.69,20.7
prepared_meals,0,11.31,0,11.31,19.6
prepared_meals,3,5.41,20,4.33,37.9
prepared_meals,1,6.36,10,5.72,17.2
prepared_meals,0,8.83,30,6.18,45.3
prepared_meals,3,8.65,30,6.05,41.7
prepared_meals,5,7.7,0,7.7,14.8
prepared_meals,1,13.36,20,10.69,34.7
prepared_meals,5,3.28,30,2.3,38.3
prepared_meals,6,14.41,0,14.41,13.8
prepared_meals,6,10.29,30,7.2,35.1
prepared_meals,1,7.11,10,6.4,25.6
prepared_meals,3,12.07,50,6.03,81.0
prepared_meals,1,12.69,10,11.42,27.0
prepared_meals,6,5.15,0,5.15,15.2
prepared_meals,4,5.03,30,3.52,38.4
prepared_meals,7,13.05,10,11.75,24.1
prepared_meals,1,12.92,0,12.92,21.5
prepared_meals,7,3.4,0,3.4,13.3
prepared_meals,7,5.49,0,5.49,15.8
prepared_meals,6,13.33,0,13.33,12.9
prepared_meals,3,4.04,0,4.04,13.6
prepared_meals,0,7.8,30,5.46,62.0
prepared_meals,7,7.69,50,3.85,137.8
prepared_meals,0,2.68,30,1.87,46.1
prepared_meals,4,5.83,10,5.24,19.7
prepared_meals,6,12.55,20,10.04,30.3
prepared_meals,1,13.93,0,13.93,15.6
prepared_meals,3,10.79,20,8.63,32.6
prepared_meals,7,13.93,30,9.75,39.5
prepared_meals,5,11.54,0,11.54,20.7
prepared_meals,3,3.62,0,3.62,16.7
prepared_meals,1,4.82,20,3.85,57.9
prepared_meals,1,11.89,10,10.7,22.9
prepared_meals,7,11.47,10,10.32,30.1
prepared_meals,7,11.15,10,10.04,9.8
prepared_meals,7,9.71,40,5.82,54.3
prepared_meals,3,6.13,0,6.13,13.9
prepared_meals,3,13.6,50,6.8,84.3
prepared_meals,1,8.5,0,8.5,46.2
prepared_meals,5,3.0,10,2.7,25.0
prepared_meals,2,7.58,0,7.58,15.6
prepared_meals,5,8.66,0,8.66,19.8
prepared_meals,2,2.22,20,1.78,23.8
prepared_meals,0,9.54,0,9.54,22.5
prepared_meals,5,4.6,0,4.6,21.9
prepared_meals,5,11.48,30,8.03,38.8
prepared_meals,2,4.36,0,4.36,21.3
prepared_meals,5,5.17,0,5.17,17.5
prepared_meals,4,7.23,20,5.78,20.2
prepared_meals,0,5.89,40,3.53,57.3
prepared_meals,0,14.63,20,11.71,42.6
prepared_meals,1,13.21,0,13.21,18.0
prepared_meals,0,4.36,0,4.36,24.4
prepared_meals,1,5.55,30,3.89,34.6
prepared_meals,3,7.45,10,6.71,24.6
prepared_meals,5,4.62,20,3.69,34.2
prepared_meals,0,13.6,0,13.6,20.9
prepared_meals,1,12.35,0,12.35,23.6
prepared_meals,5,6.13,30,4.29,38.3
prepared_meals,5,9.17,50,4.59,68.6
prepared_meals,6,12.76,0,12.76,16.0
prepared_meals,2,7.65,10,6.89,23.5
prepared_meals,5,6.14,20,4.91,21.0
prepared_meals,1,14.31,30,10.02,73.7
prepared_meals,6,12.35,40,7.41,61.2
prepared_meals,3,3.71,50,1.86,110.9
prepared_meals,4,13.22,0,13.22,9.7
prepared_meals,3,5.18,0,5.18,15.4
prepared_meals,7,8.73,10,7.86,16.1
prepared_meals,4,3.59,10,3.24,14.1
prepared_meals,6,5.46,30,3.82,26.3
prepared_meals,4,3.35,40,2.01,63.9
prepared_meals,6,11.46,30,8.02,47.4
prepared_meals,6,9.84,20,7.87,19.3
prepared_meals,5,7.94,30,5.56,78.3
prepared_meals,4,7.65,20,6.12,22.4
prepared_meals,7,9.54,50,4.77,78.2
prepared_meals,6,7.4,10,6.66,19.4
prepared_meals,2,12.62,20,10.09,30.3
prepared_meals,2,7.46,10,6.72,30.2
prepared_meals,2,6.75,0,6.75,25.2
prepared_meals,6,9.7,50,4.85,82.4
prepared_meals,0,6.8,50,3.4,145.4
prepared_meals,7,4.1,20,3.28,19.8
prepared_meals,3,3.96,0,3.96,18.3
prepared_meals,4,6.22,0,6.22,15.2
prepared_meals,1,3.59,20,2.88,39.5
prepared_meals,0,9.76,0,9.76,22.9
prepared_meals,6,14.02,10,12.62,14.3
prepared_meals,3,3.19,10,2.87,24.1
prepared_meals,5,7.74,30,5.42,35.9
prepared_meals,2,5.44,40,3.26,56.6
prepared_meals,6,13.6,30,9.52,52.9
prepared_meals,7,9.52,30,6.66,45.4
prepared_meals,1,11.2,0,11.2,19.5
prepared_meals,2,11.22,0,11.22,22.0
prepared_meals,5,13.04,40,7.82,87.5
prepared_meals,6,2.25,0,2.25,11.7
prepared_meals,5,9.01,0,9.01,15.3
prepared_meals,7,9.14,30,6.4,31.9
prepared_meals,4,7.32,30,5.13,37.1
prepared_meals,4,13.37,0,13.37,16.8
prepared_meals,4,2.8,50,1.4,131.5
prepared_meals,3,3.84,50,1.92,131.8
prepared_meals,1,9.66,10,8.69,23.5
prepared_meals,6,3.24,20,2.59,32.2
prepared_meals,4,6.58,20,5.26,21.9
prepared_meals,6,3.22,10,2.9,28.5
prepared_meals,3,3.27,20,2.62,34.6
prepared_meals,0,4.77,50,2.39,216.3
prepared_meals,6,13.3,40,7.98,79.7
prepared_meals,1,2.71,40,1.63,65.0
prepared_meals,5,3.35,20,2.68,24.8
prepared_meals,4,7.88,40,4.73,54.9
prepared_meals,3,9.59,30,6.71,54.6
prepared_meals,2,6.54,40,3.93,98.6
prepared_meals,4,9.76,30,6.83,49.5
prepared_meals,0,9.14,0,9.14,18.1
prepared_meals,0,5.93,50,2.97,100.0
prepared_meals,2,14.13,0,14.13,16.4
prepared_meals,6,11.97,0,11.97,15.2
prepared_meals,4,12.01,20,9.61,20.1
prepared_meals,5,2.44,20,1.95,38.5
prepared_meals,2,12.96,30,9.08,48.9
prepared_meals,0,5.63,40,3.38,77.6
prepared_meals,6,7.73,0,7.73,15.2
prepared_meals,5,7.04,10,6.34,15.8
prepared_meals,3,11.38,10,10.24,22.7
prepared_meals,1,11.55,0,11.55,27.5
prepared_meals,4,2.91,0,2.91,29.1
prepared_meals,1,7.67,0,7.67,26.0
prepared_meals,1,7.67,40,4.6,94.3
prepared_meals,0,2.25,20,1.8,27.3
prepared_meals,2,6.26,30,4.38,50.4
prepared_meals,7,7.65,10,6.89,16.8
prepared_meals,7,5.3,10,4.77,22.6
prepared_meals,7,5.1,50,2.55,83.4
prepared_meals,0,8.49,40,5.09,62.8
prepared_meals,4,11.65,0,11.65,15.1
prepared_meals,6,13.46,10,12.11,13.6
prepared_meals,3,12.94,10,11.65,25.3
prepared_meals,5,3.12,0,3.12,22.6
prepared_meals,5,4.38,20,3.51,24.0
prepared_meals,0,4.46,20,3.57,54.4
prepared_meals,5,13.66,50,6.83,75.3
prepared_meals,7,4.05,50,2.03,139.9
prepared_meals,5,11.86,20,9.49,33.7
prepared_meals,5,13.32,0,13.32,10.5
prepared_meals,7,13.49,30,9.44,41.5
prepared_meals,2,4.52,0,4.52,14.6
prepared_meals,6,3.04,30,2.13,21.3
prepared_meals,3,14.63,0,14.63,15.7
prepared_meals,1,5.17,50,2.59,78.1
prepared_meals,2,2.06,0,2.06,19.3
prepared_meals,5,3.39,0,3.39,15.4
prepared_meals,7,7.39,30,5.17,43.7
prepared_meals,6,10.25,10,9.23,18.7
prepared_meals,2,14.63,0,14.63,24.4
prepared_meals,2,14.13,0,14.13,21.7
prepared_meals,3,5.85,10,5.26,19.8
prepared_meals,4,11.08,20,8.87,28.1
prepared_meals,7,9.97,50,4.98,117.0
prepared_meals,3,4.9,10,4.41,12.9
prepared_meals,3,7.32,20,5.86,42.8
prepared_meals,4,13.38,50,6.69,79.1
prepared_meals,1,5.08,0,5.08,15.9
prepared_meals,1,14.0,50,7.0,153.7
prepared_meals,5,14.44,50,7.22,135.3
prepared_meals,7,13.92,0,13.92,15.2
prepared_meals,1,9.13,10,8.22,28.7
prepared_meals,0,5.05,10,4.55,18.0
prepared_meals,5,6.25,0,6.25,11.3
prepared_meals,5,9.82,50,4.91,100.5
prepared_meals,0,7.82,0,7.82,25.0
prepared_meals,7,7.1,0,7.1,19.5
prepared_meals,2,7.31,10,6.58,16.8
prepared_meals,7,7.05,20,5.64,35.0
prepared_meals,3,5.47,0,5.47,21.8
prepared_meals,4,10.71,0,10.71,19.1
prepared_meals,6,7.76,0,7.76,13.3
prepared_meals,4,10.79,20,8.63,17.5
prepared_meals,5,8.94,20,7.15,23.0
prepared_meals,7,9.29,20,7.43,32.9
prepared_meals,5,2.15,0,2.15,13.9
prepared_meals,1,4.08,10,3.67,14.0
prepared_meals,0,12.85,0,12.85,22.4
prepared_meals,1,7.94,0,7.94,22.0
prepared_meals,3,5.17,50,2.59,93.4
prepared_meals,0,13.88,20,11.1,34.4
prepared_meals,4,8.5,0,8.5,18.1
prepared_meals,6,4.47,40,2.68,75.7
prepared_meals,1,8.42,40,5.05,94.0
prepared_meals,2,7.17,0,7.17,24.9
prepared_meals,1,12.61,10,11.35,17.7
prepared_meals,2,6.85,0,6.85,15.1
prepared_meals,0,6.31,0,6.31,23.5
prepared_meals,2,8.37,10,7.54,31.5
prepared_meals,7,2.4,0,2.4,13.4
prepared_meals,3,13.67,0,13.67,16.7
prepared_meals,0,11.24,40,6.74,128.4
prepared_meals,6,7.49,0,7.49,22.7
prepared_meals,6,2.04,10,1.84,23.9
prepared_meals,4,2.06,10,1.85,23.9
prepared_meals,3,12.89,40,7.73,87.9
prepared_meals,7,2.46,0,2.46,12.8
prepared_meals,2,6.39,20,5.11,39.1
prepared_meals,1,7.72,30,5.4,33.1
prepared_meals,7,10.53,40,6.32,84.2
prepared_meals,0,5.76,40,3.46,97.7
prepared_meals,0,11.9,0,11.9,18.8
prepared_meals,2,9.39,10,8.45,14.8
prepared_meals,3,14.28,50,7.14,88.7
prepared_meals,0,5.92,0,5.92,21.3
prepared_meals,0,4.38,10,3.94,29.3
prepared_meals,6,9.63,50,4.81,65.9
prepared_meals,6,14.18,50,7.09,64.7
prepared_meals,4,4.01,40,2.41,83.0
prepared_meals,2,13.98,0,13.98,20.1
prepared_meals,7,12.8,20,10.24,23.2
prepared_meals,4,2.6,40,1.56,29.7
prepared_meals,4,9.88,0,9.88,21.7
prepared_meals,0,7.6,40,4.56,74.6
prepared_meals,6,8.65,20,6.92,21.2
prepared_meals,7,5.84,10,5.25,21.6
prepared_meals,0,10.28,0,10.28,15.1
prepared_meals,3,10.3,10,9.27,29.4
prepared_meals,5,14.09,50,7.04,133.5
prepared_meals,7,14.38,20,11.5,22.1
prepared_meals,6,4.92,50,2.46,50.0
prepared_meals,1,8.75,20,7.0,27.0
prepared_meals,3,12.1,0,12.1,20.1
prepared_meals,5,4.55,0,4.55,16.3
prepared_meals,6,10.15,20,8.12,38.7
prepared_meals,1,14.47,40,8.68,78.7
prepared_meals,5,6.61,0,6.61,15.0
prepared_meals,5,4.85,10,4.36,16.4
prepared_meals,1,13.49,0,13.49,29.0
prepared_meals,5,14.39,20,11.51,23.2
prepared_meals,6,5.88,20,4.7,28.5
prepared_meals,2,2.6,40,1.56,97.3
prepared_meals,4,4.9,20,3.92,27.5
prepared_meals,5,2.97,0,2.97,16.7
prepared_meals,0,6.01,20,4.81,44.0
prepared_meals,5,5.57,40,3.34,25.7
prepared_meals,7,6.24,0,6.24,14.6
prepared_meals,7,6.44,0,6.44,11.4
prepared_meals,4,3.43,30,2.4,42.1
prepared_meals,4,13.05,10,11.75,18.9
prepared_meals,5,6.42,40,3.85,57.3
prepared_meals,5,2.77,30,1.94,21.1
prepared_meals,4,14.02,20,11.22,19.1
prepared_meals,5,14.66,0,14.66,7.5
prepared_meals,4,10.14,30,7.1,39.7
prepared_meals,6,8.5,0,8.5,15.8
prepared_meals,3,5.1,10,4.59,22.2
prepared_meals,7,4.02,0,4.02,18.2
prepared_meals,5,10.64,40,6.39,86.5
prepared_meals,6,8.66,0,8.66,12.3
prepared_meals,6,12.77,40,7.66,56.5
prepared_meals,6,10.13,40,6.08,71.3
prepared_meals,7,2.53,30,1.77,65.8
prepared_meals,2,7.45,20,5.96,28.9
prepared_meals,1,6.44,0,6.44,21.1
prepared_meals,7,9.17,20,7.34,34.7
prepared_meals,0,10.27,0,10.27,23.8
prepared_meals,2,7.47,50,3.74,59.3
prepared_meals,3,14.05,10,12.64,15.8
prepared_meals,4,11.0,0,11.0,15.8
prepared_meals,4,2.2,40,1.32,62.0
prepared_meals,1,8.49,0,8.49,15.7
prepared_meals,6,5.4,10,4.86,17.5
prepared_meals,1,13.51,50,6.75,73.0
prepared_meals,2,4.34,10,3.91,13.5
prepared_meals,3,8.39,20,6.71,28.8
prepared_meals,0,4.51,50,2.26,149.0
prepared_meals,3,10.27,0,10.27,10.7
prepared_meals,3,6.06,40,3.63,76.6
prepared_meals,0,3.56,0,3.56,12.6
prepared_meals,6,8.94,30,6.26,30.3
prepared_meals,7,10.29,0,10.29,19.1
prepared_meals,7,13.59,10,12.23,21.3
prepared_meals,0,11.42,0,11.42,22.3
prepared_meals,4,2.26,0,2.26,12.2
prepared_meals,3,5.08,10,4.57,18.7
prepared_meals,3,9.39,0,9.39,10.6
prepared_meals,7,13.16,20,10.53,27.2
prepared_meals,1,10.65,0,10.65,22.0
prepared_meals,4,14.47,0,14.47,13.5
prepared_meals,5,2.52,0,2.52,14.8
prepared_meals,4,4.49,20,3.59,29.8
prepared_meals,3,13.96,0,13.96,14.4
prepared_meals,4,14.95,30,10.46,35.3
prepared_meals,2,8.73,0,8.73,21.0
prepared_meals,1,2.51,0,2.51,13.3
prepared_meals,1,9.28,10,8.35,24.8
prepared_meals,5,3.78,0,3.78,12.9
prepared_meals,0,12.26,0,12.26,16.1
prepared_meals,3,11.9,20,9.52,26.7
prepared_meals,1,13.65,20,10.92,33.5
prepared_meals,3,4.48,50,2.24,58.3
prepared_meals,6,2.45,0,2.45,15.7
prepared_meals,2,10.0,20,8.0,30.0
prepared_meals,4,3.43,0,3.43,12.9
prepared_meals,3,14.53,30,10.17,44.7
prepared_meals,6,3.06,20,2.45,22.0
prepared_meals,3,6.76,30,4.73,55.5
prepared_meals,7,12.57,0,12.57,14.2
prepared_meals,2,14.15,10,12.74,30.5
prepared_meals,0,9.98,0,9.98,24.6
prepared_meals,3,5.45,20,4.36,25.5
prepared_meals,2,11.46,30,8.03,30.4
prepared_meals,3,5.7,10,5.13,20.4
prepared_meals,3,3.21,20,2.57,30.0
prepared_meals,6,9.29,10,8.36,24.3
prepared_meals,1,10.58,40,6.35,63.1
prepared_meals,3,4.23,50,2.12,114.9
prepared_meals,5,5.88,40,3.53,32.4
prepared_meals,7,9.75,0,9.75,20.6
prepared_meals,6,11.31,0,11.31,18.6
prepared_meals,5,7.3,0,7.3,11.6
prepared_meals,2,12.62,0,12.62,36.5
prepared_meals,0,3.57,0,3.57,20.0
prepared_meals,7,4.27,20,3.42,34.5
prepared_meals,5,3.38,0,3.38,11.5
prepared_meals,6,3.12,20,2.49,23.4
prepared_meals,6,11.06,0,11.06,14.4
prepared_meals,3,7.27,50,3.63,71.5
prepared_meals,2,3.75,0,3.75,12.4
prepared_meals,2,8.15,0,8.15,14.2
prepared_meals,5,11.07,0,11.07,15.2
prepared_meals,2,2.56,50,1.28,145.5
prepared_meals,4,7.87,0,7.87,11.7
prepared_meals,4,8.0,30,5.6,33.7
prepared_meals,6,9.56,0,9.56,19.2
prepared_meals,0,2.27,0,2.27,14.7
prepared_meals,5,4.51,40,2.7,52.6
prepared_meals,7,5.71,0,5.71,17.0
prepared_meals,5,2.82,20,2.25,28.0
prepared_meals,0,2.79,0,2.79,28.5
prepared_meals,0,5.83,40,3.5,105.7
prepared_meals,7,13.55,0,13.55,15.1
prepared_meals,2,2.73,30,1.91,27.0
prepared_meals,6,12.29,0,12.29,11.7
prepared_meals,6,14.93,50,7.47,87.0
prepared_meals,5,13.32,10,11.99,21.5
prepared_meals,5,4.31,20,3.45,34.4
prepared_meals,4,4.64,50,2.32,105.4
prepared_meals,4,4.4,0,4.4,13.8
prepared_meals,2,12.29,20,9.83,40.0
prepared_meals,3,9.85,30,6.9,43.7
prepared_meals,3,5.17,40,3.1,68.8
prepared_meals,4,4.16,0,4.16,9.3
prepared_meals,3,2.78,0,2.78,13.4
prepared_meals,5,13.41,30,9.39,52.1
prepared_meals,5,13.38,10,12.04,20.1
prepared_meals,1,14.07,0,14.07,16.4
prepared_meals,1,13.34,30,9.34,40.3
prepared_meals,5,4.84,10,4.35,16.8
prepared_meals,4,12.19,0,12.19,14.7
prepared_meals,5,14.95,0,14.95,10.2
prepared_meals,7,4.97,10,4.48,28.9
prepared_meals,7,8.74,0,8.74,15.0
prepared_meals,1,13.79,0,13.79,20.9
prepared_meals,5,2.38,0,2.38,17.6
prepared_meals,3,4.04,40,2.42,68.1
prepared_meals,7,8.73,30,6.11,42.1
prepared_meals,1,9.48,0,9.48,16.2
prepared_meals,0,9.97,20,7.98,49.5
prepared_meals,1,12.21,20,9.77,35.4
prepared_meals,2,13.43,0,13.43,13.7
prepared_meals,7,8.61,40,5.16,42.8
prepared_meals,3,11.35,10,10.21,23.0
prepared_meals,4,14.34,0,14.34,13.1
prepared_meals,6,5.21,0,5.21,18.2
prepared_meals,4,10.57,40,6.34,49.7
prepared_meals,2,7.65,10,6.88,32.8
prepared_meals,4,13.99,40,8.39,53.6
prepared_meals,1,9.36,0,9.36,15.8
prepared_meals,2,2.24,30,1.57,63.5
prepared_meals,3,8.08,0,8.08,12.4
prepared_meals,5,12.81,30,8.97,104.4
prepared_meals,1,7.6,0,7.6,18.1
prepared_meals,7,6.98,0,6.98,12.4
prepared_meals,0,3.47,0,3.47,21.4
prepared_meals,7,14.62,20,11.7,32.5
prepared_meals,1,10.11,0,10.11,12.8
prepared_meals,0,13.57,50,6.79,100.7
prepared_meals,2,13.42,30,9.4,42.6
prepared_meals,2,9.57,40,5.74,86.8
prepared_meals,7,10.25,20,8.2,33.6
prepared_meals,7,10.72,40,6.43,58.8
prepared_meals,0,9.46,20,7.57,33.3
prepared_meals,1,7.32,10,6.59,29.7
prepared_meals,1,11.97,0,11.97,18.1
prepared_meals,0,6.56,20,5.25,26.2
prepared_meals,6,7.92,20,6.33,25.1
prepared_meals,3,8.51,10,7.66,20.1
prepared_meals,2,7.21,0,7.21,27.5
prepared_meals,5,9.22,0,9.22,26.4
prepared_meals,4,8.03,40,4.82,61.7
prepared_meals,5,9.66,20,7.73,20.8
prepared_meals,5,6.48,10,5.83,14.4
prepared_meals,5,8.73,0,8.73,14.7
prepared_meals,7,7.85,0,7.85,15.1
prepared_meals,3,5.02,50,2.51,126.0
prepared_meals,3,6.14,0,6.14,11.4
prepared_meals,0,10.07,50,5.03,150.2
prepared_meals,3,3.5,50,1.75,141.1
prepared_meals,3,8.93,10,8.03,23.8
prepared_meals,7,10.36,0,10.36,15.8
prepared_meals,5,5.66,0,5.66,17.0
prepared_meals,7,14.78,40,8.87,67.7
prepared_meals,6,4.19,30,2.93,39.9
prepared_meals,4,2.31,30,1.62,26.4
prepared_meals,6,5.54,40,3.33,61.1
prepared_meals,4,4.77,10,4.29,16.2
prepared_meals,0,13.43,10,12.09,45.5
prepared_meals,6,3.12,10,2.81,25.9
prepared_meals,6,2.09,10,1.88,12.4
prepared_meals,1,5.2,50,2.6,93.0
prepared_meals,5,3.58,40,2.15,61.8
prepared_meals,7,14.73,40,8.84,58.8
prepared_meals,5,5.52,10,4.96,17.2
prepared_meals,2,5.2,0,5.2,22.7
prepared_meals,1,3.08,20,2.46,50.7
prepared_meals,4,14.71,40,8.82,57.9
prepared_meals,1,12.88,0,12.88,19.4
prepared_meals,6,12.57,30,8.8,42.3
prepared_meals,4,10.36,0,10.36,7.1
prepared_meals,1,11.92,30,8.34,70.0
prepared_meals,4,5.99,0,5.99,21.1
prepared_meals,3,6.02,30,4.21,44.3
prepared_meals,2,2.78,10,2.5,18.8
prepared_meals,3,5.2,30,3.64,33.0
prepared_meals,2,11.03,0,11.03,23.2
prepared_meals,3,14.97,0,14.97,11.3
prepared_meals,6,8.94,20,7.15,30.8
prepared_meals,7,2.75,30,1.93,46.9
prepared_meals,2,8.0,50,4.0,56.8
prepared_meals,6,9.7,30,6.79,51.5
prepared_meals,1,8.13,0,8.13,20.3
prepared_meals,6,3.61,50,1.81,99.0
prepared_meals,3,11.93,30,8.35,50.3
prepared_meals,4,11.57,0,11.57,9.8
prepared_meals,2,4.97,0,4.97,16.3
prepared_meals,2,11.32,40,6.79,62.6
prepared_meals,6,3.87,0,3.87,15.5
prepared_meals,4,12.49,20,9.99,26.1
prepared_meals,7,10.99,10,9.89,19.2
prepared_meals,5,2.16,30,1.51,42.2
prepared_meals,2,3.97,10,3.58,21.4
prepared_meals,6,13.2,0,13.2,12.8
prepared_meals,7,7.9,40,4.74,27.8
prepared_meals,5,4.96,30,3.47,62.7
prepared_meals,6,7.97,30,5.58,32.8
prepared_meals,6,10.03,10,9.03,32.4
prepared_meals,1,5.49,0,5.49,17.2
prepared_meals,1,12.71,30,8.9,59.3
prepared_meals,1,3.07,40,1.84,69.1
prepared_meals,5,6.88,0,6.88,15.3
prepared_meals,5,2.88,50,1.44,119.7
prepared_meals,5,9.77,0,9.77,13.1
prepared_meals,4,2.55,10,2.29,27.8
prepared_meals,5,6.0,10,5.4,23.2
prepared_meals,6,7.31,20,5.85,32.2
prepared_meals,2,9.01,0,9.01,17.2
prepared_meals,5,7.74,0,7.74,15.6
prepared_meals,5,8.5,0,8.5,14.0
prepared_meals,5,3.25,30,2.28,25.3
prepared_meals,3,3.79,30,2.65,51.0
prepared_meals,6,12.92,40,7.75,68.0
prepared_meals,1,3.1,30,2.17,42.0
prepared_meals,2,10.37,10,9.33,20.6
prepared_meals,0,11.3,20,9.04,30.4
prepared_meals,3,11.93,0,11.93,20.1
prepared_meals,5,11.23,20,8.99,23.8
prepared_meals,5,11.38,20,9.11,17.7
prepared_meals,4,14.9,50,7.45,97.6
prepared_meals,5,4.87,30,3.41,24.8
prepared_meals,0,4.43,0,4.43,22.2
prepared_meals,3,11.91,10,10.72,17.9
prepared_meals,4,2.31,10,2.08,31.1
prepared_meals,5,10.39,40,6.24,53.6
prepared_meals,4,14.87,50,7.44,81.7
prepared_meals,4,6.14,0,6.14,29.8
prepared_meals,4,3.86,0,3.86,17.1
prepared_meals,7,11.8,0,11.8,24.1
prepared_meals,5,12.37,0,12.37,17.9
prepared_meals,6,7.78,0,7.78,17.4
prepared_meals,5,11.8,40,7.08,81.8
prepared_meals,4,3.17,50,1.59,115.5
prepared_meals,1,2.91,30,2.03,42.5
prepared_meals,4,13.36,10,12.02,19.8
prepared_meals,4,11.95,30,8.37,23.1
prepared_meals,0,12.83,0,12.83,18.7
prepared_meals,0,14.64,30,10.25,77.4
prepared_meals,1,3.33,10,3.0,16.1
prepared_meals,5,9.55,20,7.64,20.4
prepared_meals,3,3.69,40,2.22,86.2
prepared_meals,7,10.67,0,10.67,11.4
prepared_meals,6,13.44,10,12.1,27.7
prepared_meals,1,5.51,30,3.86,48.0
prepared_meals,1,14.15,50,7.07,161.5
prepared_meals,6,4.98,0,4.98,9.8
prepared_meals,6,3.19,20,2.55,21.4
prepared_meals,4,7.94,30,5.56,27.9
prepared_meals,3,12.51,40,7.51,72.2
prepared_meals,7,8.8,0,8.8,16.7
prepared_meals,2,13.54,0,13.54,22.3
prepared_meals,4,8.86,40,5.31,62.2
prepared_meals,2,6.29,0,6.29,19.6
prepared_meals,2,14.89,10,13.4,39.4
prepared_meals,6,8.46,10,7.61,19.2
prepared_meals,6,4.04,0,4.04,8.3
prepared_meals,5,11.37,40,6.82,56.5
prepared_meals,5,7.94,10,7.14,17.8
prepared_meals,7,5.23,0,5.23,12.7
prepared_meals,3,11.98,0,11.98,21.1
prepared_meals,3,4.72,20,3.77,21.1
prepared_meals,4,7.76,20,6.21,25.7
prepared_meals,2,6.77,20,5.41,27.2
prepared_meals,1,5.76,50,2.88,92.8
prepared_meals,0,12.2,30,8.54,69.8
prepared_meals,0,6.95,40,4.17,77.0
prepared_meals,1,8.17,50,4.09,97.3
prepared_meals,1,9.07,40,5.44,80.3
prepared_meals,5,9.4,50,4.7,100.9
prepared_meals,1,9.89,20,7.91,45.8
prepared_meals,2,13.35,0,13.35,18.5
prepared_meals,4,14.78,20,11.82,18.9
prepared_meals,2,13.2,30,9.24,28.8
prepared_meals,5,13.45,50,6.72,109.0
prepared_meals,6,13.13,10,11.82,23.0
prepared_meals,2,5.52,0,5.52,17.5
prepared_meals,1,5.98,0,5.98,22.7
prepared_meals,7,7.53,0,7.53,14.6
prepared_meals,3,3.76,0,3.76,20.9
prepared_meals,5,7.5,40,4.5,57.9
prepared_meals,1,6.52,30,4.56,58.2
prepared_meals,2,7.47,30,5.23,24.4
prepared_meals,2,2.68,0,2.68,18.8
prepared_meals,0,10.77,0,10.77,24.6
prepared_meals,4,6.53,0,6.53,12.9
prepared_meals,1,12.33,10,11.1,18.4
prepared_meals,1,3.52,30,2.46,49.7
prepared_meals,4,2.33,30,1.63,29.1
prepared_meals,2,13.03,0,13.03,20.5
prepared_meals,3,4.44,30,3.11,33.8
prepared_meals,7,6.43,30,4.5,53.7
prepared_meals,6,3.27,20,2.62,24.4
prepared_meals,7,7.26,10,6.54,21.7
prepared_meals,2,7.76,0,7.76,21.3
prepared_meals,5,11.66,50,5.83,101.5
prepared_meals,6,14.33,10,12.9,22.9
prepared_meals,5,4.58,20,3.66,19.8
prepared_meals,3,3.24,30,2.26,42.7
prepared_meals,1,11.55,0,11.55,13.9
prepared_meals,7,8.54,50,4.27,64.7
prepared_meals,1,2.37,0,2.37,12.6
prepared_meals,1,14.7,40,8.82,90.2
prepared_meals,1,7.77,20,6.21,39.3
prepared_meals,3,7.29,10,6.56,15.4
prepared_meals,4,2.65,0,2.65,15.0
prepared_meals,4,2.17,20,1.74,29.7
prepared_meals,7,9.2,30,6.44,32.0
prepared_meals,5,8.37,30,5.86,38.1
prepared_meals,3,3.12,0,3.12,23.3
prepared_meals,5,4.91,10,4.41,14.8
prepared_meals,7,14.39,0,14.39,8.6
prepared_meals,4,13.34,50,6.67,78.0
prepared_meals,1,5.05,30,3.53,51.2
prepared_meals,3,8.4,30,5.88,42.0
prepared_meals,3,8.86,0,8.86,13.5
prepared_meals,0,10.0,0,10.0,39.8
prepared_meals,2,8.0,0,8.0,17.3
prepared_meals,1,13.53,20,10.83,24.8
prepared_meals,6,4.04,30,2.83,30.1
prepared_meals,7,2.67,0,2.67,16.3
prepared_meals,2,3.57,0,3.57,16.9
prepared_meals,7,7.16,0,7.16,9.7
prepared_meals,0,11.78,0,11.78,22.6
prepared_meals,0,3.75,0,3.75,20.2
prepared_meals,4,12.86,20,10.28,26.3
prepared_meals,6,13.87,10,12.48,23.4
prepared_meals,6,11.93,30,8.35,33.9
prepared_meals,1,7.29,40,4.37,68.4
prepared_meals,0,3.95,40,2.37,90.0
prepared_meals,5,2.5,10,2.25,20.5
prepared_meals,0,3.76,0,3.76,14.8
prepared_meals,7,3.54,10,3.18,16.0
prepared_meals,1,6.48,0,6.48,25.6
prepared_meals,1,11.15,40,6.69,93.4
prepared_meals,6,12.44,10,11.19,19.5
prepared_meals,7,5.32,10,4.79,20.6
prepared_meals,0,11.34,40,6.81,61.5
prepared_meals,2,2.39,20,1.91,28.4
prepared_meals,7,4.59,30,3.21,29.8
prepared_meals,3,14.71,20,11.77,20.9
prepared_meals,0,5.09,40,3.06,43.8
prepared_meals,5,9.69,30,6.78,29.4
prepared_meals,0,12.71,0,12.71,17.5
prepared_meals,1,7.78,0,7.78,22.5
prepared_meals,2,4.46,0,4.46,20.4
prepared_meals,6,11.12,30,7.79,38.1
prepared_meals,0,8.9,40,5.34,63.9
prepared_meals,1,11.94,20,9.55,25.8
prepared_meals,7,3.71,10,3.34,18.8
prepared_meals,3,14.46,50,7.23,85.1
prepared_meals,3,12.92,0,12.92,15.7
prepared_meals,2,10.67,10,9.6,21.7
prepared_meals,0,12.71,30,8.9,51.9
prepared_meals,2,9.51,20,7.61,21.4
prepared_meals,3,9.36,0,9.36,17.5
prepared_meals,7,2.03,20,1.63,41.3
prepared_meals,0,2.64,0,2.64,13.6
prepared_meals,0,9.62,40,5.77,115.4
prepared_meals,2,3.94,40,2.37,53.8
prepared_meals,6,8.22,10,7.4,23.2
prepared_meals,0,11.21,10,10.09,22.3
prepared_meals,6,7.16,0,7.16,13.1
prepared_meals,3,5.85,50,2.93,149.3
prepared_meals,6,8.79,30,6.15,46.5
prepared_meals,5,4.05,50,2.03,142.2
prepared_meals,7,8.62,10,7.75,16.8
prepared_meals,2,10.44,20,8.35,28.6
prepared_meals,6,14.75,10,13.28,16.8
prepared_meals,1,2.84,40,1.7,124.5
prepared_meals,7,6.9,0,6.9,17.9
prepared_meals,0,12.09,10,10.88,38.4
prepared_meals,4,12.32,10,11.09,19.8
prepared_meals,1,4.09,20,3.27,30.6
prepared_meals,1,8.59,50,4.29,81.3
prepared_meals,2,7.28,0,7.28,13.7
prepared_meals,0,14.1,10,12.69,19.4
prepared_meals,6,8.53,0,8.53,15.9
prepared_meals,5,7.27,0,7.27,17.3
prepared_meals,3,13.64,0,13.64,23.1
prepared_meals,2,5.9,20,4.72,29.9
prepared_meals,7,8.62,10,7.76,16.0
prepared_meals,6,3.58,50,1.79,156.1
prepared_meals,0,5.44,20,4.35,47.2
prepared_meals,5,3.57,40,2.14,40.7
prepared_meals,5,2.03,20,1.62,24.6
prepared_meals,7,9.97,50,4.98,90.6
prepared_meals,3,9.36,10,8.43,24.5
prepared_meals,0,10.34,30,7.24,57.7
prepared_meals,6,14.29,30,10.0,32.2
prepared_meals,5,3.29,10,2.96,18.1
prepared_meals,7,6.92,20,5.54,28.0
prepared_meals,0,14.3,50,7.15,97.0
prepared_meals,7,9.47,30,6.63,29.5
prepared_meals,1,13.78,50,6.89,103.0
prepared_meals,3,5.87,0,5.87,14.6
prepared_meals,3,11.26,0,11.26,16.8
prepared_meals,6,3.31,0,3.31,12.0
prepared_meals,0,14.0,0,14.0,22.5
prepared_meals,4,12.57,20,10.06,29.4
prepared_meals,4,8.1,0,8.1,11.9
prepared_meals,1,3.86,20,3.09,19.2
prepared_meals,5,9.94,0,9.94,11.7
prepared_meals,6,5.32,40,3.19,43.6
prepared_meals,0,13.27,30,9.29,42.6
prepared_meals,3,4.02,30,2.82,29.5
prepared_meals,1,10.22,20,8.18,71.4
prepared_meals,7,9.29,50,4.65,63.2
prepared_meals,1,6.11,10,5.5,18.5
prepared_meals,0,7.52,20,6.02,28.0
prepared_meals,2,12.77,10,11.49,27.8
prepared_meals,7,8.38,0,8.38,24.5
prepared_meals,5,7.51,30,5.26,45.5
prepared_meals,2,11.34,20,9.07,37.4
prepared_meals,1,7.01,0,7.01,25.1
prepared_meals,6,7.07,50,3.54,89.5
prepared_meals,1,14.23,20,11.39,32.3
prepared_meals,0,4.99,0,4.99,16.2
prepared_meals,2,2.44,0,2.44,11.3
prepared_meals,3,6.57,50,3.29,92.8
prepared_meals,5,9.37,40,5.62,55.4
prepared_meals,0,14.46,0,14.46,17.2
prepared_meals,6,2.36,30,1.65,23.3
prepared_meals,0,10.75,50,5.37,219.6
prepared_meals,1,9.27,0,9.27,23.8
prepared_meals,2,10.32,20,8.26,50.8
prepared_meals,2,10.66,30,7.46,24.6
prepared_meals,6,11.31,30,7.92,43.4
prepared_meals,2,9.43,50,4.71,100.5
prepared_meals,6,9.67,40,5.8,81.5
prepared_meals,0,9.11,20,7.29,54.5
prepared_meals,4,15.0,30,10.5,53.3
prepared_meals,2,4.11,0,4.11,13.2
prepared_meals,4,12.54,0,12.54,8.6
prepared_meals,2,4.71,20,3.77,21.4
prepared_meals,1,9.83,10,8.85,20.2
prepared_meals,7,13.19,0,13.19,17.6
prepared_meals,4,12.08,0,12.08,17.1
prepared_meals,6,4.2,0,4.2,15.8
prepared_meals,4,6.24,0,6.24,12.8
prepared_meals,7,4.88,0,4.88,13.7
prepared_meals,2,10.94,20,8.76,43.3
prepared_meals,7,3.52,20,2.82,30.0
prepared_meals,7,11.7,30,8.19,23.0
prepared_meals,7,14.07,30,9.85,65.1
prepared_meals,7,11.67,30,8.17,38.6
prepared_meals,5,8.44,0,8.44,18.9
prepared_meals,7,7.19,20,5.75,19.8
prepared_meals,0,4.62,40,2.77,72.1
prepared_meals,2,2.15,30,1.5,48.9
prepared_meals,2,11.33,10,10.2,27.2
prepared_meals,0,5.23,10,4.71,31.3
prepared_meals,6,7.82,30,5.48,33.5
prepared_meals,7,13.36,10,12.03,34.2
prepared_meals,1,6.81,0,6.81,20.1
prepared_meals,2,10.48,40,6.29,70.7
prepared_meals,5,5.85,40,3.51,56.6
prepared_meals,2,10.62,0,10.62,22.0
prepared_meals,7,11.32,0,11.32,16.8
prepared_meals,5,11.08,0,11.08,9.4
prepared_meals,2,7.65,50,3.82,148.1
prepared_meals,2,13.11,30,9.18,36.8
prepared_meals,6,7.38,30,5.17,66.0
prepared_meals,7,11.46,10,10.31,21.3
prepared_meals,2,2.66,50,1.33,99.2
prepared_meals,3,3.66,40,2.2,82.5
prepared_meals,5,11.78,50,5.89,78.3
prepared_meals,7,13.86,10,12.48,22.8
prepared_meals,0,10.53,30,7.37,49.4
prepared_meals,6,8.63,0,8.63,10.1
prepared_meals,7,6.14,0,6.14,12.4
prepared_meals,3,14.7,0,14.7,10.6
prepared_meals,1,10.06,0,10.06,17.6
prepared_meals,7,10.45,20,8.36,27.8
prepared_meals,6,2.56,20,2.05,44.8
prepared_meals,7,12.13,0,12.13,21.7
prepared_meals,4,14.54,50,7.27,58.9
prepared_meals,1,2.28,40,1.37,65.3
prepared_meals,6,11.44,50,5.72,91.6
prepared_meals,6,5.09,50,2.54,101.5
prepared_meals,0,5.52,0,5.52,22.1
prepared_meals,5,3.79,0,3.79,16.0
prepared_meals,7,12.47,50,6.23,168.5
prepared_meals,7,9.6,20,7.68,22.7
prepared_meals,2,14.25,30,9.98,36.9
prepared_meals,1,7.31,0,7.31,15.1
prepared_meals,4,13.24,10,11.92,16.1
prepared_meals,4,5.52,50,2.76,78.5
prepared_meals,2,13.33,30,9.33,48.3
prepared_meals,4,14.03,30,9.82,48.9
prepared_meals,6,5.69,30,3.98,45.0
prepared_meals,2,7.66,30,5.36,49.0
prepared_meals,6,12.12,30,8.48,37.8
prepared_meals,2,7.3,40,4.38,99.6
prepared_meals,3,11.32,10,10.19,24.2
prepared_meals,6,12.8,50,6.4,76.6
prepared_meals,2,9.14,40,5.49,70.6
prepared_meals,1,9.63,20,7.71,27.5
prepared_meals,2,11.38,20,9.1,20.8
prepared_meals,7,3.36,0,3.36,17.5
prepared_meals,2,7.27,0,7.27,27.3
prepared_meals,5,8.96,0,8.96,13.2
prepared_meals,7,8.25,0,8.25,11.6
prepared_meals,2,12.57,30,8.8,34.9
prepared_meals,0,11.55,40,6.93,76.4
prepared_meals,0,11.22,20,8.98,37.3
prepared_meals,1,8.87,40,5.32,81.6
prepared_meals,5,5.66,0,5.66,24.0
prepared_meals,1,6.85,50,3.43,113.0
prepared_meals,3,11.87,30,8.31,26.3
prepared_meals,5,13.16,0,13.16,23.1
prepared_meals,7,2.53,0,2.53,12.2
prepared_meals,3,7.12,20,5.7,35.9
prepared_meals,4,8.03,0,8.03,13.1
prepared_meals,4,12.07,20,9.66,39.0
prepared_meals,1,11.99,10,10.8,27.9
prepared_meals,6,2.09,0,2.09,17.1
prepared_meals,2,3.07,0,3.07,15.4
prepared_meals,6,11.58,50,5.79,61.9
prepared_meals,5,12.05,20,9.64,28.3
prepared_meals,1,4.57,10,4.11,31.9
prepared_meals,4,5.49,30,3.84,33.6
prepared_meals,1,6.84,0,6.84,22.8
prepared_meals,6,9.91,0,9.91,16.4
prepared_meals,4,9.39,40,5.63,30.6
prepared_meals,0,8.41,10,7.57,24.7
prepared_meals,3,14.44,20,11.55,21.7
prepared_meals,2,3.1,20,2.48,24.6
prepared_meals,4,9.9,0,9.9,11.0
prepared_meals,5,2.22,10,2.0,18.1
prepared_meals,3,8.32,10,7.49,29.6
prepared_meals,3,9.84,0,9.84,14.4
prepared_meals,5,14.65,40,8.79,36.5
prepared_meals,7,11.72,10,10.55,29.0
prepared_meals,5,12.65,0,12.65,10.0
prepared_meals,4,6.8,10,6.12,28.1
prepared_meals,3,6.8,0,6.8,9.7
prepared_meals,2,3.29,0,3.29,11.1
prepared_meals,2,3.76,0,3.76,18.4
prepared_meals,4,6.95,40,4.17,48.2
prepared_meals,2,6.84,0,6.84,14.8
prepared_meals,2,7.35,0,7.35,11.7
prepared_meals,3,12.57,20,10.06,13.9
prepared_meals,7,8.92,40,5.35,34.8
prepared_meals,2,12.5,0,12.5,11.8
prepared_meals,6,10.71,20,8.57,31.7
prepared_meals,4,10.18,40,6.11,56.1
prepared_meals,7,11.81,20,9.45,21.0
prepared_meals,0,10.46,30,7.32,56.0
prepared_meals,0,13.04,0,13.04,19.8
prepared_meals,3,8.4,20,6.72,27.0
prepared_meals,3,7.86,0,7.86,10.3
prepared_meals,7,13.89,30,9.72,32.4
prepared_meals,4,5.55,0,5.55,13.2
prepared_meals,7,11.17,50,5.58,93.5
prepared_meals,4,3.89,30,2.72,36.7
prepared_meals,6,12.71,40,7.63,48.2
prepared_meals,3,9.12,20,7.3,19.9
prepared_meals,3,5.77,0,5.77,14.7
prepared_meals,2,7.9,10,7.11,22.8
prepared_meals,7,4.73,40,2.84,76.4
prepared_meals,2,4.45,40,2.67,97.0
prepared_meals,7,10.32,50,5.16,78.7
prepared_meals,6,5.92,30,4.15,36.5
prepared_meals,4,13.46,20,10.77,25.7
prepared_meals,6,11.63,20,9.3,16.2
prepared_meals,7,13.06,50,6.53,74.6
prepared_meals,3,3.57,10,3.21,24.5
prepared_meals,4,5.51,0,5.51,14.2
prepared_meals,2,13.54,20,10.83,56.0
prepared_meals,2,4.76,10,4.28,21.1
prepared_meals,7,9.08,40,5.45,58.4
prepared_meals,7,10.47,0,10.47,11.5
prepared_meals,3,10.61,40,6.37,82.5
prepared_meals,4,13.52,20,10.82,21.0
prepared_meals,7,8.12,0,8.12,12.9
prepared_meals,2,2.1,30,1.47,65.0
prepared_meals,4,7.24,50,3.62,83.9
prepared_meals,3,14.95,30,10.47,30.7
prepared_meals,5,4.02,40,2.41,41.5
prepared_meals,6,14.18,10,12.76,14.7
prepared_meals,3,4.0,30,2.8,43.7
prepared_meals,7,4.98,50,2.49,61.2
prepared_meals,0,10.68,10,9.61,27.2
prepared_meals,4,4.09,50,2.05,49.6
prepared_meals,1,3.93,0,3.93,22.9
prepared_meals,0,10.37,30,7.26,48.2
prepared_meals,7,8.45,30,5.91,36.0
prepared_meals,7,6.83,50,3.42,129.7
prepared_meals,2,5.49,20,4.39,40.4
prepared_meals,0,11.99,50,6.0,179.8
prepared_meals,5,12.04,10,10.83,14.5
prepared_meals,3,7.83,30,5.48,48.7
prepared_meals,7,14.5,20,11.6,20.7
prepared_meals,5,4.4,0,4.4,9.7
prepared_meals,5,4.86,10,4.37,23.0
prepared_meals,6,11.58,0,11.58,13.8
prepared_meals,7,7.68,0,7.68,16.8
prepared_meals,2,4.01,40,2.4,103.9
prepared_meals,4,6.14,40,3.69,50.8
prepared_meals,4,6.53,30,4.57,32.4
prepared_meals,5,9.94,30,6.96,41.7
prepared_meals,6,6.42,0,6.42,20.1
prepared_meals,0,11.15,30,7.8,68.4
prepared_meals,6,11.62,0,11.62,13.9
prepared_meals,1,13.23,0,13.23,15.3
prepared_meals,3,5.75,20,4.6,20.6
prepared_meals,1,13.73,50,6.86,106.7
prepared_meals,4,5.04,0,5.04,13.1
prepared_meals,5,9.9,30,6.93,44.2
prepared_meals,2,5.74,0,5.74,23.2
prepared_meals,5,12.57,10,11.31,30.2
prepared_meals,7,5.98,40,3.59,51.6
prepared_meals,1,8.51,20,6.81,36.3
prepared_meals,5,4.69,10,4.22,18.4
prepared_meals,6,12.46,0,12.46,13.8
prepared_meals,4,8.11,0,8.11,15.6
prepared_meals,1,9.31,50,4.65,74.7
prepared_meals,5,3.41,10,3.07,26.6
prepared_meals,1,8.11,0,8.11,15.3
prepared_meals,0,6.83,40,4.1,88.1
prepared_meals,7,12.63,0,12.63,13.3
prepared_meals,4,11.43,0,11.43,12.7
prepared_meals,0,3.19,10,2.87,35.8
prepared_meals,6,9.23,0,9.23,16.5
prepared_meals,2,8.66,40,5.2,88.9
prepared_meals,5,8.84,20,7.07,18.5
prepared_meals,7,9.24,50,4.62,157.6
prepared_meals,4,9.35,0,9.35,11.9
prepared_meals,0,13.72,10,12.35,32.5
prepared_meals,0,11.05,0,11.05,18.5
prepared_meals,6,10.99,40,6.59,55.0
prepared_meals,4,9.85,0,9.85,13.7
prepared_meals,3,14.29,20,11.43,26.9
prepared_meals,0,2.99,0,2.99,18.8
prepared_meals,7,8.36,50,4.18,67.0
prepared_meals,2,8.43,30,5.9,62.6
prepared_meals,4,9.6,0,9.6,10.9
prepared_meals,6,13.77,40,8.26,59.4
prepared_meals,0,12.13,20,9.7,41.6
prepared_meals,0,10.82,0,10.82,18.6
prepared_meals,1,5.21,0,5.21,19.2
prepared_meals,2,6.35,50,3.17,89.3
prepared_meals,0,10.62,0,10.62,17.8
prepared_meals,4,11.22,0,11.22,21.6
prepared_meals,7,6.2,0,6.2,20.0
prepared_meals,3,15.0,0,15.0,17.3
prepared_meals,1,13.18,40,7.91,61.9
prepared_meals,0,12.18,30,8.53,58.6
prepared_meals,1,12.66,0,12.66,20.7
prepared_meals,4,8.82,40,5.29,62.4
prepared_meals,6,5.71,10,5.14,13.2
prepared_meals,7,5.23,10,4.71,13.8
prepared_meals,6,11.62,50,5.81,90.1
prepared_meals,3,12.59,50,6.3,107.8
prepared_meals,2,2.4,20,1.92,35.7
prepared_meals,6,2.81,10,2.53,24.7
prepared_meals,4,2.1,20,1.68,28.9
prepared_meals,4,14.02,30,9.81,36.2
prepared_meals,3,4.14,20,3.31,24.7
prepared_meals,4,8.87,40,5.32,38.3
prepared_meals,6,10.95,20,8.76,20.5
prepared_meals,4,13.92,30,9.74,33.7
prepared_meals,4,14.95,50,7.48,118.9
prepared_meals,6,2.7,0,2.7,19.1
prepared_meals,5,7.24,0,7.24,9.6
prepared_meals,7,9.45,30,6.62,39.9
prepared_meals,0,4.47,0,4.47,37.0
prepared_meals,5,7.94,20,6.35,17.6
prepared_meals,5,3.51,40,2.11,51.8
prepared_meals,0,4.43,0,4.43,22.0
prepared_meals,4,14.1,0,14.1,13.2
prepared_meals,3,11.89,50,5.95,88.7
prepared_meals,1,11.24,50,5.62,165.9
prepared_meals,6,12.36,0,12.36,12.7
prepared_meals,6,2.47,0,2.47,13.9
prepared_meals,4,7.67,20,6.13,35.1
prepared_meals,2,10.81,0,10.81,23.5
prepared_meals,4,7.84,0,7.84,12.7
prepared_meals,3,2.82,10,2.54,14.4
prepared_meals,4,13.41,30,9.38,69.9
prepared_meals,4,7.6,0,7.6,16.6
prepared_meals,7,13.63,0,13.63,23.7
prepared_meals,3,5.04,40,3.02,39.8
prepared_meals,5,10.7,0,10.7,18.0
prepared_meals,4,7.23,0,7.23,14.4
prepared_meals,0,2.07,10,1.86,26.3
prepared_meals,5,11.38,0,11.38,12.0
prepared_meals,3,4.35,10,3.92,17.6
prepared_meals,1,7.41,10,6.67,40.1
prepared_meals,5,6.58,40,3.95,44.1
prepared_meals,2,11.58,20,9.26,39.5
prepared_meals,7,13.17,30,9.22,37.6
prepared_meals,6,8.05,0,8.05,8.8
prepared_meals,0,11.49,10,10.34,27.2
prepared_meals,4,9.24,0,9.24,11.6
prepared_meals,2,11.75,0,11.75,17.1
prepared_meals,3,10.59,10,9.53,16.2
prepared_meals,6,9.79,40,5.87,89.5
prepared_meals,6,10.22,40,6.13,52.1
prepared_meals,0,12.34,40,7.4,85.9
prepared_meals,3,4.3,0,4.3,17.3
prepared_meals,7,3.1,0,3.1,19.9
prepared_meals,0,4.58,30,3.21,33.9
prepared_meals,7,9.36,0,9.36,19.5
prepared_meals,4,10.62,20,8.5,26.8
prepared_meals,7,9.61,0,9.61,20.6
prepared_meals,4,12.4,0,12.4,16.1
prepared_meals,3,7.99,0,7.99,15.6
prepared_meals,2,9.45,0,9.45,18.2
prepared_meals,6,9.55,0,9.55,14.9
prepared_meals,0,4.63,0,4.63,19.3
prepared_meals,5,11.87,10,10.69,24.9
prepared_meals,0,4.35,0,4.35,13.1
prepared_meals,0,2.29,20,1.83,51.2
prepared_meals,7,8.64,30,6.05,43.1
prepared_meals,0,13.97,0,13.97,15.3
prepared_meals,3,11.48,50,5.74,67.4
prepared_meals,2,5.94,10,5.35,22.4
prepared_meals,2,3.57,20,2.86,47.4
prepared_meals,0,4.29,0,4.29,14.5
prepared_meals,3,11.04,30,7.73,32.3
prepared_meals,5,12.68,0,12.68,14.3
prepared_meals,6,6.42,0,6.42,13.1
prepared_meals,0,13.82,20,11.06,46.0
prepared_meals,0,4.63,10,4.17,20.1
prepared_meals,4,13.61,10,12.25,21.3
prepared_meals,6,14.3,30,10.01,46.7
prepared_meals,2,9.5,0,9.5,23.8
prepared_meals,0,7.61,0,7.61,30.4
prepared_meals,1,13.23,30,9.26,50.9
prepared_meals,0,10.14,0,10.14,18.7
prepared_meals,7,3.71,20,2.97,29.3
prepared_meals,5,8.7,30,6.09,52.6
prepared_meals,7,5.58,10,5.03,13.2
prepared_meals,7,12.17,0,12.17,35.2
prepared_meals,5,6.82,0,6.82,18.1
prepared_meals,4,12.88,0,12.88,13.7
prepared_meals,4,3.99,30,2.79,50.2
prepared_meals,4,3.09,20,2.47,17.6
prepared_meals,3,13.39,40,8.03,42.8
prepared_meals,1,12.68,0,12.68,14.1
prepared_meals,5,3.79,0,3.79,14.8
prepared_meals,7,3.97,0,3.97,18.0
prepared_meals,1,13.89,40,8.33,85.7
prepared_meals,4,13.49,20,10.79,34.5
prepared_meals,5,6.6,0,6.6,11.1
prepared_meals,7,7.84,0,7.84,15.4
prepared_meals,2,14.22,0,14.22,20.1
prepared_meals,2,9.05,0,9.05,22.5
prepared_meals,4,4.27,0,4.27,13.2
prepared_meals,5,12.25,0,12.25,13.4
prepared_meals,7,14.27,10,12.85,17.1
prepared_meals,7,7.49,40,4.49,50.1
prepared_meals,0,4.69,0,4.69,14.1
prepared_meals,7,14.07,20,11.25,19.6
prepared_meals,1,2.58,30,1.81,45.6
prepared_meals,6,4.91,30,3.43,30.5
prepared_meals,5,10.04,0,10.04,14.9
prepared_meals,0,14.73,30,10.31,52.6
prepared_meals,4,2.27,0,2.27,12.4
prepared_meals,0,14.1,10,12.69,44.6
prepared_meals,0,6.86,50,3.43,140.3
prepared_meals,2,11.67,10,10.51,33.8
prepared_meals,5,14.69,50,7.34,84.4
prepared_meals,6,2.53,10,2.28,13.4
prepared_meals,1,13.3,50,6.65,148.4
prepared_meals,2,6.29,0,6.29,18.9
prepared_meals,1,13.91,30,9.74,79.8
prepared_meals,1,7.49,0,7.49,33.0
prepared_meals,2,8.37,20,6.7,20.1
prepared_meals,3,2.53,10,2.28,18.4
prepared_meals,3,5.0,0,5.0,15.8
prepared_meals,4,7.41,30,5.18,25.0
prepared_meals,0,11.91,0,11.91,25.6
prepared_meals,7,14.35,10,12.92,20.7
prepared_meals,3,8.11,30,5.67,44.6
prepared_meals,6,4.2,50,2.1,181.6
prepared_meals,4,8.47,10,7.62,20.1
prepared_meals,3,10.59,0,10.59,12.9
prepared_meals,3,14.51,0,14.51,14.1
prepared_meals,2,13.07,0,13.07,16.3
prepared_meals,2,5.12,50,2.56,116.0
prepared_meals,1,3.81,20,3.05,25.9
prepared_meals,4,9.06,10,8.16,22.3
prepared_meals,2,11.29,0,11.29,11.2
prepared_meals,0,14.0,40,8.4,75.2
prepared_meals,1,6.08,0,6.08,18.6
prepared_meals,4,8.84,30,6.19,45.9
prepared_meals,6,13.27,0,13.27,11.4
prepared_meals,2,2.55,0,2.55,14.5
prepared_meals,1,5.84,0,5.84,22.0
prepared_meals,7,10.84,0,10.84,18.4
prepared_meals,1,12.54,50,6.27,99.6
prepared_meals,6,13.43,20,10.74,24.3
prepared_meals,0,12.64,0,12.64,23.0
prepared_meals,1,8.67,50,4.33,115.2
prepared_meals,6,2.77,20,2.21,12.7
prepared_meals,0,14.81,20,11.85,35.6
prepared_meals,6,3.98,10,3.58,18.4
prepared_meals,3,10.62,20,8.49,32.0
prepared_meals,2,11.66,40,7.0,51.0
prepared_meals,0,12.33,30,8.63,42.3
prepared_meals,3,14.17,0,14.17,17.3
prepared_meals,1,10.3,50,5.15,135.0
prepared_meals,3,8.0,20,6.4,17.1
prepared_meals,6,4.04,20,3.23,29.0
prepared_meals,6,9.13,10,8.21,22.9
prepared_meals,3,12.48,20,9.98,36.5
prepared_meals,2,3.97,20,3.18,34.3
prepared_meals,0,5.06,0,5.06,16.6
prepared_meals,7,10.14,30,7.1,53.8
prepared_meals,7,7.96,20,6.37,23.1
prepared_meals,5,12.43,0,12.43,20.7
prepared_meals,0,13.99,0,13.99,13.9
prepared_meals,4,10.92,10,9.83,16.6
prepared_meals,3,3.56,0,3.56,14.8
prepared_meals,7,6.51,50,3.26,148.7
prepared_meals,5,8.49,0,8.49,15.6
prepared_meals,0,6.33,10,5.7,24.5
prepared_meals,3,9.82,0,9.82,17.5
prepared_meals,0,2.67,40,1.6,104.9
prepared_meals,4,3.91,0,3.91,12.3
prepared_meals,0,10.19,0,10.19,24.3
prepared_meals,3,12.03,0,12.03,13.2
prepared_meals,1,8.55,0,8.55,19.2
prepared_meals,0,2.84,0,2.84,23.0
prepared_meals,3,12.17,40,7.3,48.5
prepared_meals,4,8.4,30,5.88,44.7
prepared_meals,5,9.12,0,9.12,9.9
prepared_meals,0,6.55,0,6.55,27.8
prepared_meals,3,4.92,0,4.92,18.2
prepared_meals,1,14.59,40,8.75,139.5
prepared_meals,6,3.11,30,2.18,56.9
prepared_meals,0,13.7,10,12.33,32.3
prepared_meals,6,3.08,10,2.77,20.4
prepared_meals,2,2.21,30,1.55,40.8
prepared_meals,2,8.68,20,6.94,24.7
prepared_meals,1,10.18,0,10.18,12.9
prepared_meals,6,11.82,20,9.45,24.5
prepared_meals,4,5.67,30,3.97,26.1
prepared_meals,0,7.91,0,7.91,23.9
prepared_meals,3,10.62,0,10.62,16.4
prepared_meals,0,9.27,0,9.27,21.3
prepared_meals,2,3.84,10,3.46,25.1
prepared_meals,1,8.3,0,8.3,21.6
prepared_meals,4,11.48,0,11.48,10.7
prepared_meals,7,9.88,0,9.88,14.7
prepared_meals,1,10.22,0,10.22,16.1
prepared_meals,4,10.77,10,9.7,21.4
prepared_meals,4,4.13,50,2.07,126.2
prepared_meals,5,9.72,10,8.75,19.5
prepared_meals,5,3.83,10,3.44,14.9
prepared_meals,6,14.01,30,9.81,37.8
prepared_meals,2,6.68,40,4.01,113.7
prepared_meals,7,5.06,10,4.55,23.6
prepared_meals,5,9.41,10,8.47,19.3
prepared_meals,2,2.71,0,2.71,11.5
prepared_meals,5,7.58,0,7.58,12.9
prepared_meals,0,7.72,0,7.72,25.9
prepared_meals,7,14.7,10,13.23,15.4
prepared_meals,1,9.5,30,6.65,48.7
prepared_meals,4,13.53,0,13.53,15.8
prepared_meals,7,12.66,30,8.86,28.6
prepared_meals,1,7.17,30,5.02,54.6
prepared_meals,5,3.17,30,2.22,58.3
prepared_meals,5,12.75,0,12.75,17.5
prepared_meals,1,9.15,0,9.15,17.1
prepared_meals,7,6.49,40,3.89,53.1
prepared_meals,6,3.81,0,3.81,18.1
prepared_meals,0,7.62,20,6.1,42.7
prepared_meals,5,9.45,20,7.56,28.2
prepared_meals,3,7.45,10,6.7,23.9
prepared_meals,5,11.61,0,11.61,21.1
prepared_meals,5,5.73,40,3.44,44.0
prepared_meals,1,14.99,0,14.99,25.5
prepared_meals,2,7.09,20,5.67,42.7
prepared_meals,6,11.14,40,6.68,55.6
prepared_meals,0,5.24,30,3.67,88.9
prepared_meals,5,6.38,30,4.47,43.3
prepared_meals,7,8.4,10,7.56,33.8
prepared_meals,5,5.15,0,5.15,14.4
prepared_meals,7,3.25,30,2.28,31.3
prepared_meals,2,4.53,0,4.53,15.0
prepared_meals,4,9.19,10,8.27,29.8
prepared_meals,3,12.04,10,10.83,24.8
prepared_meals,7,5.77,20,4.62,33.6
prepared_meals,1,11.06,0,11.06,19.6
prepared_meals,6,14.06,40,8.43,89.6
prepared_meals,7,2.71,10,2.44,19.2
prepared_meals,6,5.1,0,5.1,13.5
prepared_meals,5,3.05,20,2.44,21.4
prepared_meals,6,14.48,40,8.69,63.1
prepared_meals,0,3.72,0,3.72,37.9
prepared_meals,2,5.57,10,5.01,24.4
prepared_meals,4,4.75,0,4.75,14.6
prepared_meals,2,6.24,0,6.24,14.3
prepared_meals,7,6.32,10,5.69,19.6
prepared_meals,4,4.11,0,4.11,15.3
prepared_meals,7,13.32,30,9.32,34.5
prepared_meals,2,10.83,30,7.58,45.3
prepared_meals,1,10.62,10,9.56,29.9
prepared_meals,1,7.11,50,3.55,90.3
prepared_meals,0,5.8,0,5.8,23.5
prepared_meals,2,14.53,0,14.53,24.1
prepared_meals,0,7.5,0,7.5,18.6
prepared_meals,0,3.34,50,1.67,179.8
prepared_meals,4,14.99,40,9.0,48.3
prepared_meals,7,6.93,10,6.23,18.5
prepared_meals,1,13.29,30,9.31,53.2
prepared_meals,1,7.05,20,5.64,40.4
prepared_meals,6,6.05,0,6.05,17.8
prepared_meals,6,5.2,40,3.12,60.8
prepared_meals,6,3.89,50,1.94,112.9
prepared_meals,3,12.55,30,8.79,48.7
prepared_meals,2,3.46,10,3.11,30.3
prepared_meals,2,12.29,0,12.29,19.2
prepared_meals,0,3.77,0,3.77,23.8
prepared_meals,0,10.27,30,7.19,54.1
prepared_meals,5,4.81,0,4.81,12.9
prepared_meals,2,12.41,10,11.17,26.0
prepared_meals,4,12.67,10,11.41,20.2
prepared_meals,1,11.49,0,11.49,29.5
prepared_meals,1,13.25,30,9.28,36.2
prepared_meals,7,2.4,0,2.4,13.7
prepared_meals,4,11.83,0,11.83,20.3
prepared_meals,7,3.9,50,1.95,93.4
prepared_meals,5,12.76,30,8.93,49.5
prepared_meals,0,14.56,10,13.1,37.5
prepared_meals,0,14.8,0,14.8,22.8
prepared_meals,1,11.69,30,8.19,47.9
prepared_meals,4,9.65,50,4.82,66.1
prepared_meals,4,12.77,40,7.66,78.7
prepared_meals,6,12.05,10,10.84,40.3
prepared_meals,7,14.99,20,11.99,29.9
prepared_meals,0,10.08,0,10.08,36.1
prepared_meals,0,8.27,20,6.62,45.5
prepared_meals,7,4.29,0,4.29,13.4
prepared_meals,4,7.58,0,7.58,19.5
prepared_meals,0,10.62,30,7.43,55.9
prepared_meals,4,7.1,50,3.55,76.9
prepared_meals,6,13.06,50,6.53,109.3
prepared_meals,7,14.47,30,10.13,31.9
prepared_meals,6,2.77,30,1.94,22.0
prepared_meals,7,14.21,0,14.21,11.7
prepared_meals,1,3.93,30,2.75,48.8
prepared_meals,6,14.14,10,12.73,21.5
prepared_meals,7,5.64,20,4.52,27.8
prepared_meals,6,7.65,40,4.59,46.5
prepared_meals,0,5.64,0,5.64,27.1
prepared_meals,7,8.04,20,6.43,29.8
prepared_meals,3,4.02,20,3.22,23.1
prepared_meals,6,7.49,0,7.49,17.0
prepared_meals,3,13.07,10,11.76,31.2
prepared_meals,4,14.56,10,13.11,16.9
prepared_meals,1,6.23,10,5.61,26.5
prepared_meals,0,8.19,30,5.74,73.9
prepared_meals,4,5.03,30,3.52,50.8
prepared_meals,0,14.94,20,11.95,22.4
prepared_meals,3,14.62,0,14.62,11.5
prepared_meals,7,9.01,20,7.21,20.9
prepared_meals,0,4.93,10,4.44,40.9
prepared_meals,4,4.03,30,2.82,33.6
prepared_meals,5,3.04,0,3.04,10.9
prepared_meals,5,14.48,0,14.48,12.4
prepared_meals,2,5.29,0,5.29,11.4
prepared_meals,1,10.46,20,8.36,35.9
prepared_meals,6,13.91,20,11.13,19.0
prepared_meals,4,11.22,0,11.22,18.3
prepared_meals,5,14.38,50,7.19,50.9
prepared_meals,7,10.85,10,9.76,15.1
prepared_meals,4,10.64,50,5.32,78.3
prepared_meals,2,5.43,50,2.72,44.6
prepared_meals,1,7.61,0,7.61,24.8
prepared_meals,2,4.55,10,4.1,18.8
prepared_meals,6,9.25,0,9.25,9.4
prepared_meals,3,3.3,10,2.97,23.3
prepared_meals,1,7.19,0,7.19,16.2
prepared_meals,5,5.35,20,4.28,27.9
prepared_meals,0,5.2,30,3.64,70.5
prepared_meals,6,9.49,0,9.49,10.5
prepared_meals,6,12.6,0,12.6,14.2
prepared_meals,5,2.08,0,2.08,9.2
prepared_meals,1,3.1,30,2.17,44.5
prepared_meals,5,7.54,0,7.54,11.5
prepared_meals,3,7.38,0,7.38,14.7
prepared_meals,6,12.6,0,12.6,23.8
prepared_meals,6,14.41,0,14.41,10.9
prepared_meals,5,4.27,10,3.85,13.7
prepared_meals,7,9.25,20,7.4,17.8
prepared_meals,2,8.2,50,4.1,133.8
prepared_meals,6,2.67,20,2.13,22.9
prepared_meals,4,12.0,30,8.4,52.0
prepared_meals,3,8.16,0,8.16,16.3
prepared_meals,0,2.96,30,2.07,51.1
prepared_meals,6,11.28,0,11.28,24.0
prepared_meals,5,8.62,10,7.76,16.3
prepared_meals,2,4.82,50,2.41,171.1
prepared_meals,2,14.13,40,8.48,89.5
prepared_meals,1,14.72,30,10.3,41.0
prepared_meals,6,8.44,0,8.44,14.4
prepared_meals,2,11.62,0,11.62,12.2
prepared_meals,1,13.61,10,12.25,23.5
prepared_meals,0,3.47,0,3.47,17.5
prepared_meals,1,8.73,10,7.86,22.0
prepared_meals,6,3.09,20,2.47,20.8
prepared_meals,0,5.31,20,4.25,29.7
prepared_meals,3,3.6,40,2.16,42.9
prepared_meals,5,12.38,50,6.19,63.6
prepared_meals,3,14.7,20,11.76,37.6
prepared_meals,7,14.22,40,8.53,37.1
prepared_meals,7,12.68,40,7.61,70.2
prepared_meals,3,12.52,0,12.52,20.9
prepared_meals,3,9.29,0,9.29,25.9
prepared_meals,6,8.53,0,8.53,16.3
prepared_meals,5,3.35,10,3.02,18.8
prepared_meals,4,11.88,30,8.32,28.2
prepared_meals,5,6.31,0,6.31,11.9
prepared_meals,7,9.13,20,7.3,19.9
prepared_meals,2,5.86,20,4.69,41.0
prepared_meals,1,5.54,50,2.77,134.4
prepared_meals,6,8.22,10,7.4,19.8
prepared_meals,0,10.88,0,10.88,17.3
prepared_meals,2,5.07,0,5.07,22.3
prepared_meals,4,8.27,20,6.61,26.6
prepared_meals,2,11.84,10,10.66,26.9
prepared_meals,7,12.59,0,12.59,17.4
prepared_meals,0,5.52,30,3.87,68.3
prepared_meals,3,12.81,10,11.53,16.7
prepared_meals,3,11.79,0,11.79,12.6
prepared_meals,5,6.25,30,4.38,78.2
prepared_meals,6,4.73,20,3.78,27.0
prepared_meals,0,13.14,10,11.82,28.6
prepared_meals,1,3.98,10,3.58,16.1
prepared_meals,7,8.74,20,6.99,24.8
prepared_meals,6,4.45,50,2.22,102.2
prepared_meals,1,12.73,0,12.73,27.1
prepared_meals,0,3.06,0,3.06,19.2
prepared_meals,6,14.53,0,14.53,26.6
prepared_meals,6,7.05,30,4.94,48.7
prepared_meals,5,13.27,40,7.96,83.3
prepared_meals,4,7.97,10,7.17,24.6
prepared_meals,6,4.58,0,4.58,15.3
prepared_meals,0,13.16,10,11.84,24.9
prepared_meals,4,6.07,10,5.47,17.1
prepared_meals,3,4.97,40,2.98,68.3
prepared_meals,7,10.15,0,10.15,9.5
prepared_meals,5,2.31,20,1.85,24.3
prepared_meals,6,11.36,40,6.82,40.4
prepared_meals,4,10.99,30,7.69,41.0
prepared_meals,3,4.77,0,4.77,23.4
prepared_meals,3,4.0,40,2.4,61.5
prepared_meals,5,5.33,40,3.2,97.6
prepared_meals,4,4.7,0,4.7,18.5
prepared_meals,0,10.02,0,10.02,19.3
prepared_meals,2,13.82,30,9.67,88.3
prepared_meals,6,5.99,50,2.99,102.8
prepared_meals,1,2.31,10,2.08,33.9
prepared_meals,2,10.08,20,8.07,42.7
prepared_meals,2,11.22,30,7.86,46.5
prepared_meals,3,9.62,0,9.62,19.0
prepared_meals,5,10.71,50,5.36,61.7
prepared_meals,6,4.73,10,4.25,15.7
prepared_meals,7,6.22,20,4.98,17.8
prepared_meals,2,13.35,50,6.67,153.2
prepared_meals,5,3.22,20,2.58,18.7
prepared_meals,0,5.54,20,4.44,26.0
prepared_meals,3,4.26,0,4.26,13.5
prepared_meals,4,10.84,0,10.84,15.7
prepared_meals,7,4.75,0,4.75,23.2
prepared_meals,7,11.84,20,9.47,28.8
prepared_meals,4,12.73,40,7.64,36.2
prepared_meals,0,2.6,10,2.34,31.0
prepared_meals,5,10.98,20,8.78,30.9
prepared_meals,1,13.33,0,13.33,17.9
prepared_meals,2,5.51,40,3.31,68.8
prepared_meals,2,4.35,0,4.35,19.1
prepared_meals,1,6.89,0,6.89,20.3
prepared_meals,6,7.1,0,7.1,12.5
prepared_meals,2,10.21,40,6.13,42.3
prepared_meals,3,13.0,0,13.0,12.8
prepared_meals,1,3.12,30,2.19,67.2
prepared_meals,5,8.31,10,7.48,24.4
prepared_meals,2,2.36,30,1.65,26.5
prepared_meals,5,10.36,10,9.33,22.3
prepared_meals,1,3.3,10,2.97,21.3
prepared_meals,4,7.32,30,5.12,35.7
prepared_meals,6,14.08,0,14.08,15.9
prepared_meals,2,14.41,0,14.41,24.0
prepared_meals,1,2.95,0,2.95,14.4
prepared_meals,6,8.57,20,6.86,25.0
prepared_meals,4,2.1,30,1.47,34.7
prepared_meals,4,9.69,20,7.75,34.2
prepared_meals,0,2.92,20,2.34,19.1
prepared_meals,1,8.89,50,4.44,94.1
prepared_meals,5,11.58,30,8.11,33.1
prepared_meals,2,10.84,30,7.59,60.0
prepared_meals,3,11.64,40,6.99,78.2
prepared_meals,5,6.25,10,5.63,14.4
prepared_meals,5,11.06,10,9.96,16.9
prepared_meals,0,7.71,50,3.85,131.4
prepared_meals,7,4.18,0,4.18,11.1
prepared_meals,1,13.18,0,13.18,20.6
prepared_meals,5,13.83,30,9.68,42.0
prepared_meals,1,7.07,10,6.36,32.2
prepared_meals,0,9.47,30,6.63,82.2
prepared_meals,5,6.01,0,6.01,16.3
prepared_meals,5,2.62,10,2.36,10.4
prepared_meals,5,12.17,20,9.73,21.2
prepared_meals,1,4.94,50,2.47,164.0
prepared_meals,7,7.77,20,6.21,18.9
prepared_meals,6,9.22,10,8.3,14.4
prepared_meals,0,12.47,30,8.73,54.8
prepared_meals,4,6.12,50,3.06,121.1
prepared_meals,5,8.54,0,8.54,17.1
prepared_meals,6,8.27,0,8.27,14.0
prepared_meals,4,4.67,40,2.8,75.9
prepared_meals,4,14.07,0,14.07,21.9
prepared_meals,3,10.75,40,6.45,64.2
prepared_meals,6,8.69,0,8.69,15.8
prepared_meals,7,5.6,40,3.36,57.1
prepared_meals,5,12.07,30,8.45,25.2
prepared_meals,6,13.93,0,13.93,14.9
prepared_meals,7,14.04,0,14.04,15.6
prepared_meals,2,11.34,40,6.8,138.1
prepared_meals,7,8.14,0,8.14,25.3
prepared_meals,3,11.74,0,11.74,17.8
prepared_meals,1,9.94,20,7.95,28.3
prepared_meals,7,11.6,40,6.96,72.8
prepared_meals,6,12.56,0,12.56,17.2
prepared_meals,7,9.14,50,4.57,137.7
prepared_meals,3,4.02,30,2.81,47.0
prepared_meals,4,12.5,0,12.5,20.2
prepared_meals,4,6.97,0,6.97,23.1
prepared_meals,5,12.9,50,6.45,153.6
prepared_meals,0,3.24,0,3.24,14.7
prepared_meals,7,3.72,50,1.86,77.4
prepared_meals,1,4.83,20,3.86,28.6
prepared_meals,1,6.91,30,4.84,55.4
prepared_meals,3,2.79,0,2.79,12.4
prepared_meals,6,6.29,10,5.67,22.1
prepared_meals,5,13.13,0,13.13,12.3
prepared_meals,0,12.27,10,11.04,40.5
prepared_meals,1,14.68,10,13.21,27.1
prepared_meals,6,6.79,50,3.39,58.7
prepared_meals,0,8.44,40,5.06,192.7
prepared_meals,1,6.92,50,3.46,102.2
prepared_meals,0,9.06,10,8.16,21.4
prepared_meals,1,14.61,0,14.61,15.7
prepared_meals,7,11.85,0,11.85,10.3
prepared_meals,1,12.75,20,10.2,47.3
prepared_meals,3,5.44,0,5.44,12.9
prepared_meals,2,11.83,40,7.1,43.3
prepared_meals,7,9.51,0,9.51,15.4
prepared_meals,0,14.67,0,14.67,15.6
prepared_meals,5,12.07,30,8.45,35.8
prepared_meals,2,6.42,40,3.85,59.0
prepared_meals,3,10.3,10,9.27,21.6
prepared_meals,2,5.16,0,5.16,29.7
prepared_meals,6,4.95,0,4.95,14.1
prepared_meals,3,8.48,30,5.94,40.1
prepared_meals,5,4.16,30,2.91,23.4
prepared_meals,5,3.12,0,3.12,15.0
prepared_meals,3,13.81,50,6.9,50.7
prepared_meals,7,11.09,20,8.87,25.5
prepared_meals,5,14.95,10,13.45,16.1
prepared_meals,2,13.55,10,12.19,25.6
prepared_meals,3,4.07,20,3.26,32.8
prepared_meals,4,3.96,30,2.77,41.8
prepared_meals,6,2.26,30,1.59,31.6
prepared_meals,3,7.55,20,6.04,26.3
prepared_meals,3,2.78,10,2.5,35.8
prepared_meals,5,6.93,10,6.24,25.5
prepared_meals,3,5.26,0,5.26,12.0
prepared_meals,1,8.96,30,6.27,59.7
prepared_meals,4,4.16,20,3.33,38.7
prepared_meals,0,12.86,40,7.71,118.8
prepared_meals,1,3.45,0,3.45,30.5
prepared_meals,4,11.26,0,11.26,13.3
prepared_meals,0,7.82,20,6.26,30.8
prepared_meals,2,3.32,40,1.99,47.6
prepared_meals,4,13.34,40,8.0,89.9
prepared_meals,6,8.13,10,7.31,21.2
prepared_meals,0,3.22,40,1.93,89.1
prepared_meals,1,7.63,0,7.63,12.1
prepared_meals,6,2.54,20,2.03,26.9
prepared_meals,7,14.81,10,13.33,16.2
prepared_meals,2,4.23,30,2.96,39.8
prepared_meals,3,8.5,0,8.5,13.0
prepared_meals,6,13.64,50,6.82,137.2
prepared_meals,1,2.83,50,1.41,107.4
prepared_meals,3,13.68,50,6.84,89.3
prepared_meals,2,11.16,20,8.93,39.6
prepared_meals,6,8.57,20,6.86,20.1
prepared_meals,4,4.82,30,3.38,31.6
prepared_meals,0,6.44,0,6.44,19.1
prepared_meals,7,12.66,40,7.6,43.6
prepared_meals,0,10.12,0,10.12,22.0
prepared_meals,3,8.43,0,8.43,19.0
prepared_meals,4,10.05,20,8.04,35.0
prepared_meals,4,4.29,10,3.86,18.2
prepared_meals,7,5.08,40,3.05,56.4
prepared_meals,2,2.12,40,1.27,46.5
prepared_meals,1,7.8,40,4.68,52.3
prepared_meals,7,4.14,10,3.72,17.9
prepared_meals,0,10.95,50,5.47,65.5
prepared_meals,1,6.34,0,6.34,23.8
prepared_meals,4,9.54,10,8.58,33.4
prepared_meals,7,8.9,0,8.9,15.3
prepared_meals,1,12.64,20,10.11,29.3
prepared_meals,2,6.49,0,6.49,20.7
prepared_meals,4,9.59,10,8.63,17.6
prepared_meals,1,10.33,20,8.26,48.0
prepared_meals,6,12.37,0,12.37,16.7
prepared_meals,0,6.77,0,6.77,19.4
prepared_meals,6,13.42,50,6.71,117.5
prepared_meals,0,12.18,50,6.09,150.9
prepared_meals,5,10.47,10,9.42,25.0
prepared_meals,6,4.22,0,4.22,20.5
prepared_meals,1,7.91,40,4.75,64.5
prepared_meals,7,13.77,0,13.77,9.3
prepared_meals,5,8.79,0,8.79,13.7
prepared_meals,2,10.94,20,8.75,31.6
prepared_meals,5,10.9,0,10.9,12.5
prepared_meals,3,2.52,0,2.52,24.1
prepared_meals,7,4.67,20,3.74,22.5
prepared_meals,5,12.08,20,9.66,24.1
prepared_meals,7,2.64,0,2.64,15.8
prepared_meals,7,4.14,20,3.31,16.7
prepared_meals,2,14.83,50,7.41,96.7
prepared_meals,2,8.91,10,8.02,28.8
prepared_meals,5,9.54,0,9.54,14.2
prepared_meals,6,6.45,50,3.22,136.2
prepared_meals,0,4.03,30,2.82,92.7
prepared_meals,2,8.89,20,7.11,40.2
prepared_meals,0,3.89,40,2.34,77.1
prepared_meals,2,12.49,50,6.25,100.4
prepared_meals,6,10.78,30,7.55,46.1
prepared_meals,7,5.38,40,3.23,41.1
prepared_meals,0,8.23,10,7.41,38.0
prepared_meals,1,7.07,40,4.24,44.6
prepared_meals,1,8.93,40,5.36,88.7
prepared_meals,5,14.55,0,14.55,13.4
prepared_meals,2,4.51,10,4.06,16.9
prepared_meals,7,10.64,40,6.38,67.5
prepared_meals,6,3.15,40,1.89,33.1
prepared_meals,1,8.2,30,5.74,55.6
prepared_meals,3,12.93,30,9.05,38.8
prepared_meals,5,9.59,40,5.75,80.7
prepared_meals,6,13.58,30,9.51,50.1
prepared_meals,5,14.44,20,11.55,22.0
prepared_meals,6,6.39,20,5.11,30.9
prepared_meals,6,12.6,30,8.82,38.3
prepared_meals,5,9.17,0,9.17,14.1
prepared_meals,4,7.45,30,5.21,32.7
prepared_meals,4,3.19,0,3.19,16.6
prepared_meals,3,7.2,50,3.6,64.9
prepared_meals,7,12.03,30,8.42,34.8
prepared_meals,2,4.53,0,4.53,19.6
prepared_meals,1,8.32,10,7.49,8.6
prepared_meals,7,8.9,30,6.23,47.0
prepared_meals,1,7.66,50,3.83,81.6
prepared_meals,6,4.46,30,3.12,65.3
prepared_meals,5,4.37,20,3.49,29.9
prepared_meals,7,8.99,30,6.3,36.2
prepared_meals,2,8.2,20,6.56,28.5
prepared_meals,6,8.07,0,8.07,17.1
prepared_meals,2,11.86,20,9.49,24.3
prepared_meals,4,2.53,40,1.52,64.6
prepared_meals,4,2.2,0,2.2,15.1
prepared_meals,0,10.68,10,9.61,48.5
prepared_meals,7,12.15,0,12.15,17.9
prepared_meals,1,3.61,10,3.25,25.1
prepared_meals,7,12.1,20,9.68,28.1
prepared_meals,4,2.77,40,1.66,55.7
prepared_meals,0,14.58,20,11.66,62.9
prepared_meals,5,3.87,40,2.32,50.9
prepared_meals,4,13.05,0,13.05,16.6
prepared_meals,5,12.07,20,9.66,46.2
prepared_meals,3,14.63,0,14.63,15.9
prepared_meals,5,4.77,0,4.77,17.7
prepared_meals,1,8.1,50,4.05,112.7
prepared_meals,4,6.85,0,6.85,18.8
prepared_meals,7,11.36,0,11.36,18.3
prepared_meals,3,2.47,0,2.47,20.1
prepared_meals,6,13.98,20,11.19,25.8
prepared_meals,0,14.45,10,13.0,21.3
prepared_meals,1,10.11,40,6.06,78.6
prepared_meals,1,12.3,20,9.84,26.6
prepared_meals,2,12.0,0,12.0,30.6
prepared_meals,6,8.63,0,8.63,15.3
prepared_meals,6,5.23,20,4.18,31.2
prepared_meals,2,13.26,0,13.26,18.6
prepared_meals,6,10.1,0,10.1,23.3
prepared_meals,0,13.65,20,10.92,32.1
prepared_meals,2,12.56,50,6.28,86.5
prepared_meals,6,14.4,50,7.2,79.7
prepared_meals,6,7.87,20,6.3,24.1
prepared_meals,6,14.51,20,11.61,31.8
prepared_meals,6,10.92,40,6.55,39.4
prepared_meals,5,14.99,0,14.99,14.0
prepared_meals,4,14.13,10,12.72,22.8
prepared_meals,0,7.97,10,7.18,27.6
prepared_meals,5,9.8,0,9.8,13.9
prepared_meals,6,14.63,10,13.17,19.0
prepared_meals,4,3.51,10,3.16,17.6
prepared_meals,3,7.57,0,7.57,12.7
prepared_meals,2,13.28,0,13.28,17.9
prepared_meals,2,5.73,20,4.59,32.5
prepared_meals,6,10.35,0,10.35,13.6
prepared_meals,7,12.31,0,12.31,19.5
prepared_meals,7,12.02,20,9.62,27.6
prepared_meals,2,12.11,0,12.11,17.1
prepared_meals,6,9.44,20,7.55,34.7
prepared_meals,3,12.52,0,12.52,20.3
prepared_meals,7,11.36,30,7.95,36.5
prepared_meals,0,6.75,0,6.75,12.3
prepared_meals,4,12.75,0,12.75,18.2
prepared_meals,0,6.16,30,4.31,63.7
prepared_meals,2,14.56,0,14.56,11.1
prepared_meals,0,3.86,20,3.08,36.4
prepared_meals,7,5.64,0,5.64,15.0
prepared_meals,0,12.48,0,12.48,20.4
prepared_meals,2,3.38,10,3.04,20.0
prepared_meals,0,6.84,0,6.84,17.1
prepared_meals,7,6.91,10,6.22,22.0
prepared_meals,3,5.62,30,3.93,50.1
prepared_meals,0,10.01,50,5.01,197.1
prepared_meals,3,7.35,20,5.88,29.3
prepared_meals,3,4.64,0,4.64,17.5
prepared_meals,3,8.29,30,5.8,45.0
prepared_meals,0,5.48,0,5.48,22.4
prepared_meals,3,11.55,0,11.55,13.1
prepared_meals,6,4.59,20,3.67,43.3
prepared_meals,3,3.57,30,2.5,29.0
prepared_meals,1,4.75,0,4.75,24.1
prepared_meals,2,2.57,20,2.06,52.2
prepared_meals,7,13.19,20,10.55,32.6
prepared_meals,4,11.22,30,7.85,40.7
prepared_meals,1,7.44,10,6.7,32.6
prepared_meals,3,7.56,30,5.29,47.2
prepared_meals,0,12.05,30,8.43,49.0
prepared_meals,7,11.38,50,5.69,111.6
prepared_meals,3,11.49,30,8.05,38.4
prepared_meals,4,7.86,20,6.29,30.4
prepared_meals,6,9.58,40,5.75,91.0
prepared_meals,5,13.39,10,12.05,15.8
prepared_meals,0,4.02,20,3.22,38.1
prepared_meals,0,9.34,30,6.54,58.1
prepared_meals,5,14.76,0,14.76,12.2
prepared_meals,3,2.27,0,2.27,17.4
prepared_meals,1,5.99,20,4.79,47.3
prepared_meals,2,5.57,50,2.79,61.7
prepared_meals,4,4.02,40,2.41,50.8
prepared_meals,7,11.69,0,11.69,11.9
prepared_meals,7,11.29,0,11.29,10.8
prepared_meals,7,5.38,20,4.3,23.4
prepared_meals,7,13.72,10,12.35,19.3
prepared_meals,5,13.03,0,13.03,15.0
prepared_meals,6,11.13,50,5.56,79.0
prepared_meals,7,8.46,0,8.46,15.5
prepared_meals,0,6.82,20,5.45,48.1
prepared_meals,2,4.69,0,4.69,16.3
prepared_meals,0,6.55,30,4.58,113.2
prepared_meals,1,7.99,0,7.99,24.2
prepared_meals,6,5.11,0,5.11,14.0
prepared_meals,1,7.3,10,6.57,17.3
prepared_meals,0,12.8,0,12.8,16.0
prepared_meals,1,6.62,10,5.96,22.7
prepared_meals,1,6.93,30,4.85,48.8
prepared_meals,4,13.04,50,6.52,161.6
prepared_meals,6,4.33,20,3.46,41.1
prepared_meals,6,5.6,50,2.8,58.2
prepared_meals,4,5.14,50,2.57,100.7
prepared_meals,2,9.74,10,8.77,17.4
prepared_meals,0,3.74,0,3.74,24.5
prepared_meals,2,14.33,0,14.33,13.5
prepared_meals,3,10.82,40,6.49,39.8
prepared_meals,7,2.94,10,2.65,22.2
prepared_meals,7,7.48,20,5.99,21.0
prepared_meals,7,2.54,30,1.78,47.0
prepared_meals,7,9.59,20,7.67,35.3
prepared_meals,0,6.1,40,3.66,88.4
prepared_meals,1,6.26,20,5.0,34.8
prepared_meals,5,2.29,20,1.83,19.3
prepared_meals,2,13.42,30,9.39,47.6
prepared_meals,5,2.02,0,2.02,16.6
prepared_meals,1,8.43,0,8.43,21.9
prepared_meals,6,12.57,0,12.57,14.0
prepared_meals,6,10.18,10,9.16,30.1
prepared_meals,0,14.27,20,11.41,22.2
prepared_meals,7,2.67,10,2.4,14.9
prepared_meals,1,11.96,50,5.98,100.8
prepared_meals,4,9.23,0,9.23,15.7
prepared_meals,3,5.22,30,3.65,55.3
prepared_meals,0,3.53,0,3.53,24.6
prepared_meals,5,3.22,10,2.9,24.6
prepared_meals,4,6.85,50,3.42,113.7
prepared_meals,5,10.92,50,5.46,113.3
prepared_meals,1,5.75,40,3.45,49.4
prepared_meals,6,4.67,10,4.21,18.5
prepared_meals,1,9.42,20,7.53,24.8
prepared_meals,2,8.91,10,8.02,28.1
prepared_meals,1,2.61,0,2.61,23.6
prepared_meals,2,3.58,40,2.15,84.6
prepared_meals,6,7.12,30,4.98,39.0
prepared_meals,7,3.59,0,3.59,9.9
prepared_meals,3,14.48,0,14.48,13.4
prepared_meals,6,10.63,10,9.56,23.9
prepared_meals,2,13.35,50,6.67,165.0
prepared_meals,4,12.32,30,8.62,38.9
prepared_meals,1,5.43,10,4.89,25.7
prepared_meals,5,8.79,0,8.79,10.8
prepared_meals,0,2.24,30,1.57,44.5
prepared_meals,4,3.87,0,3.87,13.5
prepared_meals,5,2.36,0,2.36,14.7
prepared_meals,1,12.1,20,9.68,38.4
prepared_meals,2,12.14,0,12.14,13.1
prepared_meals,7,10.55,30,7.38,31.5
prepared_meals,0,8.84,20,7.07,46.4
prepared_meals,2,4.7,10,4.23,22.2
prepared_meals,7,2.74,0,2.74,14.7
prepared_meals,5,12.46,40,7.48,49.7
prepared_meals,5,8.98,20,7.18,33.6
prepared_meals,7,9.96,20,7.97,20.0
prepared_meals,2,2.49,50,1.24,139.0
prepared_meals,1,4.97,30,3.48,44.3
prepared_meals,2,3.82,0,3.82,15.3
prepared_meals,6,5.45,0,5.45,12.6
prepared_meals,0,12.82,30,8.98,53.1
prepared_meals,7,4.45,0,4.45,8.8
prepared_meals,6,9.62,0,9.62,18.3
prepared_meals,1,10.41,30,7.29,55.6
prepared_meals,3,12.34,0,12.34,11.2
prepared_meals,2,10.69,0,10.69,13.7
prepared_meals,5,10.85,50,5.42,98.0
prepared_meals,2,9.85,40,5.91,47.8
prepared_meals,0,7.1,30,4.97,44.3
prepared_meals,2,7.3,0,7.3,25.2
prepared_meals,4,4.75,50,2.37,62.0
prepared_meals,1,14.5,0,14.5,27.7
prepared_meals,0,8.93,0,8.93,29.4
prepared_meals,3,8.31,0,8.31,12.3
prepared_meals,2,13.31,0,13.31,16.2
prepared_meals,4,10.52,10,9.47,23.7
prepared_meals,6,12.8,20,10.24,33.5
prepared_meals,2,9.48,0,9.48,10.8
prepared_meals,1,10.05,20,8.04,50.0
prepared_meals,7,5.21,30,3.65,30.5
prepared_meals,7,2.66,30,1.86,53.2
prepared_meals,4,14.53,30,10.17,51.6
prepared_meals,1,5.73,0,5.73,9.2
prepared_meals,6,14.87,50,7.43,79.2
prepared_meals,3,4.56,20,3.65,25.0
prepared_meals,0,6.01,10,5.41,24.7
prepared_meals,7,8.61,0,8.61,15.6
prepared_meals,6,3.63,0,3.63,16.9
prepared_meals,2,8.49,0,8.49,23.2
prepared_meals,6,7.78,20,6.22,21.7
prepared_meals,0,3.41,0,3.41,18.7
prepared_meals,6,3.12,20,2.5,29.7
prepared_meals,3,7.08,20,5.67,34.2
prepared_meals,7,10.52,0,10.52,22.6
prepared_meals,7,6.47,10,5.82,11.2
prepared_meals,3,10.91,0,10.91,13.1
prepared_meals,6,14.42,0,14.42,9.5
prepared_meals,4,2.74,20,2.19,29.3
prepared_meals,4,6.83,40,4.1,56.1
prepared_meals,4,5.69,40,3.41,50.3
prepared_meals,7,10.7,10,9.63,16.4
prepared_meals,6,6.26,10,5.63,20.9
prepared_meals,4,3.82,50,1.91,105.1
prepared_meals,0,5.97,30,4.18,49.7
prepared_meals,7,5.49,30,3.84,37.5
prepared_meals,4,14.06,10,12.65,40.1
prepared_meals,3,12.91,30,9.04,40.7
prepared_meals,4,12.49,10,11.24,22.8
prepared_meals,6,14.66,0,14.66,11.5
prepared_meals,6,6.26,30,4.39,58.4
prepared_meals,6,2.8,0,2.8,18.1
prepared_meals,3,11.23,10,10.11,22.0
prepared_meals,0,6.72,50,3.36,198.3
prepared_meals,0,14.31,20,11.45,39.9
prepared_meals,6,12.16,20,9.73,35.0
prepared_meals,3,5.84,0,5.84,12.7
prepared_meals,6,3.8,0,3.8,12.1
prepared_meals,1,8.02,0,8.02,13.9
prepared_meals,3,4.74,50,2.37,139.9
prepared_meals,3,14.36,0,14.36,20.2
prepared_meals,5,7.11,0,7.11,20.3
prepared_meals,5,8.27,10,7.44,33.7
prepared_meals,6,7.41,20,5.93,28.3
prepared_meals,3,13.78,40,8.27,39.3
prepared_meals,2,2.96,20,2.37,19.1
prepared_meals,4,4.45,0,4.45,10.9
prepared_meals,1,4.2,10,3.78,22.3
prepared_meals,2,8.68,20,6.95,19.8
prepared_meals,1,11.76,0,11.76,13.2
prepared_meals,5,9.44,0,9.44,15.7
prepared_meals,3,12.89,0,12.89,16.7
prepared_meals,4,2.51,10,2.26,19.4
prepared_meals,1,11.1,0,11.1,22.2
prepared_meals,7,14.94,40,8.96,41.4
prepared_meals,6,4.36,40,2.62,67.9
prepared_meals,6,11.19,0,11.19,18.3
prepared_meals,7,10.74,0,10.74,10.3
prepared_meals,5,10.24,0,10.24,19.2
prepared_meals,7,13.08,50,6.54,68.6
prepared_meals,3,14.61,30,10.22,47.6
prepared_meals,5,8.37,0,8.37,16.6
prepared_meals,5,4.07,0,4.07,17.4
prepared_meals,1,7.46,10,6.72,21.8
prepared_meals,6,12.2,0,12.2,16.9
prepared_meals,3,12.94,10,11.65,15.3
prepared_meals,1,2.6,0,2.6,25.0
prepared_meals,1,3.04,0,3.04,13.0
prepared_meals,4,9.53,10,8.58,26.5
prepared_meals,2,7.61,0,7.61,25.5
prepared_meals,5,13.26,0,13.26,14.6
prepared_meals,0,12.18,30,8.53,56.9
prepared_meals,1,7.3,10,6.57,26.9
prepared_meals,4,8.54,0,8.54,10.2
prepared_meals,3,7.56,50,3.78,89.5
prepared_meals,6,14.62,10,13.16,15.7
prepared_meals,1,10.42,0,10.42,22.9
prepared_meals,5,10.09,20,8.07,34.1
prepared_meals,2,12.7,10,11.43,20.4
prepared_meals,1,2.34,30,1.64,30.4
prepared_meals,1,6.64,10,5.98,27.5
prepared_meals,6,5.66,0,5.66,14.5
prepared_meals,6,6.32,20,5.06,21.5
prepared_meals,0,2.97,30,2.08,50.5
prepared_meals,7,7.52,0,7.52,17.3
prepared_meals,2,6.21,0,6.21,23.0
prepared_meals,7,5.84,0,5.84,22.9
prepared_meals,7,9.2,0,9.2,16.8
prepared_meals,3,10.85,40,6.51,47.1
prepared_meals,4,2.43,10,2.18,15.1
prepared_meals,4,9.18,10,8.26,18.9
prepared_meals,1,10.27,20,8.22,45.5
prepared_meals,4,12.64,0,12.64,15.8
prepared_meals,4,8.06,0,8.06,14.1
prepared_meals,0,9.5,20,7.6,29.6
prepared_meals,4,2.62,0,2.62,14.5
prepared_meals,7,2.65,40,1.59,88.5
prepared_meals,0,4.07,10,3.66,22.5
prepared_meals,7,10.25,10,9.23,15.6
prepared_meals,7,2.96,50,1.48,135.7
prepared_meals,0,4.79,10,4.31,28.3
prepared_meals,0,5.59,0,5.59,21.8
prepared_meals,2,13.29,30,9.3,24.4
prepared_meals,5,7.14,0,7.14,12.9
prepared_meals,3,11.89,30,8.33,44.8
prepared_meals,2,4.99,20,3.99,29.6
prepared_meals,1,4.99,40,3.0,120.6
prepared_meals,0,3.74,40,2.24,88.7
prepared_meals,6,3.04,30,2.12,28.4
prepared_meals,3,7.93,20,6.35,29.2
prepared_meals,2,6.71,40,4.03,88.4
prepared_meals,5,3.82,0,3.82,14.3
prepared_meals,5,13.9,20,11.12,34.8
prepared_meals,2,10.35,20,8.28,29.8
prepared_meals,1,6.58,0,6.58,20.3
prepared_meals,0,6.07,10,5.47,22.8
prepared_meals,5,11.1,20,8.88,33.7
prepared_meals,5,6.53,10,5.88,15.7
prepared_meals,0,12.14,50,6.07,144.5
prepared_meals,6,9.71,10,8.74,19.6
prepared_meals,0,5.87,10,5.28,31.5
prepared_meals,2,3.43,0,3.43,11.1
prepared_meals,5,10.63,30,7.44,63.8
prepared_meals,4,9.39,0,9.39,18.5
prepared_meals,1,10.92,30,7.65,27.0
prepared_meals,3,8.66,30,6.06,54.4
prepared_meals,5,14.04,40,8.42,84.1
prepared_meals,3,2.56,0,2.56,25.6
prepared_meals,3,13.46,10,12.11,19.2
prepared_meals,6,14.4,0,14.4,11.7
prepared_meals,3,14.11,30,9.88,44.1
prepared_meals,0,8.59,0,8.59,30.9
prepared_meals,5,6.82,50,3.41,48.7
prepared_meals,1,2.57,10,2.32,26.8
prepared_meals,6,4.19,0,4.19,15.6
prepared_meals,4,13.77,50,6.89,92.1
prepared_meals,3,9.9,30,6.93,63.1
prepared_meals,1,13.66,0,13.66,21.6
prepared_meals,4,9.76,20,7.81,25.5
prepared_meals,4,8.32,20,6.65,23.0
prepared_meals,2,7.04,0,7.04,20.5
prepared_meals,7,7.91,0,7.91,11.8
prepared_meals,3,9.01,40,5.4,63.9
prepared_meals,0,4.68,20,3.74,38.3
prepared_meals,3,10.0,30,7.0,33.6
prepared_meals,0,8.05,20,6.44,40.6
prepared_meals,7,12.79,10,11.51,15.0
prepared_meals,7,7.27,0,7.27,16.8
prepared_meals,5,11.97,30,8.38,35.4
prepared_meals,2,2.53,0,2.53,13.5
prepared_meals,4,13.73,50,6.87,67.6
prepared_meals,7,7.0,20,5.6,18.5
prepared_meals,5,7.57,30,5.3,37.1
prepared_meals,7,6.14,20,4.91,36.4
prepared_meals,3,3.96,0,3.96,16.1
prepared_meals,4,8.73,0,8.73,14.1
prepared_meals,3,6.2,20,4.96,30.0
prepared_meals,7,12.79,0,12.79,12.3
prepared_meals,0,11.54,10,10.39,30.3
prepared_meals,0,6.54,10,5.88,27.6
prepared_meals,7,11.73,50,5.86,93.1
prepared_meals,3,13.41,10,12.07,23.5
prepared_meals,6,4.43,20,3.54,24.5
prepared_meals,1,6.85,30,4.79,64.4
prepared_meals,1,5.58,10,5.03,21.4
prepared_meals,2,12.05,10,10.84,19.4
prepared_meals,7,10.24,30,7.17,34.2
prepared_meals,3,8.07,0,8.07,12.3
prepared_meals,6,2.07,30,1.45,45.0
prepared_meals,6,8.61,0,8.61,17.1
prepared_meals,1,5.06,0,5.06,17.4
prepared_meals,4,4.22,0,4.22,15.1
prepared_meals,6,13.44,30,9.41,30.7
prepared_meals,1,11.03,50,5.51,131.6
prepared_meals,0,5.56,30,3.89,47.0
prepared_meals,1,8.56,20,6.85,49.0
prepared_meals,4,5.44,0,5.44,14.4
prepared_meals,2,10.21,0,10.21,12.7
prepared_meals,1,12.93,0,12.93,19.5
prepared_meals,1,14.63,0,14.63,18.3
prepared_meals,4,11.39,20,9.11,21.4
prepared_meals,3,4.18,0,4.18,23.2
prepared_meals,7,5.04,30,3.53,40.3
prepared_meals,3,8.36,0,8.36,20.9
prepared_meals,1,4.63,0,4.63,22.1
prepared_meals,0,6.55,30,4.59,50.3
prepared_meals,0,11.71,0,11.71,17.3
prepared_meals,3,6.85,0,6.85,11.4
prepared_meals,7,12.82,10,11.53,21.1
prepared_meals,3,3.32,20,2.65,21.6
prepared_meals,4,2.02,10,1.81,13.5
prepared_meals,5,7.65,0,7.65,15.5
prepared_meals,3,12.54,0,12.54,14.2
prepared_meals,0,10.98,20,8.79,31.1
prepared_meals,3,12.05,20,9.64,43.9
prepared_meals,0,9.43,30,6.6,45.6
prepared_meals,2,12.33,10,11.1,24.7
prepared_meals,0,4.72,30,3.3,53.5
prepared_meals,3,8.77,30,6.14,38.2
prepared_meals,7,8.65,40,5.19,61.2
prepared_meals,4,14.72,0,14.72,15.0
prepared_meals,7,4.58,20,3.67,29.7
prepared_meals,4,9.84,0,9.84,14.1
prepared_meals,6,7.89,30,5.53,41.0
prepared_meals,1,14.28,0,14.28,12.4
prepared_meals,6,14.46,40,8.68,59.6
prepared_meals,2,3.67,0,3.67,13.8
prepared_meals,1,11.5,0,11.5,20.3
prepared_meals,5,14.15,50,7.08,100.0
prepared_meals,1,9.8,30,6.86,41.0
prepared_meals,5,10.61,0,10.61,13.8
prepared_meals,0,9.58,20,7.67,17.7
prepared_meals,4,4.46,10,4.01,25.5
prepared_meals,4,8.31,50,4.16,110.9
prepared_meals,5,11.57,30,8.1,40.3
prepared_meals,7,2.29,10,2.06,12.7
prepared_meals,0,9.77,30,6.84,67.2
prepared_meals,6,3.94,0,3.94,13.7
prepared_meals,7,8.14,20,6.51,28.9
prepared_meals,7,10.22,10,9.2,22.3
prepared_meals,0,7.85,0,7.85,20.1
prepared_meals,4,12.25,0,12.25,7.0
prepared_meals,7,14.23,0,14.23,20.6
prepared_meals,7,8.34,0,8.34,17.1
prepared_meals,2,12.04,0,12.04,25.7
prepared_meals,5,3.56,50,1.78,73.7
prepared_meals,4,5.8,30,4.06,41.6
prepared_meals,3,4.83,10,4.35,18.4
prepared_meals,4,11.41,0,11.41,11.3
prepared_meals,6,6.95,50,3.47,86.8
prepared_meals,4,12.17,20,9.73,29.8
prepared_meals,4,9.25,0,9.25,14.7
prepared_meals,2,7.61,0,7.61,20.7
prepared_meals,7,4.68,20,3.75,33.6
prepared_meals,2,9.92,0,9.92,16.1
prepared_meals,1,8.83,10,7.95,14.0
prepared_meals,7,10.09,0,10.09,17.9
prepared_meals,7,3.2,30,2.24,60.9
prepared_meals,4,6.82,0,6.82,17.3
prepared_meals,4,11.2,50,5.6,108.1
prepared_meals,3,10.36,0,10.36,18.8
prepared_meals,3,12.58,30,8.8,72.8
prepared_meals,2,2.56,50,1.28,95.9
prepared_meals,3,6.24,30,4.37,46.8
prepared_meals,5,10.26,0,10.26,17.0
prepared_meals,2,8.25,10,7.43,13.7
prepared_meals,1,11.64,30,8.15,33.2
prepared_meals,1,2.24,30,1.57,69.0
prepared_meals,2,8.39,40,5.04,69.1
prepared_meals,3,9.42,0,9.42,14.8
prepared_meals,2,6.08,0,6.08,29.6
prepared_meals,7,5.65,30,3.96,33.3
prepared_meals,1,8.41,30,5.89,40.4
prepared_meals,2,11.82,30,8.28,48.5
prepared_meals,6,3.65,50,1.82,70.8
prepared_meals,6,5.32,0,5.32,16.8
prepared_meals,2,12.76,10,11.49,17.9
prepared_meals,6,9.65,30,6.75,47.5
prepared_meals,5,10.37,20,8.29,24.4
prepared_meals,7,14.51,40,8.71,28.8
prepared_meals,1,3.16,30,2.21,60.0
prepared_meals,6,6.23,50,3.12,96.5
prepared_meals,7,14.95,20,11.96,30.7
prepared_meals,1,14.32,50,7.16,92.2
prepared_meals,4,2.46,0,2.46,13.6
prepared_meals,5,8.91,10,8.02,26.6
prepared_meals,0,3.15,10,2.84,22.2
prepared_meals,7,10.86,40,6.52,89.7
prepared_meals,3,3.42,0,3.42,16.6
prepared_meals,4,6.89,0,6.89,11.3
prepared_meals,5,12.98,20,10.38,22.1
prepared_meals,6,9.42,30,6.59,55.9
prepared_meals,0,6.25,40,3.75,93.5
prepared_meals,0,10.4,10,9.36,26.4
prepared_meals,3,5.96,20,4.76,19.5
prepared_meals,3,3.05,30,2.14,56.2
prepared_meals,4,11.29,0,11.29,16.0
prepared_meals,1,3.02,20,2.41,43.3
prepared_meals,5,6.74,10,6.07,18.3
prepared_meals,6,7.98,0,7.98,16.4
prepared_meals,7,5.67,40,3.4,56.5
prepared_meals,4,12.6,10,11.34,22.0
prepared_meals,7,8.58,20,6.86,28.6
prepared_meals,6,6.73,0,6.73,13.4
prepared_meals,4,3.61,10,3.24,12.0
prepared_meals,4,5.11,20,4.08,23.1
prepared_meals,6,10.62,0,10.62,11.8
prepared_meals,4,8.1,0,8.1,14.2
prepared_meals,7,3.77,40,2.26,69.9
prepared_meals,3,10.61,30,7.42,47.2
prepared_meals,0,4.92,20,3.94,34.5
prepared_meals,1,9.87,20,7.89,25.6
prepared_meals,3,8.97,0,8.97,11.1
prepared_meals,1,6.94,30,4.85,61.1
prepared_meals,2,13.54,10,12.19,24.1
prepared_meals,5,14.55,40,8.73,61.4
prepared_meals,4,4.03,20,3.23,14.0
prepared_meals,1,4.62,20,3.7,28.8
prepared_meals,5,14.92,20,11.93,32.6
prepared_meals,2,12.91,10,11.61,32.9
prepared_meals,6,10.34,50,5.17,41.7
prepared_meals,0,9.84,0,9.84,32.8
prepared_meals,4,7.16,0,7.16,12.2
prepared_meals,1,8.93,40,5.36,48.8
prepared_meals,0,2.53,10,2.28,39.5
prepared_meals,2,14.08,40,8.45,46.8
prepared_meals,4,9.06,20,7.25,34.6
prepared_meals,6,8.95,0,8.95,12.2
prepared_meals,0,13.95,20,11.16,34.6
prepared_meals,5,5.72,20,4.58,30.0
prepared_meals,3,5.55,30,3.88,41.3
prepared_meals,5,11.02,10,9.92,25.5
prepared_meals,7,13.06,0,13.06,15.7
prepared_meals,5,4.86,0,4.86,15.8
prepared_meals,4,10.56,20,8.45,36.9
prepared_meals,2,6.5,20,5.2,29.6
prepared_meals,2,2.4,10,2.16,19.3
prepared_meals,5,13.29,10,11.96,29.1
prepared_meals,5,14.82,0,14.82,13.4
prepared_meals,4,5.63,10,5.06,15.6
prepared_meals,4,13.47,40,8.08,44.9
prepared_meals,3,7.41,0,7.41,16.1
prepared_meals,2,3.86,40,2.31,64.4
prepared_meals,2,4.58,30,3.2,56.1
prepared_meals,5,11.9,20,9.52,28.1
prepared_meals,1,11.04,10,9.94,17.1
prepared_meals,1,6.26,20,5.01,21.9
prepared_meals,5,4.43,30,3.1,43.3
prepared_meals,4,13.4,0,13.4,13.6
prepared_meals,5,10.5,0,10.5,18.8
prepared_meals,3,12.77,30,8.94,21.9
prepared_meals,1,3.33,50,1.66,155.3
prepared_meals,2,9.57,20,7.65,36.6
prepared_meals,1,13.72,20,10.97,24.8
prepared_meals,6,4.07,10,3.66,20.6
prepared_meals,6,9.27,20,7.42,35.0
prepared_meals,0,3.23,20,2.59,45.8
prepared_meals,4,7.94,10,7.15,23.0
prepared_meals,2,9.19,30,6.43,39.6
prepared_meals,0,14.58,10,13.12,29.6
prepared_meals,1,11.97,40,7.18,95.9
prepared_meals,2,10.11,30,7.08,31.5
prepared_meals,7,15.0,30,10.5,36.6
prepared_meals,5,12.38,40,7.43,70.0
prepared_meals,5,11.66,20,9.32,26.6
prepared_meals,0,14.25,20,11.4,36.3
prepared_meals,1,12.45,0,12.45,12.5
prepared_meals,6,9.78,0,9.78,12.5
prepared_meals,2,12.73,40,7.64,79.7
prepared_meals,1,14.14,0,14.14,15.0
prepared_meals,6,3.84,50,1.92,73.5
prepared_meals,7,13.27,50,6.64,120.5
prepared_meals,0,4.86,0,4.86,16.0
prepared_meals,0,7.52,0,7.52,18.8
prepared_meals,2,12.01,50,6.0,127.8
prepared_meals,6,10.04,50,5.02,85.8
prepared_meals,6,10.03,30,7.02,29.2
prepared_meals,7,8.2,0,8.2,12.8
prepared_meals,6,11.05,10,9.94,29.2
prepared_meals,1,10.77,10,9.7,40.6
prepared_meals,5,11.29,10,10.16,27.1
prepared_meals,1,14.99,20,11.99,45.6
prepared_meals,6,9.99,10,8.99,20.3
prepared_meals,2,12.7,50,6.35,104.5
prepared_meals,7,3.94,20,3.15,39.6
prepared_meals,4,6.77,40,4.06,38.7
prepared_meals,5,9.98,0,9.98,17.1
prepared_meals,6,10.31,30,7.21,57.1
prepared_meals,7,4.99,0,4.99,15.2
prepared_meals,3,4.27,40,2.56,56.9
prepared_meals,1,13.5,0,13.5,15.8
prepared_meals,3,12.82,20,10.26,35.3
prepared_meals,5,8.9,30,6.23,44.4
prepared_meals,2,7.36,10,6.62,26.9
prepared_meals,6,6.77,40,4.06,56.4
prepared_meals,5,6.95,30,4.87,33.0
prepared_meals,0,6.1,10,5.49,22.5
prepared_meals,6,5.09,10,4.58,20.1
prepared_meals,4,2.39,10,2.15,16.3
prepared_meals,6,14.65,10,13.18,24.8
prepared_meals,3,11.61,0,11.61,13.3
prepared_meals,7,11.57,50,5.79,82.1
prepared_meals,5,5.01,50,2.5,112.3
prepared_meals,7,12.44,0,12.44,14.7
prepared_meals,6,2.27,30,1.59,111.3
prepared_meals,5,11.45,0,11.45,18.1
prepared_meals,0,5.78,40,3.47,54.7
prepared_meals,0,9.72,0,9.72,25.7
prepared_meals,7,5.27,20,4.21,30.2
prepared_meals,4,3.86,30,2.7,39.7
prepared_meals,6,7.76,20,6.21,34.1
prepared_meals,6,9.94,0,9.94,17.2
prepared_meals,3,14.81,0,14.81,14.4
prepared_meals,0,14.22,10,12.8,22.8
prepared_meals,4,13.24,0,13.24,6.4
prepared_meals,3,13.14,30,9.2,29.2
prepared_meals,2,5.73,0,5.73,19.8
prepared_meals,2,3.67,30,2.57,60.8
prepared_meals,4,13.2,10,11.88,27.2
prepared_meals,6,3.71,0,3.71,14.6
prepared_meals,5,4.76,0,4.76,13.7
prepared_meals,2,7.89,10,7.1,15.0
prepared_meals,5,6.11,50,3.05,100.8
prepared_meals,6,7.41,30,5.19,46.5
prepared_meals,2,10.2,30,7.14,52.3
prepared_meals,6,4.31,10,3.88,18.7
prepared_meals,4,4.57,50,2.29,80.1
prepared_meals,7,14.25,0,14.25,14.8
prepared_meals,7,5.85,50,2.93,49.3
prepared_meals,0,7.68,40,4.61,102.5
prepared_meals,7,6.06,50,3.03,100.2
prepared_meals,4,3.61,40,2.17,91.8
prepared_meals,5,2.4,0,2.4,12.2
prepared_meals,6,2.2,0,2.2,18.1
prepared_meals,4,3.59,30,2.51,39.4
prepared_meals,4,5.36,40,3.22,52.9
prepared_meals,2,2.37,20,1.9,39.6
prepared_meals,3,10.6,0,10.6,18.3
prepared_meals,1,11.75,0,11.75,17.1
prepared_meals,0,12.79,10,11.51,26.5
prepared_meals,4,5.49,50,2.74,112.7
prepared_meals,4,9.29,20,7.43,26.2
prepared_meals,4,14.1,0,14.1,18.0
prepared_meals,6,5.97,50,2.99,113.2
prepared_meals,2,7.71,30,5.4,61.3
prepared_meals,5,5.65,30,3.96,37.6
prepared_meals,6,14.83,0,14.83,13.3
prepared_meals,4,6.4,0,6.4,16.7
prepared_meals,4,2.54,0,2.54,12.2
prepared_meals,4,12.01,20,9.61,45.1
prepared_meals,6,5.24,20,4.19,27.9
prepared_meals,7,5.31,0,5.31,15.5
prepared_meals,7,10.5,0,10.5,15.6
prepared_meals,7,9.43,20,7.54,27.7
prepared_meals,0,7.46,40,4.48,83.1
prepared_meals,6,7.5,50,3.75,76.9
prepared_meals,3,3.84,0,3.84,17.6
prepared_meals,3,10.57,50,5.29,91.5
prepared_meals,4,10.33,50,5.16,116.6
prepared_meals,6,5.38,0,5.38,9.4
prepared_meals,4,12.23,30,8.56,41.2
prepared_meals,0,14.58,0,14.58,31.0
prepared_meals,1,14.0,0,14.0,32.0
prepared_meals,5,8.43,50,4.22,116.7
prepared_meals,0,9.76,0,9.76,29.4
prepared_meals,3,11.7,30,8.19,41.9
prepared_meals,4,4.22,20,3.37,21.7
prepared_meals,6,13.29,30,9.3,40.2
prepared_meals,6,11.13,0,11.13,15.8
prepared_meals,3,12.39,20,9.91,28.5
prepared_meals,3,9.96,0,9.96,14.9
prepared_meals,0,7.6,30,5.32,47.2
prepared_meals,4,6.86,30,4.8,36.9
prepared_meals,1,2.46,50,1.23,106.1
prepared_meals,5,10.94,20,8.75,22.3
prepared_meals,7,13.44,10,12.1,23.5
prepared_meals,3,14.33,0,14.33,19.5
prepared_meals,1,13.3,0,13.3,17.1
prepared_meals,0,2.92,0,2.92,21.7
prepared_meals,0,13.24,30,9.27,104.6
prepared_meals,0,6.02,0,6.02,27.8
prepared_meals,6,11.07,20,8.86,45.6
prepared_meals,7,7.24,10,6.52,21.6
prepared_meals,6,9.82,20,7.86,24.4
prepared_meals,1,11.47,0,11.47,26.0
prepared_meals,0,3.53,30,2.47,109.9
prepared_meals,1,14.93,0,14.93,21.2
prepared_meals,0,5.1,10,4.59,25.3
prepared_meals,3,14.17,0,14.17,19.7
prepared_meals,0,13.08,10,11.77,30.9
prepared_meals,0,11.99,20,9.59,31.5
prepared_meals,4,3.17,0,3.17,13.7
prepared_meals,2,5.01,0,5.01,16.7
prepared_meals,7,12.78,20,10.22,30.0
prepared_meals,2,12.43,50,6.22,112.3
prepared_meals,2,13.08,20,10.46,24.3
prepared_meals,6,12.99,20,10.39,16.9
prepared_meals,6,12.56,20,10.05,25.3
prepared_meals,1,13.03,20,10.42,26.4
prepared_meals,7,12.29,0,12.29,14.5
prepared_meals,3,12.28,0,12.28,12.2
prepared_meals,3,14.09,0,14.09,16.6
prepared_meals,7,14.76,30,10.33,52.4
prepared_meals,2,2.68,10,2.41,20.8
prepared_meals,1,5.29,10,4.76,22.0
prepared_meals,4,10.41,0,10.41,8.7
prepared_meals,4,6.13,30,4.29,43.1
prepared_meals,6,6.21,20,4.97,20.8
prepared_meals,4,7.57,20,6.06,37.7
prepared_meals,7,14.07,10,12.66,22.6
prepared_meals,7,9.97,10,8.97,19.9
prepared_meals,1,14.09,0,14.09,33.3
prepared_meals,4,13.9,0,13.9,12.4
prepared_meals,2,2.03,20,1.62,44.3
prepared_meals,1,4.83,0,4.83,27.6
prepared_meals,3,12.39,10,11.15,21.4
prepared_meals,0,14.29,10,12.86,23.9
prepared_meals,6,9.65,30,6.75,60.6
prepared_meals,4,12.18,40,7.31,47.4
prepared_meals,2,8.24,40,4.94,92.0
prepared_meals,5,5.06,0,5.06,16.4
prepared_meals,2,9.67,20,7.73,30.9
prepared_meals,3,6.75,50,3.37,149.9
prepared_meals,6,6.17,40,3.7,61.5
prepared_meals,4,9.88,0,9.88,13.0
prepared_meals,2,4.48,50,2.24,129.3
prepared_meals,5,4.09,50,2.05,111.4
prepared_meals,4,6.45,20,5.16,19.7
prepared_meals,1,12.14,0,12.14,16.6
prepared_meals,1,8.39,0,8.39,13.6
prepared_meals,1,4.15,40,2.49,63.7
prepared_meals,2,7.16,30,5.01,62.3
prepared_meals,0,11.9,0,11.9,16.3
prepared_meals,2,11.99,20,9.59,40.7
prepared_meals,1,4.63,20,3.7,34.5
prepared_meals,4,13.86,0,13.86,14.7
prepared_meals,5,11.83,20,9.46,35.6
prepared_meals,1,6.38,10,5.74,23.9
prepared_meals,7,11.42,40,6.85,55.1
prepared_meals,1,11.58,20,9.26,34.1
prepared_meals,3,3.58,0,3.58,18.2
prepared_meals,7,7.12,20,5.7,21.1
prepared_meals,4,3.65,30,2.56,63.7
prepared_meals,7,14.74,20,11.79,36.0
prepared_meals,6,11.62,40,6.97,37.3
prepared_meals,7,10.09,20,8.08,30.0
prepared_meals,5,9.83,50,4.92,64.4
prepared_meals,0,3.78,0,3.78,14.2
prepared_meals,0,6.47,30,4.53,48.6
prepared_meals,2,12.21,0,12.21,18.3
prepared_meals,3,13.22,10,11.9,19.9
prepared_meals,0,8.84,30,6.19,36.3
prepared_meals,1,10.4,0,10.4,13.3
prepared_meals,7,5.69,0,5.69,18.2
prepared_meals,6,11.7,10,10.53,13.0
prepared_meals,4,7.93,10,7.14,25.3
prepared_meals,0,10.98,50,5.49,121.8
prepared_meals,7,3.29,40,1.98,59.8
prepared_meals,0,10.65,40,6.39,64.9
prepared_meals,2,10.2,0,10.2,23.1
prepared_meals,1,7.42,0,7.42,14.6
prepared_meals,0,3.24,10,2.92,18.7
prepared_meals,1,12.61,20,10.09,31.5
prepared_meals,6,7.39,0,7.39,19.0
prepared_meals,4,3.41,0,3.41,9.7
prepared_meals,1,12.84,0,12.84,13.1
prepared_meals,6,3.91,30,2.74,31.8
prepared_meals,6,10.55,50,5.27,100.9
prepared_meals,0,6.57,0,6.57,27.6
prepared_meals,3,4.57,10,4.11,18.7
prepared_meals,0,4.82,20,3.86,32.1
prepared_meals,1,14.0,20,11.2,36.7
prepared_meals,3,9.92,20,7.94,37.4
prepared_meals,1,7.41,30,5.19,46.6
prepared_meals,6,4.94,20,3.95,19.0
prepared_meals,0,4.8,0,4.8,22.6
prepared_meals,7,5.86,30,4.1,42.5
prepared_meals,5,6.91,20,5.53,26.1
prepared_meals,3,10.33,30,7.23,26.1
prepared_meals,3,8.41,30,5.89,39.1
prepared_meals,5,6.43,50,3.22,143.9
prepared_meals,3,7.58,20,6.06,50.4
prepared_meals,0,8.54,10,7.69,26.5
prepared_meals,5,9.9,0,9.9,21.9
prepared_meals,2,4.95,50,2.48,130.4
prepared_meals,1,12.47,20,9.98,37.6
prepared_meals,1,10.34,0,10.34,16.3
prepared_meals,7,10.01,30,7.0,33.4
prepared_meals,7,2.06,40,1.24,55.5
prepared_meals,4,11.64,30,8.14,25.7
prepared_meals,6,8.53,40,5.12,55.1
prepared_meals,3,4.39,40,2.63,59.1
prepared_meals,2,11.7,0,11.7,19.4
prepared_meals,3,2.99,0,2.99,20.1
prepared_meals,1,5.89,0,5.89,21.8
prepared_meals,2,5.62,30,3.93,48.8
prepared_meals,0,13.55,10,12.2,27.1
prepared_meals,5,13.85,50,6.92,84.3
prepared_meals,5,6.1,20,4.88,38.5
prepared_meals,4,6.63,40,3.98,40.8
prepared_meals,6,13.91,0,13.91,11.2
prepared_meals,0,12.47,0,12.47,23.4
prepared_meals,2,4.95,10,4.46,18.8
prepared_meals,0,2.99,0,2.99,30.8
prepared_meals,4,9.6,20,7.68,32.7
prepared_meals,7,12.84,0,12.84,13.4
prepared_meals,7,11.81,0,11.81,14.7
prepared_meals,4,12.62,10,11.36,15.6
prepared_meals,0,6.57,20,5.26,38.5
prepared_meals,7,10.41,10,9.37,14.3
prepared_meals,2,10.1,30,7.07,44.5
prepared_meals,1,4.34,50,2.17,83.4
prepared_meals,1,7.1,40,4.26,78.3
prepared_meals,1,10.11,0,10.11,17.6
prepared_meals,3,2.78,0,2.78,21.0
prepared_meals,2,6.14,30,4.3,35.0
prepared_meals,0,10.21,0,10.21,15.0
prepared_meals,4,9.12,0,9.12,20.8
prepared_meals,0,6.15,0,6.15,21.2
prepared_meals,4,13.7,0,13.7,12.5
prepared_meals,7,5.93,40,3.56,70.4
prepared_meals,2,11.9,30,8.33,39.4
prepared_meals,5,12.9,30,9.03,44.5
prepared_meals,3,3.76,50,1.88,97.2
prepared_meals,7,7.13,20,5.7,23.2
prepared_meals,6,12.86,30,9.0,25.5
prepared_meals,4,12.31,40,7.39,47.2
prepared_meals,6,11.57,30,8.1,44.2
prepared_meals,5,11.45,10,10.31,32.1
prepared_meals,5,14.44,0,14.44,8.1
prepared_meals,6,13.85,20,11.08,38.1
prepared_meals,5,6.52,0,6.52,14.6
prepared_meals,3,5.34,50,2.67,121.1
prepared_meals,1,3.14,0,3.14,17.4
prepared_meals,0,7.88,50,3.94,129.7
prepared_meals,6,9.74,10,8.77,29.6
prepared_meals,0,2.69,20,2.15,40.3
prepared_meals,6,5.9,50,2.95,111.9
prepared_meals,4,2.42,10,2.18,25.3
prepared_meals,4,12.94,0,12.94,13.2
prepared_meals,5,5.16,0,5.16,16.4
prepared_meals,3,2.7,30,1.89,37.0
prepared_meals,3,7.17,50,3.58,84.4
prepared_meals,1,5.48,20,4.38,28.8
prepared_meals,2,4.91,30,3.44,34.3
prepared_meals,2,3.3,0,3.3,20.0
prepared_meals,3,10.01,40,6.0,54.1
prepared_meals,2,3.95,0,3.95,19.2
prepared_meals,7,12.93,10,11.63,32.0
prepared_meals,5,8.59,10,7.73,22.0
prepared_meals,4,8.71,10,7.84,22.1
prepared_meals,0,6.79,30,4.75,38.7
prepared_meals,4,8.1,0,8.1,21.5
prepared_meals,5,12.42,50,6.21,107.8
prepared_meals,6,14.36,40,8.62,66.0
prepared_meals,4,12.4,30,8.68,43.2
prepared_meals,6,12.83,0,12.83,18.5
prepared_meals,1,2.98,0,2.98,19.0
prepared_meals,7,11.25,0,11.25,15.6
prepared_meals,5,11.47,0,11.47,10.0
prepared_meals,1,14.74,40,8.84,106.0
prepared_meals,5,13.69,0,13.69,14.1
prepared_meals,2,13.98,30,9.79,84.1
prepared_meals,5,4.78,30,3.35,31.4
prepared_meals,5,12.41,40,7.45,49.9
prepared_meals,7,7.72,10,6.95,42.4
prepared_meals,6,12.36,0,12.36,28.1
prepared_meals,5,8.71,30,6.1,44.6
prepared_meals,1,9.26,0,9.26,14.0
prepared_meals,7,5.36,10,4.82,29.7
prepared_meals,1,3.15,10,2.84,32.0
prepared_meals,0,10.84,30,7.58,54.2
prepared_meals,1,2.8,10,2.52,28.2
prepared_meals,7,6.49,10,5.84,19.9
prepared_meals,3,8.88,0,8.88,18.4
prepared_meals,0,12.12,10,10.91,16.6
prepared_meals,0,12.81,20,10.25,44.7
prepared_meals,7,7.29,20,5.83,27.9
prepared_meals,3,6.34,40,3.81,43.0
prepared_meals,4,3.74,10,3.36,26.1
prepared_meals,5,7.91,30,5.54,49.0
prepared_meals,2,4.67,0,4.67,11.0
prepared_meals,0,14.93,50,7.46,110.7
prepared_meals,5,5.78,50,2.89,129.0
prepared_meals,6,4.78,0,4.78,14.0
prepared_meals,5,7.03,20,5.63,24.6
prepared_meals,3,11.45,0,11.45,13.2
prepared_meals,0,4.84,50,2.42,110.5
prepared_meals,4,5.59,30,3.91,35.3
prepared_meals,6,9.51,20,7.6,28.6
prepared_meals,6,8.62,50,4.31,66.8
prepared_meals,4,8.71,10,7.84,27.6
prepared_meals,1,12.84,10,11.56,20.5
prepared_meals,1,13.0,10,11.7,23.5
prepared_meals,4,6.64,0,6.64,18.4
prepared_meals,7,4.62,30,3.23,27.0
prepared_meals,2,2.73,20,2.18,40.1
prepared_meals,3,10.7,10,9.63,14.3
prepared_meals,3,3.41,0,3.41,22.0
prepared_meals,7,6.19,0,6.19,17.6
prepared_meals,3,2.34,0,2.34,19.9
prepared_meals,6,12.97,50,6.49,89.0
prepared_meals,7,7.07,50,3.53,151.8
prepared_meals,3,6.61,50,3.3,103.1
prepared_meals,2,12.99,0,12.99,18.7
prepared_meals,3,10.29,0,10.29,18.2
prepared_meals,0,13.69,0,13.69,24.0
prepared_meals,6,7.43,50,3.72,83.0
prepared_meals,7,13.76,0,13.76,13.2
prepared_meals,7,6.8,0,6.8,15.6
prepared_meals,5,6.04,30,4.23,49.7
prepared_meals,3,2.99,20,2.39,27.7
prepared_meals,6,14.89,20,11.91,26.4
prepared_meals,1,11.28,0,11.28,25.7
prepared_meals,5,14.64,30,10.25,35.2
prepared_meals,4,12.68,0,12.68,13.0
prepared_meals,1,4.21,50,2.1,72.9
prepared_meals,0,11.06,0,11.06,31.0
prepared_meals,5,11.71,40,7.02,57.2
prepared_meals,4,5.78,0,5.78,13.3
prepared_meals,6,11.19,50,5.6,77.3
prepared_meals,7,14.85,40,8.91,55.9
prepared_meals,3,4.1,20,3.28,23.9
prepared_meals,7,10.79,0,10.79,10.9
prepared_meals,0,14.43,40,8.66,96.4
prepared_meals,0,7.85,0,7.85,18.4
prepared_meals,1,13.42,0,13.42,13.3
prepared_meals,7,10.36,0,10.36,20.6
prepared_meals,4,14.89,50,7.45,131.9
prepared_meals,2,10.29,40,6.17,75.5
prepared_meals,5,14.0,10,12.6,20.4
prepared_meals,6,12.4,50,6.2,110.0
prepared_meals,7,4.08,10,3.67,13.2
prepared_meals,7,4.78,0,4.78,9.5
prepared_meals,0,11.68,50,5.84,135.7
prepared_meals,6,4.56,0,4.56,10.6
prepared_meals,3,14.76,10,13.29,29.0
prepared_meals,3,3.31,0,3.31,15.1
prepared_meals,6,7.85,0,7.85,6.6
prepared_meals,2,9.31,30,6.52,52.0
prepared_meals,2,7.09,0,7.09,16.5
prepared_meals,2,8.83,0,8.83,21.1
prepared_meals,7,9.02,30,6.31,28.1
prepared_meals,6,6.29,20,5.03,25.1
prepared_meals,5,14.26,30,9.98,40.1
prepared_meals,6,11.14,30,7.8,39.3
prepared_meals,4,6.42,50,3.21,121.2
prepared_meals,0,6.39,0,6.39,22.7
prepared_meals,2,10.21,50,5.1,95.7
prepared_meals,2,9.73,30,6.81,62.4
prepared_meals,2,5.98,0,5.98,16.1
prepared_meals,7,7.57,40,4.54,28.7
prepared_meals,6,3.28,0,3.28,13.9
prepared_meals,5,13.54,10,12.18,18.8
prepared_meals,3,7.18,30,5.03,39.1
prepared_meals,6,10.4,10,9.36,22.2
prepared_meals,6,7.43,30,5.2,27.9
prepared_meals,5,8.78,10,7.9,19.5
prepared_meals,3,11.15,0,11.15,13.9
prepared_meals,4,12.89,10,11.6,18.1
prepared_meals,0,14.44,30,10.11,75.2
prepared_meals,4,7.75,20,6.2,29.3
prepared_meals,2,6.06,50,3.03,151.6
prepared_meals,0,14.31,10,12.88,26.3
prepared_meals,2,5.26,30,3.68,45.0
prepared_meals,2,10.03,30,7.02,35.0
prepared_meals,3,6.61,40,3.97,49.1
prepared_meals,1,7.52,0,7.52,15.6
prepared_meals,0,3.22,20,2.58,42.6
prepared_meals,7,12.35,0,12.35,18.3
prepared_meals,7,6.92,0,6.92,18.9
prepared_meals,4,3.83,30,2.68,35.3
prepared_meals,7,9.45,10,8.51,22.4
prepared_meals,1,4.0,50,2.0,179.7
prepared_meals,7,3.4,30,2.38,33.3
prepared_meals,3,11.0,40,6.6,47.1
prepared_meals,6,11.47,50,5.73,173.9
prepared_meals,6,9.82,20,7.86,19.1
prepared_meals,6,8.09,30,5.66,28.9
prepared_meals,7,6.74,30,4.72,41.9
prepared_meals,1,9.89,0,9.89,25.2
prepared_meals,7,3.32,0,3.32,16.9
prepared_meals,6,14.08,40,8.45,31.4
prepared_meals,6,3.78,0,3.78,10.6
prepared_meals,4,14.36,0,14.36,12.8
prepared_meals,1,14.66,50,7.33,179.4
prepared_meals,5,14.44,0,14.44,9.3
prepared_meals,0,4.55,30,3.19,58.5
prepared_meals,1,9.58,0,9.58,20.3
prepared_meals,1,2.57,0,2.57,20.1
prepared_meals,1,12.82,50,6.41,76.7
prepared_meals,6,6.41,20,5.13,28.7
prepared_meals,3,10.56,0,10.56,16.6
prepared_meals,7,10.66,0,10.66,8.6
prepared_meals,0,8.41,40,5.05,60.7
prepared_meals,7,12.96,20,10.37,18.7
prepared_meals,6,6.23,30,4.36,36.0
prepared_meals,1,9.42,10,8.48,33.7
prepared_meals,2,9.42,10,8.48,25.8
prepared_meals,1,10.35,0,10.35,27.2
prepared_meals,7,11.22,0,11.22,12.8
prepared_meals,2,11.28,30,7.9,40.5
prepared_meals,1,7.21,0,7.21,15.4
prepared_meals,7,4.32,0,4.32,14.1
prepared_meals,5,14.24,0,14.24,17.0
prepared_meals,7,11.53,20,9.22,25.6
prepared_meals,4,2.58,20,2.07,32.3
prepared_meals,3,7.83,30,5.48,39.9
prepared_meals,4,13.21,30,9.25,58.4
prepared_meals,6,5.24,0,5.24,15.6
prepared_meals,5,6.55,10,5.89,20.2
prepared_meals,6,11.88,50,5.94,94.7
prepared_meals,3,9.75,50,4.87,117.4
prepared_meals,1,12.25,0,12.25,19.9
prepared_meals,5,10.59,20,8.47,28.7
prepared_meals,6,5.75,0,5.75,21.8
prepared_meals,6,8.5,40,5.1,42.4
prepared_meals,3,6.05,0,6.05,16.6
prepared_meals,4,4.32,0,4.32,14.8
prepared_meals,1,8.92,30,6.24,65.2
prepared_meals,0,3.81,0,3.81,22.3
prepared_meals,3,14.4,20,11.52,29.4
prepared_meals,5,6.73,40,4.04,56.2
prepared_meals,5,7.26,0,7.26,13.2
prepared_meals,1,6.06,20,4.85,30.2
prepared_meals,7,3.43,0,3.43,16.6
prepared_meals,7,12.1,10,10.89,15.4
prepared_meals,2,6.62,0,6.62,15.0
prepared_meals,4,6.65,20,5.32,35.9
prepared_meals,2,11.49,20,9.19,29.7
prepared_meals,2,4.76,0,4.76,20.1
prepared_meals,1,9.69,0,9.69,19.7
prepared_meals,7,13.77,30,9.64,46.8
prepared_meals,7,2.55,20,2.04,24.9
prepared_meals,3,6.1,0,6.1,16.7
prepared_meals,0,6.76,50,3.38,164.8
prepared_meals,2,6.82,10,6.14,23.9
prepared_meals,1,2.92,20,2.34,33.9
prepared_meals,3,2.22,0,2.22,18.4
prepared_meals,1,6.15,30,4.31,45.8
prepared_meals,3,13.49,20,10.79,28.5
prepared_meals,3,14.77,40,8.86,43.7
prepared_meals,7,9.82,0,9.82,12.2
prepared_meals,7,2.7,0,2.7,13.0
prepared_meals,5,5.8,20,4.64,26.1
prepared_meals,7,4.38,10,3.94,12.9
prepared_meals,3,4.48,50,2.24,83.2
prepared_meals,3,13.07,0,13.07,11.3
prepared_meals,2,12.65,20,10.12,34.0
prepared_meals,1,5.33,20,4.26,40.5
prepared_meals,1,10.19,0,10.19,21.5
prepared_meals,6,13.58,20,10.87,21.0
prepared_meals,7,2.58,10,2.32,33.6
prepared_meals,6,8.65,0,8.65,16.1
prepared_meals,4,10.68,10,9.61,18.8
prepared_meals,4,14.98,0,14.98,12.9
prepared_meals,4,8.32,0,8.32,19.6
prepared_meals,0,12.36,0,12.36,15.3
prepared_meals,7,4.37,50,2.19,95.9
prepared_meals,0,4.21,0,4.21,17.1
prepared_meals,4,6.9,10,6.21,20.1
prepared_meals,1,10.79,0,10.79,11.2
prepared_meals,0,12.07,30,8.45,53.1
prepared_meals,1,9.38,10,8.44,18.1
prepared_meals,0,7.4,0,7.4,32.4
prepared_meals,7,11.99,10,10.79,17.3
prepared_meals,1,12.49,50,6.24,109.7
prepared_meals,0,4.12,30,2.88,42.3
prepared_meals,1,7.1,0,7.1,18.3
prepared_meals,4,3.13,0,3.13,15.5
prepared_meals,3,4.63,0,4.63,11.0
prepared_meals,7,11.1,0,11.1,19.3
prepared_meals,6,6.91,40,4.14,55.0
prepared_meals,0,13.12,30,9.18,49.9
prepared_meals,3,4.88,50,2.44,128.6
prepared_meals,5,3.53,0,3.53,10.5
prepared_meals,4,8.16,10,7.34,18.5
prepared_meals,4,6.22,0,6.22,17.9
prepared_meals,0,4.02,10,3.62,25.8
prepared_meals,1,7.41,0,7.41,14.7
prepared_meals,2,4.53,0,4.53,15.9
prepared_meals,6,5.88,10,5.29,16.9
prepared_meals,5,5.79,20,4.63,36.1
prepared_meals,1,8.21,30,5.75,53.0
prepared_meals,6,13.97,0,13.97,16.5
prepared_meals,5,13.69,10,12.32,19.0
prepared_meals,5,2.93,30,2.05,32.3
prepared_meals,1,2.2,30,1.54,53.9
prepared_meals,7,4.25,0,4.25,15.0
prepared_meals,3,9.11,10,8.2,17.8
prepared_meals,5,11.87,0,11.87,24.4
prepared_meals,3,11.68,0,11.68,13.8
prepared_meals,0,5.12,20,4.1,45.9
prepared_meals,0,4.17,0,4.17,22.9
prepared_meals,4,2.07,20,1.65,24.2
prepared_meals,0,11.41,30,7.99,51.3
prepared_meals,0,6.7,0,6.7,28.3
prepared_meals,1,3.95,10,3.56,35.0
prepared_meals,5,2.69,10,2.42,18.5
prepared_meals,3,3.03,30,2.12,47.8
prepared_meals,6,12.73,0,12.73,15.8
prepared_meals,3,3.01,0,3.01,15.0
prepared_meals,1,8.53,20,6.82,38.1
prepared_meals,4,10.68,30,7.47,29.3
prepared_meals,4,14.35,0,14.35,17.7
prepared_meals,6,7.05,30,4.93,46.0
prepared_meals,3,7.54,0,7.54,17.4
prepared_meals,6,4.24,0,4.24,17.5
prepared_meals,0,5.63,40,3.38,120.7
prepared_meals,3,5.5,10,4.95,22.2
prepared_meals,1,2.23,10,2.01,24.7
prepared_meals,2,5.23,50,2.62,93.0
prepared_meals,1,10.87,0,10.87,21.5
prepared_meals,3,5.89,10,5.3,14.5
prepared_meals,0,2.63,50,1.32,140.5
prepared_meals,1,13.23,20,10.59,57.4
prepared_meals,2,13.56,20,10.85,28.3
prepared_meals,2,9.19,50,4.59,63.5
prepared_meals,2,14.69,0,14.69,23.6
prepared_meals,4,4.53,30,3.17,29.9
prepared_meals,4,3.91,0,3.91,20.5
prepared_meals,3,4.65,0,4.65,17.2
prepared_meals,0,2.47,20,1.98,33.5
prepared_meals,6,12.26,0,12.26,18.5
prepared_meals,4,8.72,20,6.98,16.8
prepared_meals,7,9.32,10,8.39,23.4
prepared_meals,0,4.57,40,2.74,82.3
prepared_meals,0,6.76,10,6.08,38.0
prepared_meals,0,10.48,10,9.44,27.5
prepared_meals,6,6.78,50,3.39,107.4
prepared_meals,0,14.44,40,8.66,136.2
prepared_meals,7,14.6,20,11.68,36.3
prepared_meals,2,9.51,10,8.56,26.8
prepared_meals,1,4.82,20,3.86,35.0
prepared_meals,3,14.88,0,14.88,13.5
prepared_meals,5,7.52,50,3.76,68.3
prepared_meals,0,5.55,0,5.55,15.6
prepared_meals,2,14.52,0,14.52,24.5
prepared_meals,6,9.28,30,6.5,20.5
prepared_meals,7,2.52,20,2.02,22.4
prepared_meals,3,6.79,0,6.79,12.5
prepared_meals,4,3.36,10,3.02,14.5
prepared_meals,7,3.45,30,2.42,50.8
prepared_meals,5,3.96,0,3.96,17.1
prepared_meals,5,12.69,10,11.42,25.4
prepared_meals,5,3.83,10,3.44,22.2
prepared_meals,0,12.21,50,6.11,127.2
prepared_meals,3,9.58,20,7.67,20.4
prepared_meals,0,11.46,0,11.46,15.5
prepared_meals,1,10.32,10,9.29,16.6
prepared_meals,3,8.12,10,7.31,18.5
prepared_meals,1,10.32,0,10.32,21.2
prepared_meals,6,8.68,20,6.94,16.0
prepared_meals,7,3.01,20,2.41,36.0
prepared_meals,5,11.25,0,11.25,23.9
prepared_meals,5,7.91,0,7.91,9.6
prepared_meals,6,5.21,30,3.65,56.5
prepared_meals,5,14.71,10,13.24,24.3
prepared_meals,1,12.01,10,10.81,23.3
prepared_meals,0,9.88,0,9.88,20.6
prepared_meals,7,13.41,30,9.39,39.0
prepared_meals,5,8.53,0,8.53,14.2
prepared_meals,1,11.62,0,11.62,15.7
prepared_meals,5,13.25,20,10.6,26.4
prepared_meals,5,6.57,20,5.26,21.6
prepared_meals,1,10.13,30,7.09,50.3
prepared_meals,5,3.14,20,2.51,39.1
prepared_meals,1,5.24,20,4.19,45.6
prepared_meals,0,10.46,20,8.37,43.8
prepared_meals,7,9.14,50,4.57,39.9
prepared_meals,6,13.22,50,6.61,91.8
prepared_meals,7,12.93,20,10.34,36.3
prepared_meals,6,14.94,40,8.96,53.7
prepared_meals,2,5.26,0,5.26,37.6
prepared_meals,3,14.61,50,7.3,102.0
prepared_meals,2,4.33,0,4.33,14.0
prepared_meals,5,2.58,30,1.81,47.0
prepared_meals,1,8.13,50,4.07,121.8
prepared_meals,4,7.12,30,4.98,48.4
prepared_meals,7,9.12,10,8.21,25.7
prepared_meals,6,13.44,0,13.44,12.3
prepared_meals,1,3.43,30,2.4,72.8
prepared_meals,4,2.99,50,1.49,99.7
prepared_meals,6,2.15,10,1.94,17.6
prepared_meals,3,5.28,50,2.64,65.1
prepared_meals,3,5.74,0,5.74,16.8
prepared_meals,1,6.96,30,4.87,51.9
prepared_meals,0,9.27,30,6.49,38.8
prepared_meals,3,4.22,30,2.95,28.4
prepared_meals,5,10.91,20,8.73,36.1
prepared_meals,1,2.11,30,1.48,53.2
prepared_meals,0,11.6,0,11.6,13.4
prepared_meals,0,12.49,20,9.99,17.0
prepared_meals,2,4.85,50,2.43,95.9
prepared_meals,5,14.83,0,14.83,18.2
prepared_meals,2,8.65,0,8.65,17.3
prepared_meals,2,9.69,40,5.81,62.2
prepared_meals,6,7.98,0,7.98,15.8
prepared_meals,6,9.48,0,9.48,19.0
prepared_meals,5,8.25,40,4.95,59.4
prepared_meals,7,7.69,0,7.69,18.8
prepared_meals,1,7.92,40,4.75,80.4
prepared_meals,6,7.55,10,6.8,17.1
prepared_meals,5,13.41,0,13.41,22.2
prepared_meals,0,2.88,30,2.02,54.1
prepared_meals,1,9.05,40,5.43,60.1
prepared_meals,4,14.44,50,7.22,103.7
prepared_meals,7,7.15,10,6.44,13.6
prepared_meals,3,4.73,30,3.31,42.6
prepared_meals,4,6.57,10,5.92,24.4
prepared_meals,6,8.09,30,5.66,45.0
prepared_meals,6,7.84,10,7.05,22.2
prepared_meals,4,9.02,0,9.02,13.4
prepared_meals,3,10.61,20,8.48,28.6
prepared_meals,4,13.49,0,13.49,12.4
prepared_meals,7,5.39,30,3.77,27.7
prepared_meals,4,11.61,0,11.61,13.9
prepared_meals,6,9.14,50,4.57,104.6
prepared_meals,3,12.31,30,8.62,29.2
prepared_meals,6,5.1,0,5.1,17.3
prepared_meals,5,4.11,0,4.11,12.2
prepared_meals,4,4.79,30,3.35,25.1
prepared_meals,2,2.52,0,2.52,19.6
prepared_meals,6,10.33,0,10.33,15.9
prepared_meals,6,7.03,10,6.33,19.9
prepared_meals,6,6.19,20,4.95,23.8
prepared_meals,4,3.73,50,1.86,109.9
prepared_meals,3,12.48,10,11.23,22.5
prepared_meals,2,10.7,20,8.56,22.6
prepared_meals,4,8.32,30,5.83,30.9
prepared_meals,0,9.74,20,7.79,49.1
prepared_meals,4,13.31,40,7.99,40.3
prepared_meals,5,5.14,20,4.12,27.2
prepared_meals,4,4.77,0,4.77,14.1
prepared_meals,0,5.36,10,4.82,29.0
prepared_meals,7,4.58,20,3.66,18.0
prepared_meals,7,4.17,0,4.17,11.8
prepared_meals,5,4.17,0,4.17,17.5
prepared_meals,7,7.67,20,6.14,26.1
prepared_meals,4,11.52,20,9.21,23.5
prepared_meals,1,2.29,0,2.29,8.6
prepared_meals,0,14.0,0,14.0,20.3
prepared_meals,7,13.99,0,13.99,14.3
prepared_meals,3,11.42,40,6.85,61.8
prepared_meals,1,12.41,0,12.41,20.3
prepared_meals,7,12.49,50,6.25,90.2
prepared_meals,7,5.76,10,5.18,28.3
prepared_meals,6,3.74,50,1.87,72.2
prepared_meals,4,2.19,10,1.97,18.2
prepared_meals,0,6.77,0,6.77,22.4
prepared_meals,4,11.65,40,6.99,59.3
prepared_meals,0,2.02,20,1.62,36.4
prepared_meals,1,3.37,0,3.37,23.5
prepared_meals,5,3.64,0,3.64,15.6
prepared_meals,2,5.63,0,5.63,12.9
prepared_meals,3,3.3,30,2.31,40.0
prepared_meals,1,6.47,40,3.88,76.9
prepared_meals,3,8.42,40,5.05,71.1
prepared_meals,2,14.25,20,11.4,29.0
prepared_meals,2,12.91,40,7.75,52.3
prepared_meals,1,13.53,0,13.53,17.2
prepared_meals,0,9.68,0,9.68,29.7
prepared_meals,2,13.86,10,12.48,19.2
prepared_meals,1,4.21,50,2.11,178.2
prepared_meals,6,4.06,10,3.65,16.7
prepared_meals,6,9.33,30,6.53,37.8
prepared_meals,7,12.43,0,12.43,11.4
prepared_meals,4,7.38,0,7.38,13.1
prepared_meals,0,4.1,40,2.46,72.3
prepared_meals,6,9.61,0,9.61,9.5
prepared_meals,7,13.62,0,13.62,12.5
prepared_meals,0,13.69,20,10.95,36.9
prepared_meals,0,6.12,0,6.12,18.5
prepared_meals,7,3.23,10,2.91,13.1
prepared_meals,3,14.48,20,11.59,30.0
prepared_meals,1,6.08,30,4.26,46.0
prepared_meals,5,6.59,10,5.93,18.8
prepared_meals,4,2.33,40,1.4,58.7
prepared_meals,1,4.93,0,4.93,17.3
prepared_meals,6,7.11,40,4.26,42.8
prepared_meals,3,2.97,0,2.97,15.0
prepared_meals,4,2.83,50,1.41,57.3
prepared_meals,0,3.49,30,2.45,53.6
prepared_meals,1,9.27,10,8.34,35.8
prepared_meals,7,14.32,30,10.02,43.2
prepared_meals,2,10.09,0,10.09,14.8
prepared_meals,7,2.48,50,1.24,120.8
prepared_meals,5,9.05,10,8.15,18.2
prepared_meals,4,14.74,0,14.74,18.3
prepared_meals,4,12.95,0,12.95,11.4
prepared_meals,4,14.62,50,7.31,80.6
prepared_meals,3,5.77,10,5.19,18.9
prepared_meals,1,9.59,0,9.59,24.0
prepared_meals,6,12.08,30,8.46,36.0
prepared_meals,2,4.31,40,2.58,51.0
prepared_meals,5,11.46,40,6.88,47.6
prepared_meals,2,11.31,20,9.05,42.4
prepared_meals,7,6.66,40,4.0,35.3
prepared_meals,2,11.16,0,11.16,24.1
prepared_meals,4,5.0,0,5.0,21.3
prepared_meals,6,11.44,0,11.44,19.7
prepared_meals,0,2.3,10,2.07,30.1
prepared_meals,6,14.5,30,10.15,46.5
prepared_meals,3,8.74,0,8.74,14.3
prepared_meals,0,12.46,0,12.46,16.3
prepared_meals,7,14.45,30,10.12,36.1
prepared_meals,2,14.09,0,14.09,19.7
prepared_meals,5,14.64,50,7.32,112.2
prepared_meals,0,14.25,0,14.25,26.9
prepared_meals,7,4.04,0,4.04,21.1
prepared_meals,7,11.98,20,9.58,30.3
prepared_meals,1,8.71,0,8.71,10.5
prepared_meals,7,9.48,0,9.48,8.2
prepared_meals,3,2.83,40,1.7,85.6
prepared_meals,2,9.89,0,9.89,21.7
prepared_meals,4,8.74,50,4.37,82.0
prepared_meals,6,13.25,0,13.25,16.4
prepared_meals,1,9.53,10,8.57,24.1
prepared_meals,1,2.49,10,2.24,26.8
prepared_meals,0,8.92,10,8.03,42.5
prepared_meals,5,11.34,30,7.93,49.6
prepared_meals,4,6.11,30,4.27,46.6
prepared_meals,0,5.61,0,5.61,23.6
prepared_meals,5,9.82,10,8.84,16.8
prepared_meals,5,6.97,10,6.27,33.1
prepared_meals,0,7.92,0,7.92,25.6
prepared_meals,5,14.25,10,12.82,17.6
prepared_meals,6,7.39,30,5.18,31.5
prepared_meals,4,8.25,0,8.25,17.4
prepared_meals,0,12.95,40,7.77,154.5
prepared_meals,0,11.0,30,7.7,56.9
prepared_meals,3,12.54,0,12.54,20.9
prepared_meals,4,6.81,40,4.09,44.0
prepared_meals,0,14.64,40,8.78,52.7
prepared_meals,1,13.38,10,12.04,22.1
prepared_meals,1,14.77,40,8.86,75.0
prepared_meals,0,6.23,20,4.98,36.0
prepared_meals,2,10.46,0,10.46,17.3
prepared_meals,6,10.9,30,7.63,32.8
prepared_meals,2,5.56,30,3.89,51.8
prepared_meals,3,12.73,0,12.73,16.8
prepared_meals,7,10.71,40,6.43,38.0
prepared_meals,4,11.41,50,5.7,130.0
prepared_meals,7,13.53,20,10.82,23.6
prepared_meals,5,4.72,0,4.72,12.4
prepared_meals,3,10.25,10,9.23,27.9
prepared_meals,0,11.58,30,8.11,64.4
prepared_meals,5,11.4,50,5.7,98.7
prepared_meals,3,8.68,10,7.81,18.4
prepared_meals,6,3.1,0,3.1,15.5
prepared_meals,6,8.87,10,7.98,19.1
prepared_meals,0,12.12,0,12.12,34.5
prepared_meals,0,2.85,10,2.57,19.6
prepared_meals,2,12.76,0,12.76,14.8
prepared_meals,2,7.12,40,4.27,53.5
prepared_meals,6,12.12,30,8.48,35.4
prepared_meals,1,8.63,10,7.77,30.1
prepared_meals,6,5.0,0,5.0,15.1
prepared_meals,5,11.02,20,8.82,29.7
prepared_meals,7,7.44,40,4.46,54.1
prepared_meals,3,4.03,20,3.23,24.6
prepared_meals,6,2.13,0,2.13,16.3
prepared_meals,5,6.5,10,5.85,21.1
prepared_meals,3,6.85,40,4.11,64.5
prepared_meals,7,4.63,30,3.24,45.9
prepared_meals,5,6.9,0,6.9,23.4
prepared_meals,7,7.54,0,7.54,8.7
prepared_meals,3,13.51,40,8.11,66.8
prepared_meals,2,2.68,10,2.41,19.7
prepared_meals,4,10.92,0,10.92,15.6
prepared_meals,7,12.98,0,12.98,11.6
prepared_meals,0,7.4,30,5.18,55.0
prepared_meals,6,2.57,20,2.05,30.9
prepared_meals,7,7.24,30,5.07,36.6
prepared_meals,5,2.04,30,1.43,37.4
prepared_meals,5,12.86,10,11.57,24.4
prepared_meals,4,2.29,50,1.14,111.3
prepared_meals,4,7.97,30,5.58,44.8
prepared_meals,6,9.27,10,8.35,25.2
prepared_meals,3,7.73,50,3.86,133.6
prepared_meals,5,13.0,0,13.0,10.8
prepared_meals,7,11.06,0,11.06,13.4
prepared_meals,5,4.24,40,2.54,76.4
prepared_meals,1,8.6,0,8.6,17.5
prepared_meals,0,8.37,50,4.18,132.9
prepared_meals,0,7.08,40,4.25,74.9
prepared_meals,1,14.97,0,14.97,18.4
prepared_meals,6,2.13,0,2.13,7.3
prepared_meals,1,3.06,10,2.75,19.4
prepared_meals,0,4.14,0,4.14,22.1
prepared_meals,3,14.37,10,12.93,19.6
prepared_meals,6,6.48,0,6.48,11.3
prepared_meals,6,2.8,40,1.68,51.1
prepared_meals,3,14.0,0,14.0,25.9
prepared_meals,5,11.5,30,8.05,37.5
prepared_meals,5,2.36,0,2.36,19.7
prepared_meals,4,3.04,0,3.04,12.8
prepared_meals,3,12.54,10,11.28,22.3
prepared_meals,5,13.3,50,6.65,53.3
prepared_meals,4,7.74,0,7.74,12.0
prepared_meals,7,10.89,30,7.62,89.8
prepared_meals,7,11.76,0,11.76,14.9
prepared_meals,0,13.31,30,9.32,74.4
prepared_meals,5,13.88,50,6.94,130.9
prepared_meals,5,10.2,20,8.16,36.9
prepared_meals,7,4.4,10,3.96,15.5
prepared_meals,1,8.11,0,8.11,15.2
prepared_meals,0,12.2,10,10.98,20.2
prepared_meals,2,13.61,20,10.89,44.1
prepared_meals,4,3.42,20,2.73,25.5
prepared_meals,5,8.01,40,4.81,42.4
prepared_meals,1,10.38,30,7.27,57.3
prepared_meals,1,14.51,0,14.51,25.4
prepared_meals,0,5.1,30,3.57,58.2
prepared_meals,0,4.42,0,4.42,32.6
prepared_meals,4,13.16,0,13.16,14.3
prepared_meals,0,9.95,50,4.98,75.7
prepared_meals,5,6.88,0,6.88,27.1
prepared_meals,6,8.56,10,7.7,28.2
prepared_meals,4,9.97,40,5.98,75.8
prepared_meals,5,8.35,30,5.85,31.2
prepared_meals,6,9.89,30,6.92,38.1
prepared_meals,6,10.52,0,10.52,12.5
prepared_meals,7,10.4,0,10.4,14.6
prepared_meals,6,13.82,30,9.67,39.9
prepared_meals,5,2.15,40,1.29,52.4
prepared_meals,0,4.04,0,4.04,20.3
prepared_meals,2,7.86,20,6.29,50.1
prepared_meals,2,13.61,40,8.17,44.5
prepared_meals,4,9.75,30,6.83,30.8
prepared_meals,4,13.26,0,13.26,16.8
prepared_meals,5,5.35,50,2.67,77.6
prepared_meals,6,3.55,30,2.49,45.6
prepared_meals,0,4.23,30,2.96,42.8
prepared_meals,2,6.73,0,6.73,18.6
prepared_meals,5,5.23,20,4.19,30.8
prepared_meals,0,13.45,10,12.1,44.3
prepared_meals,1,4.28,0,4.28,10.7
prepared_meals,6,8.93,50,4.47,90.2
prepared_meals,5,3.76,40,2.26,69.0
prepared_meals,1,12.63,0,12.63,13.3
prepared_meals,0,4.1,0,4.1,16.4
prepared_meals,4,14.51,0,14.51,24.2
prepared_meals,0,4.29,30,3.01,58.0
prepared_meals,7,11.85,40,7.11,54.9
prepared_meals,4,4.85,0,4.85,11.5
prepared_meals,5,8.51,10,7.66,25.5
prepared_meals,6,3.08,30,2.16,37.8
prepared_meals,7,5.87,10,5.29,20.6
prepared_meals,6,3.43,40,2.06,35.7
prepared_meals,5,7.94,50,3.97,65.7
prepared_meals,7,7.12,0,7.12,22.3
prepared_meals,7,5.77,10,5.2,24.1
prepared_meals,6,14.8,10,13.32,17.8
prepared_meals,2,8.16,0,8.16,20.2
prepared_meals,7,6.87,0,6.87,13.3
prepared_meals,7,11.26,0,11.26,12.0
prepared_meals,4,11.33,10,10.2,25.7
prepared_meals,7,9.04,30,6.33,42.6
prepared_meals,0,3.39,30,2.38,65.8
prepared_meals,5,7.96,30,5.57,50.7
prepared_meals,4,11.05,10,9.94,18.9
prepared_meals,4,13.54,0,13.54,25.4
prepared_meals,5,11.13,0,11.13,15.0
prepared_meals,3,5.46,10,4.91,20.7
prepared_meals,3,7.13,0,7.13,18.8
prepared_meals,1,2.92,0,2.92,20.9
prepared_meals,1,8.75,50,4.37,179.4
prepared_meals,3,3.07,0,3.07,15.3
prepared_meals,4,14.45,0,14.45,22.8
prepared_meals,0,14.04,10,12.64,25.2
prepared_meals,4,7.19,10,6.47,18.7
prepared_meals,6,2.15,20,1.72,29.8
prepared_meals,2,9.48,0,9.48,16.9
prepared_meals,4,4.91,0,4.91,17.7
prepared_meals,4,8.49,30,5.94,32.1
prepared_meals,3,7.33,20,5.87,27.0
prepared_meals,7,11.82,0,11.82,16.3
prepared_meals,3,11.24,0,11.24,9.1
prepared_meals,4,9.78,20,7.82,14.4
prepared_meals,5,9.19,10,8.27,21.0
prepared_meals,0,10.56,0,10.56,25.7
prepared_meals,4,13.31,0,13.31,22.1
prepared_meals,4,12.53,10,11.28,10.9
prepared_meals,0,13.3,20,10.64,27.2
prepared_meals,6,7.94,0,7.94,16.9
prepared_meals,0,6.36,40,3.82,70.8
prepared_meals,4,8.45,10,7.6,16.0
prepared_meals,7,11.17,0,11.17,19.5
prepared_meals,3,5.56,0,5.56,20.1
prepared_meals,6,13.08,40,7.85,45.6
prepared_meals,4,12.19,30,8.53,40.3
prepared_meals,5,6.22,50,3.11,79.3
prepared_meals,2,4.81,10,4.33,28.2
prepared_meals,6,7.63,40,4.58,64.3
prepared_meals,1,5.26,20,4.21,36.7
prepared_meals,7,3.23,30,2.26,43.0
prepared_meals,1,3.96,0,3.96,18.9
prepared_meals,1,11.01,20,8.81,36.2
prepared_meals,0,7.8,0,7.8,18.7
prepared_meals,2,12.47,0,12.47,26.8
prepared_meals,1,14.99,20,11.99,34.9
prepared_meals,6,12.96,30,9.07,49.7
prepared_meals,1,8.47,30,5.93,55.2
prepared_meals,7,9.01,10,8.11,14.2
prepared_meals,0,3.35,10,3.02,33.4
prepared_meals,2,3.49,0,3.49,18.6
prepared_meals,0,2.39,30,1.67,46.9
prepared_meals,5,8.97,10,8.08,18.6
prepared_meals,4,2.72,30,1.9,53.5
prepared_meals,3,7.16,40,4.3,43.1
prepared_meals,3,9.51,30,6.66,41.2
prepared_meals,4,12.07,10,10.86,17.2
prepared_meals,6,13.45,20,10.76,31.5
prepared_meals,0,5.6,20,4.48,59.9
prepared_meals,2,8.58,0,8.58,23.1
prepared_meals,0,11.3,0,11.3,14.3
prepared_meals,3,13.02,0,13.02,12.9
prepared_meals,5,7.94,20,6.35,32.1
prepared_meals,2,2.09,0,2.09,12.4
prepared_meals,2,10.51,10,9.46,17.2
prepared_meals,7,3.98,20,3.18,27.5
prepared_meals,0,7.02,0,7.02,23.8
prepared_meals,0,7.1,20,5.68,40.5
prepared_meals,2,6.81,40,4.08,78.0
prepared_meals,0,6.25,0,6.25,22.9
prepared_meals,3,13.16,30,9.21,28.8
prepared_meals,6,12.77,10,11.49,18.5
prepared_meals,7,8.2,0,8.2,15.6
prepared_meals,7,13.9,0,13.9,16.1
prepared_meals,0,7.36,0,7.36,18.3
prepared_meals,4,12.78,30,8.94,24.0
prepared_meals,1,11.06,10,9.95,30.6
prepared_meals,7,7.41,40,4.44,42.8
prepared_meals,1,8.94,10,8.05,41.9
prepared_meals,6,13.63,50,6.82,83.9
prepared_meals,2,14.55,10,13.1,23.8
prepared_meals,3,13.12,20,10.49,21.4
prepared_meals,2,9.96,10,8.97,23.5
prepared_meals,3,9.13,50,4.56,85.8
prepared_meals,4,3.16,20,2.53,15.3
prepared_meals,0,11.4,0,11.4,18.3
prepared_meals,5,13.2,0,13.2,16.5
prepared_meals,1,6.49,0,6.49,17.3
prepared_meals,0,5.34,0,5.34,16.3
prepared_meals,0,2.33,20,1.86,20.3
prepared_meals,1,11.84,50,5.92,113.2
prepared_meals,4,9.12,0,9.12,12.8
prepared_meals,2,11.04,30,7.73,31.2
prepared_meals,7,14.2,50,7.1,61.2
prepared_meals,1,10.0,0,10.0,15.3
prepared_meals,5,7.12,0,7.12,15.7
prepared_meals,3,14.11,10,12.7,16.8
prepared_meals,4,3.68,0,3.68,12.0
prepared_meals,6,9.97,0,9.97,14.8
prepared_meals,4,4.87,10,4.38,21.2
prepared_meals,3,2.48,30,1.74,43.9
prepared_meals,1,12.44,30,8.71,44.4
prepared_meals,6,13.95,0,13.95,16.8
prepared_meals,4,13.93,20,11.14,20.6
prepared_meals,2,2.15,0,2.15,18.7
prepared_meals,6,13.45,40,8.07,77.0
prepared_meals,5,4.79,50,2.4,70.8
prepared_meals,5,12.25,10,11.03,21.4
prepared_meals,4,4.6,50,2.3,114.3
prepared_meals,1,5.18,0,5.18,12.1
prepared_meals,7,11.99,0,11.99,16.7
prepared_meals,2,4.29,50,2.14,128.4
prepared_meals,7,12.92,30,9.04,31.7
prepared_meals,7,2.67,0,2.67,20.3
prepared_meals,1,12.99,10,11.69,28.5
prepared_meals,4,2.26,0,2.26,15.6
prepared_meals,2,7.11,40,4.27,144.2
prepared_meals,1,13.27,20,10.61,25.3
prepared_meals,5,13.16,0,13.16,12.9
prepared_meals,7,12.82,50,6.41,103.2
prepared_meals,0,12.0,50,6.0,131.1
prepared_meals,2,5.44,20,4.35,30.8
prepared_meals,5,3.8,0,3.8,14.0
prepared_meals,5,9.02,20,7.22,32.0
prepared_meals,4,4.64,50,2.32,80.5
prepared_meals,6,10.94,30,7.66,28.9
prepared_meals,0,12.79,0,12.79,17.6
prepared_meals,3,4.39,20,3.51,40.9
prepared_meals,6,3.52,0,3.52,16.2
prepared_meals,4,3.98,50,1.99,68.0
prepared_meals,5,6.76,40,4.05,57.4
prepared_meals,4,8.05,0,8.05,19.4
prepared_meals,7,6.18,20,4.94,28.4
prepared_meals,5,7.13,0,7.13,11.1
prepared_meals,1,11.37,10,10.24,30.6
prepared_meals,4,4.79,10,4.31,18.8
prepared_meals,2,2.14,10,1.92,22.1
prepared_meals,2,4.41,20,3.52,20.8
prepared_meals,6,6.55,0,6.55,16.5
prepared_meals,3,13.7,0,13.7,22.6
prepared_meals,0,3.94,40,2.37,62.6
prepared_meals,7,5.93,20,4.74,21.0
prepared_meals,0,7.99,0,7.99,23.8
prepared_meals,6,5.29,30,3.71,54.0
prepared_meals,5,9.52,0,9.52,10.3
prepared_meals,6,7.13,0,7.13,11.7
prepared_meals,6,14.76,10,13.28,20.3
prepared_meals,1,13.85,20,11.08,20.4
prepared_meals,4,14.62,0,14.62,10.3
prepared_meals,2,14.83,20,11.86,21.6
prepared_meals,4,8.36,50,4.18,67.4
prepared_meals,4,8.94,20,7.15,23.0
prepared_meals,4,3.53,20,2.82,21.9
prepared_meals,7,13.1,10,11.79,12.8
prepared_meals,0,4.53,0,4.53,21.3
prepared_meals,1,11.4,20,9.12,34.5
prepared_meals,2,13.28,0,13.28,14.6
prepared_meals,1,10.54,10,9.48,34.9
prepared_meals,0,6.49,0,6.49,25.6
prepared_meals,2,14.68,40,8.81,57.0
prepared_meals,5,11.44,0,11.44,24.2
prepared_meals,0,6.03,40,3.62,100.7
prepared_meals,6,9.39,0,9.39,11.7
prepared_meals,0,5.67,0,5.67,36.9
prepared_meals,0,4.64,0,4.64,20.6
prepared_meals,5,6.26,0,6.26,17.4
prepared_meals,7,13.31,50,6.66,163.0
prepared_meals,0,13.44,40,8.07,49.7
prepared_meals,5,10.37,0,10.37,27.0
prepared_meals,6,7.62,0,7.62,14.7
prepared_meals,1,9.11,50,4.56,99.0
